2026-04-03 12:15:11.389 [background-preinit] INFO  o.h.validator.internal.util.Version - HV000001: Hibernate Validator 8.0.1.Final
2026-04-03 12:15:11.421 [main] INFO  c.zxw.treehole.TreeholeApplication - Starting TreeholeApplication using Java 21.0.10 with PID 25332 (D:\ai-treehole-project\treehole-server\target\classes started by 好颓废~ in D:\ai-treehole-project)
2026-04-03 12:15:11.421 [main] DEBUG c.zxw.treehole.TreeholeApplication - Running with Spring Boot v3.2.5, Spring v6.1.6
2026-04-03 12:15:11.422 [main] INFO  c.zxw.treehole.TreeholeApplication - The following 1 profile is active: "dev"
2026-04-03 12:15:12.858 [main] WARN  o.s.b.w.s.c.AnnotationConfigServletWebServerApplicationContext - Exception encountered during context initialization - cancelling refresh attempt: org.springframework.beans.factory.BeanDefinitionStoreException: I/O failure while processing configuration class [com.zxw.treehole.TreeholeApplication]
2026-04-03 12:15:12.886 [main] ERROR o.s.boot.SpringApplication - Application run failed
org.springframework.beans.factory.BeanDefinitionStoreException: I/O failure while processing configuration class [com.zxw.treehole.TreeholeApplication]
	at org.springframework.context.annotation.ConfigurationClassParser.processConfigurationClass(ConfigurationClassParser.java:251)
	at org.springframework.context.annotation.ConfigurationClassParser.parse(ConfigurationClassParser.java:197)
	at org.springframework.context.annotation.ConfigurationClassParser.parse(ConfigurationClassParser.java:165)
	at org.springframework.context.annotation.ConfigurationClassPostProcessor.processConfigBeanDefinitions(ConfigurationClassPostProcessor.java:416)
	at org.springframework.context.annotation.ConfigurationClassPostProcessor.postProcessBeanDefinitionRegistry(ConfigurationClassPostProcessor.java:289)
	at org.springframework.context.support.PostProcessorRegistrationDelegate.invokeBeanDefinitionRegistryPostProcessors(PostProcessorRegistrationDelegate.java:349)
	at org.springframework.context.support.PostProcessorRegistrationDelegate.invokeBeanFactoryPostProcessors(PostProcessorRegistrationDelegate.java:118)
	at org.springframework.context.support.AbstractApplicationContext.invokeBeanFactoryPostProcessors(AbstractApplicationContext.java:788)
	at org.springframework.context.support.AbstractApplicationContext.refresh(AbstractApplicationContext.java:606)
	at org.springframework.boot.web.servlet.context.ServletWebServerApplicationContext.refresh(ServletWebServerApplicationContext.java:146)
	at org.springframework.boot.SpringApplication.refresh(SpringApplication.java:754)
	at org.springframework.boot.SpringApplication.refreshContext(SpringApplication.java:456)
	at org.springframework.boot.SpringApplication.run(SpringApplication.java:334)
	at org.springframework.boot.SpringApplication.run(SpringApplication.java:1354)
	at org.springframework.boot.SpringApplication.run(SpringApplication.java:1343)
	at com.zxw.treehole.TreeholeApplication.main(TreeholeApplication.java:15)
Caused by: java.io.FileNotFoundException: class path resource [com/zxw/treehole/ai/config/AiModelConfiguration.class] cannot be opened because it does not exist
	at org.springframework.core.io.ClassPathResource.getInputStream(ClassPathResource.java:215)
	at org.springframework.core.type.classreading.SimpleMetadataReader.getClassReader(SimpleMetadataReader.java:54)
	at org.springframework.core.type.classreading.SimpleMetadataReader.<init>(SimpleMetadataReader.java:48)
	at org.springframework.core.type.classreading.SimpleMetadataReaderFactory.getMetadataReader(SimpleMetadataReaderFactory.java:103)
	at org.springframework.boot.type.classreading.ConcurrentReferenceCachingMetadataReaderFactory.createMetadataReader(ConcurrentReferenceCachingMetadataReaderFactory.java:86)
	at org.springframework.boot.type.classreading.ConcurrentReferenceCachingMetadataReaderFactory.getMetadataReader(ConcurrentReferenceCachingMetadataReaderFactory.java:73)
	at org.springframework.core.type.classreading.SimpleMetadataReaderFactory.getMetadataReader(SimpleMetadataReaderFactory.java:81)
	at org.springframework.context.annotation.ConfigurationClassParser.parse(ConfigurationClassParser.java:188)
	at org.springframework.context.annotation.ConfigurationClassParser.doProcessConfigurationClass(ConfigurationClassParser.java:314)
	at org.springframework.context.annotation.ConfigurationClassParser.processConfigurationClass(ConfigurationClassParser.java:246)
	... 15 common frames omitted
2026-04-03 12:17:10.480 [background-preinit] INFO  o.h.validator.internal.util.Version - HV000001: Hibernate Validator 8.0.1.Final
2026-04-03 12:17:10.511 [main] INFO  c.zxw.treehole.TreeholeApplication - Starting TreeholeApplication using Java 21.0.10 with PID 16664 (D:\ai-treehole-project\treehole-server\target\classes started by 好颓废~ in D:\ai-treehole-project)
2026-04-03 12:17:10.512 [main] DEBUG c.zxw.treehole.TreeholeApplication - Running with Spring Boot v3.2.5, Spring v6.1.6
2026-04-03 12:17:10.513 [main] INFO  c.zxw.treehole.TreeholeApplication - The following 1 profile is active: "dev"
2026-04-03 12:17:11.881 [main] INFO  o.s.d.r.c.RepositoryConfigurationDelegate - Multiple Spring Data modules found, entering strict repository configuration mode
2026-04-03 12:17:11.885 [main] INFO  o.s.d.r.c.RepositoryConfigurationDelegate - Bootstrapping Spring Data Redis repositories in DEFAULT mode.
2026-04-03 12:17:11.925 [main] INFO  o.s.d.r.c.RepositoryConfigurationDelegate - Finished Spring Data repository scanning in 22 ms. Found 0 Redis repository interfaces.
2026-04-03 12:17:12.801 [main] INFO  o.s.b.w.e.tomcat.TomcatWebServer - Tomcat initialized with port 8080 (http)
2026-04-03 12:17:12.825 [main] INFO  o.a.coyote.http11.Http11NioProtocol - Initializing ProtocolHandler ["http-nio-8080"]
2026-04-03 12:17:12.829 [main] INFO  o.a.catalina.core.StandardService - Starting service [Tomcat]
2026-04-03 12:17:12.829 [main] INFO  o.a.catalina.core.StandardEngine - Starting Servlet engine: [Apache Tomcat/10.1.20]
2026-04-03 12:17:12.935 [main] INFO  o.a.c.c.C.[Tomcat].[localhost].[/] - Initializing Spring embedded WebApplicationContext
2026-04-03 12:17:12.936 [main] INFO  o.s.b.w.s.c.ServletWebServerApplicationContext - Root WebApplicationContext: initialization completed in 2385 ms
2026-04-03 12:17:13.727 [main] DEBUG c.z.t.s.JwtAuthenticationFilter - Filter 'jwtAuthenticationFilter' configured for use
2026-04-03 12:17:15.233 [main] INFO  o.s.s.web.DefaultSecurityFilterChain - Will secure any request with [org.springframework.security.web.session.DisableEncodeUrlFilter@10ba9780, org.springframework.security.web.context.request.async.WebAsyncManagerIntegrationFilter@63636de0, org.springframework.security.web.context.SecurityContextHolderFilter@361b3ca6, org.springframework.security.web.header.HeaderWriterFilter@58afecfd, org.springframework.web.filter.CorsFilter@3494a35e, org.springframework.security.web.authentication.logout.LogoutFilter@6ed7b9c5, com.zxw.treehole.security.JwtAuthenticationFilter@a84338a, org.springframework.security.web.savedrequest.RequestCacheAwareFilter@575c23f1, org.springframework.security.web.servletapi.SecurityContextHolderAwareRequestFilter@62f7d7bd, org.springframework.security.web.authentication.AnonymousAuthenticationFilter@352ce817, org.springframework.security.web.session.SessionManagementFilter@206bd7a0, org.springframework.security.web.access.ExceptionTranslationFilter@2c4be45f, org.springframework.security.web.access.intercept.AuthorizationFilter@87f6ab5]
2026-04-03 12:17:15.640 [main] INFO  o.a.coyote.http11.Http11NioProtocol - Starting ProtocolHandler ["http-nio-8080"]
2026-04-03 12:17:15.686 [main] INFO  o.s.b.w.e.tomcat.TomcatWebServer - Tomcat started on port 8080 (http) with context path ''
2026-04-03 12:17:15.695 [main] INFO  c.zxw.treehole.TreeholeApplication - Started TreeholeApplication in 5.657 seconds (process running for 6.121)
2026-04-03 12:17:15.726 [main] INFO  com.zaxxer.hikari.HikariDataSource - HikariPool-1 - Starting...
2026-04-03 12:17:15.881 [main] INFO  com.zaxxer.hikari.pool.HikariPool - HikariPool-1 - Added connection com.mysql.cj.jdbc.ConnectionImpl@7f9d40b3
2026-04-03 12:17:15.884 [main] INFO  com.zaxxer.hikari.HikariDataSource - HikariPool-1 - Start completed.
2026-04-03 12:17:15.945 [main] DEBUG c.z.t.m.SysRoleMapper.selectCount - ==>  Preparing: SELECT COUNT( * ) AS total FROM sys_role WHERE (role_code = ?)
2026-04-03 12:17:15.967 [main] DEBUG c.z.t.m.SysRoleMapper.selectCount - ==> Parameters: ADMIN(String)
2026-04-03 12:17:15.991 [main] DEBUG c.z.t.m.SysRoleMapper.selectCount - <==      Total: 1
2026-04-03 12:17:15.995 [main] DEBUG c.z.t.m.SysRoleMapper.selectCount - ==>  Preparing: SELECT COUNT( * ) AS total FROM sys_role WHERE (role_code = ?)
2026-04-03 12:17:15.995 [main] DEBUG c.z.t.m.SysRoleMapper.selectCount - ==> Parameters: COUNSELOR(String)
2026-04-03 12:17:15.996 [main] DEBUG c.z.t.m.SysRoleMapper.selectCount - <==      Total: 1
2026-04-03 12:17:15.998 [main] DEBUG c.z.t.m.SysRoleMapper.selectCount - ==>  Preparing: SELECT COUNT( * ) AS total FROM sys_role WHERE (role_code = ?)
2026-04-03 12:17:15.998 [main] DEBUG c.z.t.m.SysRoleMapper.selectCount - ==> Parameters: STUDENT(String)
2026-04-03 12:17:16.000 [main] DEBUG c.z.t.m.SysRoleMapper.selectCount - <==      Total: 1
2026-04-03 12:17:16.003 [main] DEBUG c.z.t.m.SysUserMapper.selectList - ==>  Preparing: SELECT id,username,password,real_name,phone,email,student_no,class_name,counselor_id,avatar_url,status,deleted,create_time,update_time FROM sys_user WHERE deleted=0 AND (username = ? AND deleted = ?)
2026-04-03 12:17:16.005 [main] DEBUG c.z.t.m.SysUserMapper.selectList - ==> Parameters: admin(String), 0(Integer)
2026-04-03 12:17:16.012 [main] DEBUG c.z.t.m.SysUserMapper.selectList - <==      Total: 1
2026-04-03 12:17:16.014 [main] DEBUG c.z.t.m.SysUserMapper.selectList - ==>  Preparing: SELECT id,username,password,real_name,phone,email,student_no,class_name,counselor_id,avatar_url,status,deleted,create_time,update_time FROM sys_user WHERE deleted=0 AND (username = ? AND deleted = ?)
2026-04-03 12:17:16.014 [main] DEBUG c.z.t.m.SysUserMapper.selectList - ==> Parameters: counselor(String), 0(Integer)
2026-04-03 12:17:16.016 [main] DEBUG c.z.t.m.SysUserMapper.selectList - <==      Total: 1
2026-04-03 12:17:16.017 [main] DEBUG c.z.t.m.SysUserMapper.selectList - ==>  Preparing: SELECT id,username,password,real_name,phone,email,student_no,class_name,counselor_id,avatar_url,status,deleted,create_time,update_time FROM sys_user WHERE deleted=0 AND (username = ? AND deleted = ?)
2026-04-03 12:17:16.017 [main] DEBUG c.z.t.m.SysUserMapper.selectList - ==> Parameters: student(String), 0(Integer)
2026-04-03 12:17:16.019 [main] DEBUG c.z.t.m.SysUserMapper.selectList - <==      Total: 1
2026-04-03 12:17:16.022 [main] DEBUG c.z.t.m.AlertRuleMapper.selectCount - ==>  Preparing: SELECT COUNT( * ) AS total FROM alert_rule WHERE deleted=0 AND (rule_code = ? AND deleted = ?)
2026-04-03 12:17:16.022 [main] DEBUG c.z.t.m.AlertRuleMapper.selectCount - ==> Parameters: DEFAULT(String), 0(Integer)
2026-04-03 12:17:16.024 [main] DEBUG c.z.t.m.AlertRuleMapper.selectCount - <==      Total: 1
2026-04-03 12:17:16.024 [main] INFO  c.z.t.bootstrap.DataInitializer - 数据初始化检查完成（角色 + 演示账号 + 预警规则）
2026-04-03 12:17:40.084 [http-nio-8080-exec-1] INFO  o.a.c.c.C.[Tomcat].[localhost].[/] - Initializing Spring DispatcherServlet 'dispatcherServlet'
2026-04-03 12:17:40.084 [http-nio-8080-exec-1] INFO  o.s.web.servlet.DispatcherServlet - Initializing Servlet 'dispatcherServlet'
2026-04-03 12:17:40.085 [http-nio-8080-exec-1] INFO  o.s.web.servlet.DispatcherServlet - Completed initialization in 0 ms
2026-04-03 12:17:40.270 [http-nio-8080-exec-1] DEBUG c.z.t.m.SysUserMapper.selectList - ==>  Preparing: SELECT id,username,password,real_name,phone,email,student_no,class_name,counselor_id,avatar_url,status,deleted,create_time,update_time FROM sys_user WHERE deleted=0 AND (username = ? AND deleted = ?)
2026-04-03 12:17:40.270 [http-nio-8080-exec-1] DEBUG c.z.t.m.SysUserMapper.selectList - ==> Parameters: student(String), 0(Integer)
2026-04-03 12:17:40.272 [http-nio-8080-exec-1] DEBUG c.z.t.m.SysUserMapper.selectList - <==      Total: 1
2026-04-03 12:17:40.273 [http-nio-8080-exec-1] DEBUG c.z.t.m.SysUserRoleMapper.selectList - ==>  Preparing: SELECT id,user_id,role_id,create_time,update_time FROM sys_user_role WHERE (user_id = ?)
2026-04-03 12:17:40.274 [http-nio-8080-exec-1] DEBUG c.z.t.m.SysUserRoleMapper.selectList - ==> Parameters: 5(Long)
2026-04-03 12:17:40.275 [http-nio-8080-exec-1] DEBUG c.z.t.m.SysUserRoleMapper.selectList - <==      Total: 1
2026-04-03 12:17:40.277 [http-nio-8080-exec-1] DEBUG c.z.t.m.SysRoleMapper.selectList - ==>  Preparing: SELECT id,role_code,role_name,remark,create_time,update_time FROM sys_role WHERE (id IN (?))
2026-04-03 12:17:40.278 [http-nio-8080-exec-1] DEBUG c.z.t.m.SysRoleMapper.selectList - ==> Parameters: 3(Long)
2026-04-03 12:17:40.278 [http-nio-8080-exec-1] DEBUG c.z.t.m.SysRoleMapper.selectList - <==      Total: 1
2026-04-03 12:17:40.417 [http-nio-8080-exec-2] DEBUG c.z.t.m.SysUserMapper.selectList - ==>  Preparing: SELECT id,username,password,real_name,phone,email,student_no,class_name,counselor_id,avatar_url,status,deleted,create_time,update_time FROM sys_user WHERE deleted=0 AND (username = ? AND deleted = ?)
2026-04-03 12:17:40.417 [http-nio-8080-exec-2] DEBUG c.z.t.m.SysUserMapper.selectList - ==> Parameters: student(String), 0(Integer)
2026-04-03 12:17:40.418 [http-nio-8080-exec-2] DEBUG c.z.t.m.SysUserMapper.selectList - <==      Total: 1
2026-04-03 12:17:40.419 [http-nio-8080-exec-2] DEBUG c.z.t.m.SysUserRoleMapper.selectList - ==>  Preparing: SELECT id,user_id,role_id,create_time,update_time FROM sys_user_role WHERE (user_id = ?)
2026-04-03 12:17:40.419 [http-nio-8080-exec-2] DEBUG c.z.t.m.SysUserRoleMapper.selectList - ==> Parameters: 5(Long)
2026-04-03 12:17:40.420 [http-nio-8080-exec-2] DEBUG c.z.t.m.SysUserRoleMapper.selectList - <==      Total: 1
2026-04-03 12:17:40.420 [http-nio-8080-exec-2] DEBUG c.z.t.m.SysRoleMapper.selectList - ==>  Preparing: SELECT id,role_code,role_name,remark,create_time,update_time FROM sys_role WHERE (id IN (?))
2026-04-03 12:17:40.421 [http-nio-8080-exec-2] DEBUG c.z.t.m.SysRoleMapper.selectList - ==> Parameters: 3(Long)
2026-04-03 12:17:40.422 [http-nio-8080-exec-2] DEBUG c.z.t.m.SysRoleMapper.selectList - <==      Total: 1
2026-04-03 12:17:40.423 [http-nio-8080-exec-2] DEBUG c.z.t.m.SysUserMapper.selectById - ==>  Preparing: SELECT id,username,password,real_name,phone,email,student_no,class_name,counselor_id,avatar_url,status,deleted,create_time,update_time FROM sys_user WHERE id=? AND deleted=0
2026-04-03 12:17:40.424 [http-nio-8080-exec-2] DEBUG c.z.t.m.SysUserMapper.selectById - ==> Parameters: 5(Long)
2026-04-03 12:17:40.425 [http-nio-8080-exec-2] DEBUG c.z.t.m.SysUserMapper.selectById - <==      Total: 1
2026-04-03 12:17:40.426 [http-nio-8080-exec-2] DEBUG c.z.t.m.SysUserRoleMapper.selectList - ==>  Preparing: SELECT id,user_id,role_id,create_time,update_time FROM sys_user_role WHERE (user_id = ?)
2026-04-03 12:17:40.426 [http-nio-8080-exec-2] DEBUG c.z.t.m.SysUserRoleMapper.selectList - ==> Parameters: 5(Long)
2026-04-03 12:17:40.427 [http-nio-8080-exec-2] DEBUG c.z.t.m.SysUserRoleMapper.selectList - <==      Total: 1
2026-04-03 12:17:40.428 [http-nio-8080-exec-2] DEBUG c.z.t.m.SysRoleMapper.selectList - ==>  Preparing: SELECT id,role_code,role_name,remark,create_time,update_time FROM sys_role WHERE (id IN (?))
2026-04-03 12:17:40.428 [http-nio-8080-exec-2] DEBUG c.z.t.m.SysRoleMapper.selectList - ==> Parameters: 3(Long)
2026-04-03 12:17:40.429 [http-nio-8080-exec-2] DEBUG c.z.t.m.SysRoleMapper.selectList - <==      Total: 1
2026-04-03 12:17:40.430 [http-nio-8080-exec-2] DEBUG c.z.t.m.SysUserRoleMapper.selectList - ==>  Preparing: SELECT id,user_id,role_id,create_time,update_time FROM sys_user_role WHERE (user_id = ?)
2026-04-03 12:17:40.431 [http-nio-8080-exec-2] DEBUG c.z.t.m.SysUserRoleMapper.selectList - ==> Parameters: 5(Long)
2026-04-03 12:17:40.432 [http-nio-8080-exec-2] DEBUG c.z.t.m.SysUserRoleMapper.selectList - <==      Total: 1
2026-04-03 12:17:40.432 [http-nio-8080-exec-2] DEBUG c.z.t.m.SysRoleMapper.selectList - ==>  Preparing: SELECT id,role_code,role_name,remark,create_time,update_time FROM sys_role WHERE (id IN (?))
2026-04-03 12:17:40.433 [http-nio-8080-exec-2] DEBUG c.z.t.m.SysRoleMapper.selectList - ==> Parameters: 3(Long)
2026-04-03 12:17:40.433 [http-nio-8080-exec-2] DEBUG c.z.t.m.SysRoleMapper.selectList - <==      Total: 1
2026-04-03 12:17:44.200 [http-nio-8080-exec-3] DEBUG c.z.t.m.SysUserMapper.selectList - ==>  Preparing: SELECT id,username,password,real_name,phone,email,student_no,class_name,counselor_id,avatar_url,status,deleted,create_time,update_time FROM sys_user WHERE deleted=0 AND (username = ? AND deleted = ?)
2026-04-03 12:17:44.200 [http-nio-8080-exec-3] DEBUG c.z.t.m.SysUserMapper.selectList - ==> Parameters: student(String), 0(Integer)
2026-04-03 12:17:44.201 [http-nio-8080-exec-3] DEBUG c.z.t.m.SysUserMapper.selectList - <==      Total: 1
2026-04-03 12:17:44.203 [http-nio-8080-exec-3] DEBUG c.z.t.m.SysUserRoleMapper.selectList - ==>  Preparing: SELECT id,user_id,role_id,create_time,update_time FROM sys_user_role WHERE (user_id = ?)
2026-04-03 12:17:44.203 [http-nio-8080-exec-3] DEBUG c.z.t.m.SysUserRoleMapper.selectList - ==> Parameters: 5(Long)
2026-04-03 12:17:44.203 [http-nio-8080-exec-3] DEBUG c.z.t.m.SysUserRoleMapper.selectList - <==      Total: 1
2026-04-03 12:17:44.204 [http-nio-8080-exec-3] DEBUG c.z.t.m.SysRoleMapper.selectList - ==>  Preparing: SELECT id,role_code,role_name,remark,create_time,update_time FROM sys_role WHERE (id IN (?))
2026-04-03 12:17:44.204 [http-nio-8080-exec-3] DEBUG c.z.t.m.SysRoleMapper.selectList - ==> Parameters: 3(Long)
2026-04-03 12:17:44.204 [http-nio-8080-exec-3] DEBUG c.z.t.m.SysRoleMapper.selectList - <==      Total: 1
2026-04-03 12:17:44.206 [http-nio-8080-exec-3] DEBUG c.z.t.m.SysUserMapper.selectById - ==>  Preparing: SELECT id,username,password,real_name,phone,email,student_no,class_name,counselor_id,avatar_url,status,deleted,create_time,update_time FROM sys_user WHERE id=? AND deleted=0
2026-04-03 12:17:44.206 [http-nio-8080-exec-3] DEBUG c.z.t.m.SysUserMapper.selectById - ==> Parameters: 5(Long)
2026-04-03 12:17:44.208 [http-nio-8080-exec-3] DEBUG c.z.t.m.SysUserMapper.selectById - <==      Total: 1
2026-04-03 12:17:44.209 [http-nio-8080-exec-3] DEBUG c.z.t.m.SysUserRoleMapper.selectList - ==>  Preparing: SELECT id,user_id,role_id,create_time,update_time FROM sys_user_role WHERE (user_id = ?)
2026-04-03 12:17:44.209 [http-nio-8080-exec-3] DEBUG c.z.t.m.SysUserRoleMapper.selectList - ==> Parameters: 5(Long)
2026-04-03 12:17:44.211 [http-nio-8080-exec-3] DEBUG c.z.t.m.SysUserRoleMapper.selectList - <==      Total: 1
2026-04-03 12:17:44.212 [http-nio-8080-exec-3] DEBUG c.z.t.m.SysRoleMapper.selectList - ==>  Preparing: SELECT id,role_code,role_name,remark,create_time,update_time FROM sys_role WHERE (id IN (?))
2026-04-03 12:17:44.212 [http-nio-8080-exec-3] DEBUG c.z.t.m.SysRoleMapper.selectList - ==> Parameters: 3(Long)
2026-04-03 12:17:44.212 [http-nio-8080-exec-3] DEBUG c.z.t.m.SysRoleMapper.selectList - <==      Total: 1
2026-04-03 12:17:44.214 [http-nio-8080-exec-3] DEBUG c.z.t.m.SysUserRoleMapper.selectList - ==>  Preparing: SELECT id,user_id,role_id,create_time,update_time FROM sys_user_role WHERE (user_id = ?)
2026-04-03 12:17:44.214 [http-nio-8080-exec-3] DEBUG c.z.t.m.SysUserRoleMapper.selectList - ==> Parameters: 5(Long)
2026-04-03 12:17:44.215 [http-nio-8080-exec-3] DEBUG c.z.t.m.SysUserRoleMapper.selectList - <==      Total: 1
2026-04-03 12:17:44.215 [http-nio-8080-exec-3] DEBUG c.z.t.m.SysRoleMapper.selectList - ==>  Preparing: SELECT id,role_code,role_name,remark,create_time,update_time FROM sys_role WHERE (id IN (?))
2026-04-03 12:17:44.215 [http-nio-8080-exec-3] DEBUG c.z.t.m.SysRoleMapper.selectList - ==> Parameters: 3(Long)
2026-04-03 12:17:44.217 [http-nio-8080-exec-3] DEBUG c.z.t.m.SysRoleMapper.selectList - <==      Total: 1
2026-04-03 12:17:47.436 [http-nio-8080-exec-4] DEBUG c.z.t.m.SysUserMapper.selectList - ==>  Preparing: SELECT id,username,password,real_name,phone,email,student_no,class_name,counselor_id,avatar_url,status,deleted,create_time,update_time FROM sys_user WHERE deleted=0 AND (username = ? AND deleted = ?)
2026-04-03 12:17:47.437 [http-nio-8080-exec-4] DEBUG c.z.t.m.SysUserMapper.selectList - ==> Parameters: student(String), 0(Integer)
2026-04-03 12:17:47.438 [http-nio-8080-exec-4] DEBUG c.z.t.m.SysUserMapper.selectList - <==      Total: 1
2026-04-03 12:17:47.439 [http-nio-8080-exec-4] DEBUG c.z.t.m.SysUserRoleMapper.selectList - ==>  Preparing: SELECT id,user_id,role_id,create_time,update_time FROM sys_user_role WHERE (user_id = ?)
2026-04-03 12:17:47.440 [http-nio-8080-exec-4] DEBUG c.z.t.m.SysUserRoleMapper.selectList - ==> Parameters: 5(Long)
2026-04-03 12:17:47.440 [http-nio-8080-exec-4] DEBUG c.z.t.m.SysUserRoleMapper.selectList - <==      Total: 1
2026-04-03 12:17:47.441 [http-nio-8080-exec-4] DEBUG c.z.t.m.SysRoleMapper.selectList - ==>  Preparing: SELECT id,role_code,role_name,remark,create_time,update_time FROM sys_role WHERE (id IN (?))
2026-04-03 12:17:47.442 [http-nio-8080-exec-4] DEBUG c.z.t.m.SysRoleMapper.selectList - ==> Parameters: 3(Long)
2026-04-03 12:17:47.443 [http-nio-8080-exec-4] DEBUG c.z.t.m.SysRoleMapper.selectList - <==      Total: 1
2026-04-03 12:17:47.467 [http-nio-8080-exec-4] DEBUG c.z.t.m.A.selectList - ==>  Preparing: SELECT id,user_id,title,last_message_at,deleted,create_time,update_time FROM ai_chat_session WHERE deleted=0 AND (user_id = ? AND deleted = ?) ORDER BY last_message_at DESC,id DESC
2026-04-03 12:17:47.469 [http-nio-8080-exec-4] DEBUG c.z.t.m.A.selectList - ==> Parameters: 5(Long), 0(Integer)
2026-04-03 12:17:47.471 [http-nio-8080-exec-4] DEBUG c.z.t.m.A.selectList - <==      Total: 1
2026-04-03 12:22:18.753 [http-nio-8080-exec-5] DEBUG c.z.t.m.SysUserMapper.selectList - ==>  Preparing: SELECT id,username,password,real_name,phone,email,student_no,class_name,counselor_id,avatar_url,status,deleted,create_time,update_time FROM sys_user WHERE deleted=0 AND (username = ? AND deleted = ?)
2026-04-03 12:22:18.753 [http-nio-8080-exec-5] DEBUG c.z.t.m.SysUserMapper.selectList - ==> Parameters: student(String), 0(Integer)
2026-04-03 12:22:18.755 [http-nio-8080-exec-5] DEBUG c.z.t.m.SysUserMapper.selectList - <==      Total: 1
2026-04-03 12:22:18.756 [http-nio-8080-exec-5] DEBUG c.z.t.m.SysUserRoleMapper.selectList - ==>  Preparing: SELECT id,user_id,role_id,create_time,update_time FROM sys_user_role WHERE (user_id = ?)
2026-04-03 12:22:18.756 [http-nio-8080-exec-5] DEBUG c.z.t.m.SysUserRoleMapper.selectList - ==> Parameters: 5(Long)
2026-04-03 12:22:18.758 [http-nio-8080-exec-5] DEBUG c.z.t.m.SysUserRoleMapper.selectList - <==      Total: 1
2026-04-03 12:22:18.758 [http-nio-8080-exec-5] DEBUG c.z.t.m.SysRoleMapper.selectList - ==>  Preparing: SELECT id,role_code,role_name,remark,create_time,update_time FROM sys_role WHERE (id IN (?))
2026-04-03 12:22:18.760 [http-nio-8080-exec-5] DEBUG c.z.t.m.SysRoleMapper.selectList - ==> Parameters: 3(Long)
2026-04-03 12:22:18.760 [http-nio-8080-exec-5] DEBUG c.z.t.m.SysRoleMapper.selectList - <==      Total: 1
2026-04-03 12:22:18.762 [http-nio-8080-exec-5] DEBUG c.z.t.m.SysUserMapper.selectById - ==>  Preparing: SELECT id,username,password,real_name,phone,email,student_no,class_name,counselor_id,avatar_url,status,deleted,create_time,update_time FROM sys_user WHERE id=? AND deleted=0
2026-04-03 12:22:18.762 [http-nio-8080-exec-5] DEBUG c.z.t.m.SysUserMapper.selectById - ==> Parameters: 5(Long)
2026-04-03 12:22:18.763 [http-nio-8080-exec-5] DEBUG c.z.t.m.SysUserMapper.selectById - <==      Total: 1
2026-04-03 12:22:18.763 [http-nio-8080-exec-5] DEBUG c.z.t.m.SysUserRoleMapper.selectList - ==>  Preparing: SELECT id,user_id,role_id,create_time,update_time FROM sys_user_role WHERE (user_id = ?)
2026-04-03 12:22:18.764 [http-nio-8080-exec-5] DEBUG c.z.t.m.SysUserRoleMapper.selectList - ==> Parameters: 5(Long)
2026-04-03 12:22:18.764 [http-nio-8080-exec-5] DEBUG c.z.t.m.SysUserRoleMapper.selectList - <==      Total: 1
2026-04-03 12:22:18.766 [http-nio-8080-exec-5] DEBUG c.z.t.m.SysRoleMapper.selectList - ==>  Preparing: SELECT id,role_code,role_name,remark,create_time,update_time FROM sys_role WHERE (id IN (?))
2026-04-03 12:22:18.766 [http-nio-8080-exec-5] DEBUG c.z.t.m.SysRoleMapper.selectList - ==> Parameters: 3(Long)
2026-04-03 12:22:18.766 [http-nio-8080-exec-5] DEBUG c.z.t.m.SysRoleMapper.selectList - <==      Total: 1
2026-04-03 12:22:18.767 [http-nio-8080-exec-5] DEBUG c.z.t.m.SysUserRoleMapper.selectList - ==>  Preparing: SELECT id,user_id,role_id,create_time,update_time FROM sys_user_role WHERE (user_id = ?)
2026-04-03 12:22:18.768 [http-nio-8080-exec-5] DEBUG c.z.t.m.SysUserRoleMapper.selectList - ==> Parameters: 5(Long)
2026-04-03 12:22:18.770 [http-nio-8080-exec-5] DEBUG c.z.t.m.SysUserRoleMapper.selectList - <==      Total: 1
2026-04-03 12:22:18.771 [http-nio-8080-exec-5] DEBUG c.z.t.m.SysRoleMapper.selectList - ==>  Preparing: SELECT id,role_code,role_name,remark,create_time,update_time FROM sys_role WHERE (id IN (?))
2026-04-03 12:22:18.771 [http-nio-8080-exec-5] DEBUG c.z.t.m.SysRoleMapper.selectList - ==> Parameters: 3(Long)
2026-04-03 12:22:18.771 [http-nio-8080-exec-5] DEBUG c.z.t.m.SysRoleMapper.selectList - <==      Total: 1
2026-04-03 12:24:14.547 [http-nio-8080-exec-6] DEBUG c.z.t.m.SysUserMapper.selectList - ==>  Preparing: SELECT id,username,password,real_name,phone,email,student_no,class_name,counselor_id,avatar_url,status,deleted,create_time,update_time FROM sys_user WHERE deleted=0 AND (username = ? AND deleted = ?)
2026-04-03 12:24:14.547 [http-nio-8080-exec-6] DEBUG c.z.t.m.SysUserMapper.selectList - ==> Parameters: student(String), 0(Integer)
2026-04-03 12:24:14.548 [http-nio-8080-exec-6] DEBUG c.z.t.m.SysUserMapper.selectList - <==      Total: 1
2026-04-03 12:24:14.550 [http-nio-8080-exec-6] DEBUG c.z.t.m.SysUserRoleMapper.selectList - ==>  Preparing: SELECT id,user_id,role_id,create_time,update_time FROM sys_user_role WHERE (user_id = ?)
2026-04-03 12:24:14.550 [http-nio-8080-exec-6] DEBUG c.z.t.m.SysUserRoleMapper.selectList - ==> Parameters: 5(Long)
2026-04-03 12:24:14.551 [http-nio-8080-exec-6] DEBUG c.z.t.m.SysUserRoleMapper.selectList - <==      Total: 1
2026-04-03 12:24:14.553 [http-nio-8080-exec-6] DEBUG c.z.t.m.SysRoleMapper.selectList - ==>  Preparing: SELECT id,role_code,role_name,remark,create_time,update_time FROM sys_role WHERE (id IN (?))
2026-04-03 12:24:14.554 [http-nio-8080-exec-6] DEBUG c.z.t.m.SysRoleMapper.selectList - ==> Parameters: 3(Long)
2026-04-03 12:24:14.555 [http-nio-8080-exec-6] DEBUG c.z.t.m.SysRoleMapper.selectList - <==      Total: 1
2026-04-03 12:24:14.557 [http-nio-8080-exec-6] DEBUG c.z.t.m.SysUserMapper.selectById - ==>  Preparing: SELECT id,username,password,real_name,phone,email,student_no,class_name,counselor_id,avatar_url,status,deleted,create_time,update_time FROM sys_user WHERE id=? AND deleted=0
2026-04-03 12:24:14.557 [http-nio-8080-exec-6] DEBUG c.z.t.m.SysUserMapper.selectById - ==> Parameters: 5(Long)
2026-04-03 12:24:14.558 [http-nio-8080-exec-6] DEBUG c.z.t.m.SysUserMapper.selectById - <==      Total: 1
2026-04-03 12:24:14.560 [http-nio-8080-exec-6] DEBUG c.z.t.m.SysUserRoleMapper.selectList - ==>  Preparing: SELECT id,user_id,role_id,create_time,update_time FROM sys_user_role WHERE (user_id = ?)
2026-04-03 12:24:14.560 [http-nio-8080-exec-6] DEBUG c.z.t.m.SysUserRoleMapper.selectList - ==> Parameters: 5(Long)
2026-04-03 12:24:14.561 [http-nio-8080-exec-6] DEBUG c.z.t.m.SysUserRoleMapper.selectList - <==      Total: 1
2026-04-03 12:24:14.561 [http-nio-8080-exec-6] DEBUG c.z.t.m.SysRoleMapper.selectList - ==>  Preparing: SELECT id,role_code,role_name,remark,create_time,update_time FROM sys_role WHERE (id IN (?))
2026-04-03 12:24:14.563 [http-nio-8080-exec-6] DEBUG c.z.t.m.SysRoleMapper.selectList - ==> Parameters: 3(Long)
2026-04-03 12:24:14.564 [http-nio-8080-exec-6] DEBUG c.z.t.m.SysRoleMapper.selectList - <==      Total: 1
2026-04-03 12:24:14.566 [http-nio-8080-exec-6] DEBUG c.z.t.m.SysUserRoleMapper.selectList - ==>  Preparing: SELECT id,user_id,role_id,create_time,update_time FROM sys_user_role WHERE (user_id = ?)
2026-04-03 12:24:14.566 [http-nio-8080-exec-6] DEBUG c.z.t.m.SysUserRoleMapper.selectList - ==> Parameters: 5(Long)
2026-04-03 12:24:14.567 [http-nio-8080-exec-6] DEBUG c.z.t.m.SysUserRoleMapper.selectList - <==      Total: 1
2026-04-03 12:24:14.569 [http-nio-8080-exec-6] DEBUG c.z.t.m.SysRoleMapper.selectList - ==>  Preparing: SELECT id,role_code,role_name,remark,create_time,update_time FROM sys_role WHERE (id IN (?))
2026-04-03 12:24:14.570 [http-nio-8080-exec-6] DEBUG c.z.t.m.SysRoleMapper.selectList - ==> Parameters: 3(Long)
2026-04-03 12:24:14.571 [http-nio-8080-exec-6] DEBUG c.z.t.m.SysRoleMapper.selectList - <==      Total: 1
2026-04-03 12:24:17.974 [http-nio-8080-exec-7] DEBUG c.z.t.m.SysUserMapper.selectList - ==>  Preparing: SELECT id,username,password,real_name,phone,email,student_no,class_name,counselor_id,avatar_url,status,deleted,create_time,update_time FROM sys_user WHERE deleted=0 AND (username = ? AND deleted = ?)
2026-04-03 12:24:17.974 [http-nio-8080-exec-7] DEBUG c.z.t.m.SysUserMapper.selectList - ==> Parameters: student(String), 0(Integer)
2026-04-03 12:24:17.975 [http-nio-8080-exec-7] DEBUG c.z.t.m.SysUserMapper.selectList - <==      Total: 1
2026-04-03 12:24:17.977 [http-nio-8080-exec-7] DEBUG c.z.t.m.SysUserRoleMapper.selectList - ==>  Preparing: SELECT id,user_id,role_id,create_time,update_time FROM sys_user_role WHERE (user_id = ?)
2026-04-03 12:24:17.977 [http-nio-8080-exec-7] DEBUG c.z.t.m.SysUserRoleMapper.selectList - ==> Parameters: 5(Long)
2026-04-03 12:24:17.979 [http-nio-8080-exec-7] DEBUG c.z.t.m.SysUserRoleMapper.selectList - <==      Total: 1
2026-04-03 12:24:17.979 [http-nio-8080-exec-7] DEBUG c.z.t.m.SysRoleMapper.selectList - ==>  Preparing: SELECT id,role_code,role_name,remark,create_time,update_time FROM sys_role WHERE (id IN (?))
2026-04-03 12:24:17.980 [http-nio-8080-exec-7] DEBUG c.z.t.m.SysRoleMapper.selectList - ==> Parameters: 3(Long)
2026-04-03 12:24:17.980 [http-nio-8080-exec-7] DEBUG c.z.t.m.SysRoleMapper.selectList - <==      Total: 1
2026-04-03 12:24:17.982 [http-nio-8080-exec-7] DEBUG c.z.t.m.A.selectList - ==>  Preparing: SELECT id,user_id,title,last_message_at,deleted,create_time,update_time FROM ai_chat_session WHERE deleted=0 AND (user_id = ? AND deleted = ?) ORDER BY last_message_at DESC,id DESC
2026-04-03 12:24:17.983 [http-nio-8080-exec-7] DEBUG c.z.t.m.A.selectList - ==> Parameters: 5(Long), 0(Integer)
2026-04-03 12:24:17.985 [http-nio-8080-exec-7] DEBUG c.z.t.m.A.selectList - <==      Total: 1
2026-04-03 12:24:21.782 [http-nio-8080-exec-8] DEBUG c.z.t.m.SysUserMapper.selectList - ==>  Preparing: SELECT id,username,password,real_name,phone,email,student_no,class_name,counselor_id,avatar_url,status,deleted,create_time,update_time FROM sys_user WHERE deleted=0 AND (username = ? AND deleted = ?)
2026-04-03 12:24:21.782 [http-nio-8080-exec-8] DEBUG c.z.t.m.SysUserMapper.selectList - ==> Parameters: student(String), 0(Integer)
2026-04-03 12:24:21.783 [http-nio-8080-exec-8] DEBUG c.z.t.m.SysUserMapper.selectList - <==      Total: 1
2026-04-03 12:24:21.783 [http-nio-8080-exec-8] DEBUG c.z.t.m.SysUserRoleMapper.selectList - ==>  Preparing: SELECT id,user_id,role_id,create_time,update_time FROM sys_user_role WHERE (user_id = ?)
2026-04-03 12:24:21.785 [http-nio-8080-exec-8] DEBUG c.z.t.m.SysUserRoleMapper.selectList - ==> Parameters: 5(Long)
2026-04-03 12:24:21.786 [http-nio-8080-exec-8] DEBUG c.z.t.m.SysUserRoleMapper.selectList - <==      Total: 1
2026-04-03 12:24:21.790 [http-nio-8080-exec-8] DEBUG c.z.t.m.SysRoleMapper.selectList - ==>  Preparing: SELECT id,role_code,role_name,remark,create_time,update_time FROM sys_role WHERE (id IN (?))
2026-04-03 12:24:21.791 [http-nio-8080-exec-8] DEBUG c.z.t.m.SysRoleMapper.selectList - ==> Parameters: 3(Long)
2026-04-03 12:24:21.792 [http-nio-8080-exec-8] DEBUG c.z.t.m.SysRoleMapper.selectList - <==      Total: 1
2026-04-03 12:24:21.793 [http-nio-8080-exec-8] DEBUG c.z.t.m.SysUserMapper.selectById - ==>  Preparing: SELECT id,username,password,real_name,phone,email,student_no,class_name,counselor_id,avatar_url,status,deleted,create_time,update_time FROM sys_user WHERE id=? AND deleted=0
2026-04-03 12:24:21.795 [http-nio-8080-exec-8] DEBUG c.z.t.m.SysUserMapper.selectById - ==> Parameters: 5(Long)
2026-04-03 12:24:21.795 [http-nio-8080-exec-8] DEBUG c.z.t.m.SysUserMapper.selectById - <==      Total: 1
2026-04-03 12:24:21.797 [http-nio-8080-exec-8] DEBUG c.z.t.m.SysUserRoleMapper.selectList - ==>  Preparing: SELECT id,user_id,role_id,create_time,update_time FROM sys_user_role WHERE (user_id = ?)
2026-04-03 12:24:21.797 [http-nio-8080-exec-8] DEBUG c.z.t.m.SysUserRoleMapper.selectList - ==> Parameters: 5(Long)
2026-04-03 12:24:21.798 [http-nio-8080-exec-8] DEBUG c.z.t.m.SysUserRoleMapper.selectList - <==      Total: 1
2026-04-03 12:24:21.800 [http-nio-8080-exec-8] DEBUG c.z.t.m.SysRoleMapper.selectList - ==>  Preparing: SELECT id,role_code,role_name,remark,create_time,update_time FROM sys_role WHERE (id IN (?))
2026-04-03 12:24:21.800 [http-nio-8080-exec-8] DEBUG c.z.t.m.SysRoleMapper.selectList - ==> Parameters: 3(Long)
2026-04-03 12:24:21.800 [http-nio-8080-exec-8] DEBUG c.z.t.m.SysRoleMapper.selectList - <==      Total: 1
2026-04-03 12:24:21.801 [http-nio-8080-exec-8] DEBUG c.z.t.m.SysUserRoleMapper.selectList - ==>  Preparing: SELECT id,user_id,role_id,create_time,update_time FROM sys_user_role WHERE (user_id = ?)
2026-04-03 12:24:21.801 [http-nio-8080-exec-8] DEBUG c.z.t.m.SysUserRoleMapper.selectList - ==> Parameters: 5(Long)
2026-04-03 12:24:21.803 [http-nio-8080-exec-8] DEBUG c.z.t.m.SysUserRoleMapper.selectList - <==      Total: 1
2026-04-03 12:24:21.804 [http-nio-8080-exec-8] DEBUG c.z.t.m.SysRoleMapper.selectList - ==>  Preparing: SELECT id,role_code,role_name,remark,create_time,update_time FROM sys_role WHERE (id IN (?))
2026-04-03 12:24:21.804 [http-nio-8080-exec-8] DEBUG c.z.t.m.SysRoleMapper.selectList - ==> Parameters: 3(Long)
2026-04-03 12:24:21.806 [http-nio-8080-exec-8] DEBUG c.z.t.m.SysRoleMapper.selectList - <==      Total: 1
2026-04-03 12:24:25.428 [http-nio-8080-exec-9] DEBUG c.z.t.m.SysUserMapper.selectList - ==>  Preparing: SELECT id,username,password,real_name,phone,email,student_no,class_name,counselor_id,avatar_url,status,deleted,create_time,update_time FROM sys_user WHERE deleted=0 AND (username = ? AND deleted = ?)
2026-04-03 12:24:25.428 [http-nio-8080-exec-9] DEBUG c.z.t.m.SysUserMapper.selectList - ==> Parameters: student(String), 0(Integer)
2026-04-03 12:24:25.431 [http-nio-8080-exec-9] DEBUG c.z.t.m.SysUserMapper.selectList - <==      Total: 1
2026-04-03 12:24:25.432 [http-nio-8080-exec-9] DEBUG c.z.t.m.SysUserRoleMapper.selectList - ==>  Preparing: SELECT id,user_id,role_id,create_time,update_time FROM sys_user_role WHERE (user_id = ?)
2026-04-03 12:24:25.433 [http-nio-8080-exec-9] DEBUG c.z.t.m.SysUserRoleMapper.selectList - ==> Parameters: 5(Long)
2026-04-03 12:24:25.434 [http-nio-8080-exec-9] DEBUG c.z.t.m.SysUserRoleMapper.selectList - <==      Total: 1
2026-04-03 12:24:25.439 [http-nio-8080-exec-9] DEBUG c.z.t.m.SysRoleMapper.selectList - ==>  Preparing: SELECT id,role_code,role_name,remark,create_time,update_time FROM sys_role WHERE (id IN (?))
2026-04-03 12:24:25.440 [http-nio-8080-exec-9] DEBUG c.z.t.m.SysRoleMapper.selectList - ==> Parameters: 3(Long)
2026-04-03 12:24:25.440 [http-nio-8080-exec-9] DEBUG c.z.t.m.SysRoleMapper.selectList - <==      Total: 1
2026-04-03 12:24:25.442 [http-nio-8080-exec-9] DEBUG c.z.t.m.SysUserMapper.selectById - ==>  Preparing: SELECT id,username,password,real_name,phone,email,student_no,class_name,counselor_id,avatar_url,status,deleted,create_time,update_time FROM sys_user WHERE id=? AND deleted=0
2026-04-03 12:24:25.442 [http-nio-8080-exec-9] DEBUG c.z.t.m.SysUserMapper.selectById - ==> Parameters: 5(Long)
2026-04-03 12:24:25.444 [http-nio-8080-exec-9] DEBUG c.z.t.m.SysUserMapper.selectById - <==      Total: 1
2026-04-03 12:24:25.446 [http-nio-8080-exec-9] DEBUG c.z.t.m.SysUserRoleMapper.selectList - ==>  Preparing: SELECT id,user_id,role_id,create_time,update_time FROM sys_user_role WHERE (user_id = ?)
2026-04-03 12:24:25.447 [http-nio-8080-exec-9] DEBUG c.z.t.m.SysUserRoleMapper.selectList - ==> Parameters: 5(Long)
2026-04-03 12:24:25.448 [http-nio-8080-exec-9] DEBUG c.z.t.m.SysUserRoleMapper.selectList - <==      Total: 1
2026-04-03 12:24:25.449 [http-nio-8080-exec-9] DEBUG c.z.t.m.SysRoleMapper.selectList - ==>  Preparing: SELECT id,role_code,role_name,remark,create_time,update_time FROM sys_role WHERE (id IN (?))
2026-04-03 12:24:25.450 [http-nio-8080-exec-9] DEBUG c.z.t.m.SysRoleMapper.selectList - ==> Parameters: 3(Long)
2026-04-03 12:24:25.451 [http-nio-8080-exec-9] DEBUG c.z.t.m.SysRoleMapper.selectList - <==      Total: 1
2026-04-03 12:24:25.452 [http-nio-8080-exec-9] DEBUG c.z.t.m.SysUserRoleMapper.selectList - ==>  Preparing: SELECT id,user_id,role_id,create_time,update_time FROM sys_user_role WHERE (user_id = ?)
2026-04-03 12:24:25.453 [http-nio-8080-exec-9] DEBUG c.z.t.m.SysUserRoleMapper.selectList - ==> Parameters: 5(Long)
2026-04-03 12:24:25.453 [http-nio-8080-exec-9] DEBUG c.z.t.m.SysUserRoleMapper.selectList - <==      Total: 1
2026-04-03 12:24:25.454 [http-nio-8080-exec-9] DEBUG c.z.t.m.SysRoleMapper.selectList - ==>  Preparing: SELECT id,role_code,role_name,remark,create_time,update_time FROM sys_role WHERE (id IN (?))
2026-04-03 12:24:25.456 [http-nio-8080-exec-9] DEBUG c.z.t.m.SysRoleMapper.selectList - ==> Parameters: 3(Long)
2026-04-03 12:24:25.456 [http-nio-8080-exec-9] DEBUG c.z.t.m.SysRoleMapper.selectList - <==      Total: 1
2026-04-03 12:24:27.311 [http-nio-8080-exec-10] DEBUG c.z.t.m.SysUserMapper.selectList - ==>  Preparing: SELECT id,username,password,real_name,phone,email,student_no,class_name,counselor_id,avatar_url,status,deleted,create_time,update_time FROM sys_user WHERE deleted=0 AND (username = ? AND deleted = ?)
2026-04-03 12:24:27.313 [http-nio-8080-exec-10] DEBUG c.z.t.m.SysUserMapper.selectList - ==> Parameters: student(String), 0(Integer)
2026-04-03 12:24:27.315 [http-nio-8080-exec-10] DEBUG c.z.t.m.SysUserMapper.selectList - <==      Total: 1
2026-04-03 12:24:27.316 [http-nio-8080-exec-10] DEBUG c.z.t.m.SysUserRoleMapper.selectList - ==>  Preparing: SELECT id,user_id,role_id,create_time,update_time FROM sys_user_role WHERE (user_id = ?)
2026-04-03 12:24:27.316 [http-nio-8080-exec-10] DEBUG c.z.t.m.SysUserRoleMapper.selectList - ==> Parameters: 5(Long)
2026-04-03 12:24:27.317 [http-nio-8080-exec-10] DEBUG c.z.t.m.SysUserRoleMapper.selectList - <==      Total: 1
2026-04-03 12:24:27.318 [http-nio-8080-exec-10] DEBUG c.z.t.m.SysRoleMapper.selectList - ==>  Preparing: SELECT id,role_code,role_name,remark,create_time,update_time FROM sys_role WHERE (id IN (?))
2026-04-03 12:24:27.318 [http-nio-8080-exec-10] DEBUG c.z.t.m.SysRoleMapper.selectList - ==> Parameters: 3(Long)
2026-04-03 12:24:27.319 [http-nio-8080-exec-10] DEBUG c.z.t.m.SysRoleMapper.selectList - <==      Total: 1
2026-04-03 12:24:27.321 [http-nio-8080-exec-10] DEBUG c.z.t.m.A.selectList - ==>  Preparing: SELECT id,user_id,title,last_message_at,deleted,create_time,update_time FROM ai_chat_session WHERE deleted=0 AND (user_id = ? AND deleted = ?) ORDER BY last_message_at DESC,id DESC
2026-04-03 12:24:27.321 [http-nio-8080-exec-10] DEBUG c.z.t.m.A.selectList - ==> Parameters: 5(Long), 0(Integer)
2026-04-03 12:24:27.323 [http-nio-8080-exec-10] DEBUG c.z.t.m.A.selectList - <==      Total: 1
2026-04-03 12:24:35.754 [http-nio-8080-exec-1] DEBUG c.z.t.m.SysUserMapper.selectList - ==>  Preparing: SELECT id,username,password,real_name,phone,email,student_no,class_name,counselor_id,avatar_url,status,deleted,create_time,update_time FROM sys_user WHERE deleted=0 AND (username = ? AND deleted = ?)
2026-04-03 12:24:35.756 [http-nio-8080-exec-1] DEBUG c.z.t.m.SysUserMapper.selectList - ==> Parameters: student(String), 0(Integer)
2026-04-03 12:24:35.758 [http-nio-8080-exec-1] DEBUG c.z.t.m.SysUserMapper.selectList - <==      Total: 1
2026-04-03 12:24:35.758 [http-nio-8080-exec-1] DEBUG c.z.t.m.SysUserRoleMapper.selectList - ==>  Preparing: SELECT id,user_id,role_id,create_time,update_time FROM sys_user_role WHERE (user_id = ?)
2026-04-03 12:24:35.758 [http-nio-8080-exec-1] DEBUG c.z.t.m.SysUserRoleMapper.selectList - ==> Parameters: 5(Long)
2026-04-03 12:24:35.759 [http-nio-8080-exec-1] DEBUG c.z.t.m.SysUserRoleMapper.selectList - <==      Total: 1
2026-04-03 12:24:35.760 [http-nio-8080-exec-1] DEBUG c.z.t.m.SysRoleMapper.selectList - ==>  Preparing: SELECT id,role_code,role_name,remark,create_time,update_time FROM sys_role WHERE (id IN (?))
2026-04-03 12:24:35.761 [http-nio-8080-exec-1] DEBUG c.z.t.m.SysRoleMapper.selectList - ==> Parameters: 3(Long)
2026-04-03 12:24:35.761 [http-nio-8080-exec-1] DEBUG c.z.t.m.SysRoleMapper.selectList - <==      Total: 1
2026-04-03 12:24:35.762 [http-nio-8080-exec-1] DEBUG c.z.t.m.A.selectList - ==>  Preparing: SELECT id,user_id,title,last_message_at,deleted,create_time,update_time FROM ai_chat_session WHERE deleted=0 AND (user_id = ? AND deleted = ?) ORDER BY last_message_at DESC,id DESC
2026-04-03 12:24:35.764 [http-nio-8080-exec-1] DEBUG c.z.t.m.A.selectList - ==> Parameters: 5(Long), 0(Integer)
2026-04-03 12:24:35.764 [http-nio-8080-exec-1] DEBUG c.z.t.m.A.selectList - <==      Total: 1
2026-04-03 12:24:38.718 [http-nio-8080-exec-2] DEBUG c.z.t.m.SysUserMapper.selectList - ==>  Preparing: SELECT id,username,password,real_name,phone,email,student_no,class_name,counselor_id,avatar_url,status,deleted,create_time,update_time FROM sys_user WHERE deleted=0 AND (username = ? AND deleted = ?)
2026-04-03 12:24:38.718 [http-nio-8080-exec-2] DEBUG c.z.t.m.SysUserMapper.selectList - ==> Parameters: student(String), 0(Integer)
2026-04-03 12:24:38.720 [http-nio-8080-exec-2] DEBUG c.z.t.m.SysUserMapper.selectList - <==      Total: 1
2026-04-03 12:24:38.720 [http-nio-8080-exec-2] DEBUG c.z.t.m.SysUserRoleMapper.selectList - ==>  Preparing: SELECT id,user_id,role_id,create_time,update_time FROM sys_user_role WHERE (user_id = ?)
2026-04-03 12:24:38.720 [http-nio-8080-exec-2] DEBUG c.z.t.m.SysUserRoleMapper.selectList - ==> Parameters: 5(Long)
2026-04-03 12:24:38.721 [http-nio-8080-exec-2] DEBUG c.z.t.m.SysUserRoleMapper.selectList - <==      Total: 1
2026-04-03 12:24:38.721 [http-nio-8080-exec-2] DEBUG c.z.t.m.SysRoleMapper.selectList - ==>  Preparing: SELECT id,role_code,role_name,remark,create_time,update_time FROM sys_role WHERE (id IN (?))
2026-04-03 12:24:38.721 [http-nio-8080-exec-2] DEBUG c.z.t.m.SysRoleMapper.selectList - ==> Parameters: 3(Long)
2026-04-03 12:24:38.723 [http-nio-8080-exec-2] DEBUG c.z.t.m.SysRoleMapper.selectList - <==      Total: 1
2026-04-03 12:24:38.724 [http-nio-8080-exec-2] DEBUG c.z.t.m.SysUserMapper.selectById - ==>  Preparing: SELECT id,username,password,real_name,phone,email,student_no,class_name,counselor_id,avatar_url,status,deleted,create_time,update_time FROM sys_user WHERE id=? AND deleted=0
2026-04-03 12:24:38.724 [http-nio-8080-exec-2] DEBUG c.z.t.m.SysUserMapper.selectById - ==> Parameters: 5(Long)
2026-04-03 12:24:38.725 [http-nio-8080-exec-2] DEBUG c.z.t.m.SysUserMapper.selectById - <==      Total: 1
2026-04-03 12:24:38.725 [http-nio-8080-exec-2] DEBUG c.z.t.m.SysUserRoleMapper.selectList - ==>  Preparing: SELECT id,user_id,role_id,create_time,update_time FROM sys_user_role WHERE (user_id = ?)
2026-04-03 12:24:38.726 [http-nio-8080-exec-2] DEBUG c.z.t.m.SysUserRoleMapper.selectList - ==> Parameters: 5(Long)
2026-04-03 12:24:38.728 [http-nio-8080-exec-2] DEBUG c.z.t.m.SysUserRoleMapper.selectList - <==      Total: 1
2026-04-03 12:24:38.730 [http-nio-8080-exec-2] DEBUG c.z.t.m.SysRoleMapper.selectList - ==>  Preparing: SELECT id,role_code,role_name,remark,create_time,update_time FROM sys_role WHERE (id IN (?))
2026-04-03 12:24:38.733 [http-nio-8080-exec-2] DEBUG c.z.t.m.SysRoleMapper.selectList - ==> Parameters: 3(Long)
2026-04-03 12:24:38.734 [http-nio-8080-exec-2] DEBUG c.z.t.m.SysRoleMapper.selectList - <==      Total: 1
2026-04-03 12:24:38.745 [http-nio-8080-exec-2] DEBUG c.z.t.m.SysUserRoleMapper.selectList - ==>  Preparing: SELECT id,user_id,role_id,create_time,update_time FROM sys_user_role WHERE (user_id = ?)
2026-04-03 12:24:38.747 [http-nio-8080-exec-2] DEBUG c.z.t.m.SysUserRoleMapper.selectList - ==> Parameters: 5(Long)
2026-04-03 12:24:38.747 [http-nio-8080-exec-2] DEBUG c.z.t.m.SysUserRoleMapper.selectList - <==      Total: 1
2026-04-03 12:24:38.749 [http-nio-8080-exec-2] DEBUG c.z.t.m.SysRoleMapper.selectList - ==>  Preparing: SELECT id,role_code,role_name,remark,create_time,update_time FROM sys_role WHERE (id IN (?))
2026-04-03 12:24:38.750 [http-nio-8080-exec-2] DEBUG c.z.t.m.SysRoleMapper.selectList - ==> Parameters: 3(Long)
2026-04-03 12:24:38.750 [http-nio-8080-exec-2] DEBUG c.z.t.m.SysRoleMapper.selectList - <==      Total: 1
2026-04-03 12:24:41.146 [http-nio-8080-exec-3] DEBUG c.z.t.m.SysUserMapper.selectList - ==>  Preparing: SELECT id,username,password,real_name,phone,email,student_no,class_name,counselor_id,avatar_url,status,deleted,create_time,update_time FROM sys_user WHERE deleted=0 AND (username = ? AND deleted = ?)
2026-04-03 12:24:41.146 [http-nio-8080-exec-3] DEBUG c.z.t.m.SysUserMapper.selectList - ==> Parameters: student(String), 0(Integer)
2026-04-03 12:24:41.147 [http-nio-8080-exec-3] DEBUG c.z.t.m.SysUserMapper.selectList - <==      Total: 1
2026-04-03 12:24:41.148 [http-nio-8080-exec-3] DEBUG c.z.t.m.SysUserRoleMapper.selectList - ==>  Preparing: SELECT id,user_id,role_id,create_time,update_time FROM sys_user_role WHERE (user_id = ?)
2026-04-03 12:24:41.149 [http-nio-8080-exec-3] DEBUG c.z.t.m.SysUserRoleMapper.selectList - ==> Parameters: 5(Long)
2026-04-03 12:24:41.150 [http-nio-8080-exec-3] DEBUG c.z.t.m.SysUserRoleMapper.selectList - <==      Total: 1
2026-04-03 12:24:41.150 [http-nio-8080-exec-3] DEBUG c.z.t.m.SysRoleMapper.selectList - ==>  Preparing: SELECT id,role_code,role_name,remark,create_time,update_time FROM sys_role WHERE (id IN (?))
2026-04-03 12:24:41.150 [http-nio-8080-exec-3] DEBUG c.z.t.m.SysRoleMapper.selectList - ==> Parameters: 3(Long)
2026-04-03 12:24:41.152 [http-nio-8080-exec-3] DEBUG c.z.t.m.SysRoleMapper.selectList - <==      Total: 1
2026-04-03 12:24:41.153 [http-nio-8080-exec-3] DEBUG c.z.t.m.SysUserMapper.selectById - ==>  Preparing: SELECT id,username,password,real_name,phone,email,student_no,class_name,counselor_id,avatar_url,status,deleted,create_time,update_time FROM sys_user WHERE id=? AND deleted=0
2026-04-03 12:24:41.154 [http-nio-8080-exec-3] DEBUG c.z.t.m.SysUserMapper.selectById - ==> Parameters: 5(Long)
2026-04-03 12:24:41.155 [http-nio-8080-exec-3] DEBUG c.z.t.m.SysUserMapper.selectById - <==      Total: 1
2026-04-03 12:24:41.157 [http-nio-8080-exec-3] DEBUG c.z.t.m.SysUserRoleMapper.selectList - ==>  Preparing: SELECT id,user_id,role_id,create_time,update_time FROM sys_user_role WHERE (user_id = ?)
2026-04-03 12:24:41.157 [http-nio-8080-exec-3] DEBUG c.z.t.m.SysUserRoleMapper.selectList - ==> Parameters: 5(Long)
2026-04-03 12:24:41.158 [http-nio-8080-exec-3] DEBUG c.z.t.m.SysUserRoleMapper.selectList - <==      Total: 1
2026-04-03 12:24:41.160 [http-nio-8080-exec-3] DEBUG c.z.t.m.SysRoleMapper.selectList - ==>  Preparing: SELECT id,role_code,role_name,remark,create_time,update_time FROM sys_role WHERE (id IN (?))
2026-04-03 12:24:41.160 [http-nio-8080-exec-3] DEBUG c.z.t.m.SysRoleMapper.selectList - ==> Parameters: 3(Long)
2026-04-03 12:24:41.161 [http-nio-8080-exec-3] DEBUG c.z.t.m.SysRoleMapper.selectList - <==      Total: 1
2026-04-03 12:24:41.161 [http-nio-8080-exec-3] DEBUG c.z.t.m.SysUserRoleMapper.selectList - ==>  Preparing: SELECT id,user_id,role_id,create_time,update_time FROM sys_user_role WHERE (user_id = ?)
2026-04-03 12:24:41.162 [http-nio-8080-exec-3] DEBUG c.z.t.m.SysUserRoleMapper.selectList - ==> Parameters: 5(Long)
2026-04-03 12:24:41.162 [http-nio-8080-exec-3] DEBUG c.z.t.m.SysUserRoleMapper.selectList - <==      Total: 1
2026-04-03 12:24:41.164 [http-nio-8080-exec-3] DEBUG c.z.t.m.SysRoleMapper.selectList - ==>  Preparing: SELECT id,role_code,role_name,remark,create_time,update_time FROM sys_role WHERE (id IN (?))
2026-04-03 12:24:41.164 [http-nio-8080-exec-3] DEBUG c.z.t.m.SysRoleMapper.selectList - ==> Parameters: 3(Long)
2026-04-03 12:24:41.166 [http-nio-8080-exec-3] DEBUG c.z.t.m.SysRoleMapper.selectList - <==      Total: 1
2026-04-03 12:24:47.907 [http-nio-8080-exec-4] DEBUG c.z.t.m.SysUserMapper.selectList - ==>  Preparing: SELECT id,username,password,real_name,phone,email,student_no,class_name,counselor_id,avatar_url,status,deleted,create_time,update_time FROM sys_user WHERE deleted=0 AND (username = ? AND deleted = ?)
2026-04-03 12:24:47.907 [http-nio-8080-exec-4] DEBUG c.z.t.m.SysUserMapper.selectList - ==> Parameters: student(String), 0(Integer)
2026-04-03 12:24:47.909 [http-nio-8080-exec-4] DEBUG c.z.t.m.SysUserMapper.selectList - <==      Total: 1
2026-04-03 12:24:47.909 [http-nio-8080-exec-4] DEBUG c.z.t.m.SysUserRoleMapper.selectList - ==>  Preparing: SELECT id,user_id,role_id,create_time,update_time FROM sys_user_role WHERE (user_id = ?)
2026-04-03 12:24:47.909 [http-nio-8080-exec-4] DEBUG c.z.t.m.SysUserRoleMapper.selectList - ==> Parameters: 5(Long)
2026-04-03 12:24:47.909 [http-nio-8080-exec-4] DEBUG c.z.t.m.SysUserRoleMapper.selectList - <==      Total: 1
2026-04-03 12:24:47.910 [http-nio-8080-exec-4] DEBUG c.z.t.m.SysRoleMapper.selectList - ==>  Preparing: SELECT id,role_code,role_name,remark,create_time,update_time FROM sys_role WHERE (id IN (?))
2026-04-03 12:24:47.910 [http-nio-8080-exec-4] DEBUG c.z.t.m.SysRoleMapper.selectList - ==> Parameters: 3(Long)
2026-04-03 12:24:47.910 [http-nio-8080-exec-4] DEBUG c.z.t.m.SysRoleMapper.selectList - <==      Total: 1
2026-04-03 12:24:47.912 [http-nio-8080-exec-4] DEBUG c.z.t.m.A.selectList - ==>  Preparing: SELECT id,user_id,title,last_message_at,deleted,create_time,update_time FROM ai_chat_session WHERE deleted=0 AND (user_id = ? AND deleted = ?) ORDER BY last_message_at DESC,id DESC
2026-04-03 12:24:47.912 [http-nio-8080-exec-4] DEBUG c.z.t.m.A.selectList - ==> Parameters: 5(Long), 0(Integer)
2026-04-03 12:24:47.912 [http-nio-8080-exec-4] DEBUG c.z.t.m.A.selectList - <==      Total: 1
2026-04-03 12:24:49.547 [http-nio-8080-exec-5] DEBUG c.z.t.m.SysUserMapper.selectList - ==>  Preparing: SELECT id,username,password,real_name,phone,email,student_no,class_name,counselor_id,avatar_url,status,deleted,create_time,update_time FROM sys_user WHERE deleted=0 AND (username = ? AND deleted = ?)
2026-04-03 12:24:49.547 [http-nio-8080-exec-5] DEBUG c.z.t.m.SysUserMapper.selectList - ==> Parameters: student(String), 0(Integer)
2026-04-03 12:24:49.549 [http-nio-8080-exec-5] DEBUG c.z.t.m.SysUserMapper.selectList - <==      Total: 1
2026-04-03 12:24:49.550 [http-nio-8080-exec-5] DEBUG c.z.t.m.SysUserRoleMapper.selectList - ==>  Preparing: SELECT id,user_id,role_id,create_time,update_time FROM sys_user_role WHERE (user_id = ?)
2026-04-03 12:24:49.550 [http-nio-8080-exec-5] DEBUG c.z.t.m.SysUserRoleMapper.selectList - ==> Parameters: 5(Long)
2026-04-03 12:24:49.550 [http-nio-8080-exec-5] DEBUG c.z.t.m.SysUserRoleMapper.selectList - <==      Total: 1
2026-04-03 12:24:49.552 [http-nio-8080-exec-5] DEBUG c.z.t.m.SysRoleMapper.selectList - ==>  Preparing: SELECT id,role_code,role_name,remark,create_time,update_time FROM sys_role WHERE (id IN (?))
2026-04-03 12:24:49.552 [http-nio-8080-exec-5] DEBUG c.z.t.m.SysRoleMapper.selectList - ==> Parameters: 3(Long)
2026-04-03 12:24:49.552 [http-nio-8080-exec-5] DEBUG c.z.t.m.SysRoleMapper.selectList - <==      Total: 1
2026-04-03 12:24:49.553 [http-nio-8080-exec-5] DEBUG c.z.t.m.A.selectList - ==>  Preparing: SELECT id,user_id,title,last_message_at,deleted,create_time,update_time FROM ai_chat_session WHERE deleted=0 AND (user_id = ? AND deleted = ?) ORDER BY last_message_at DESC,id DESC
2026-04-03 12:24:49.555 [http-nio-8080-exec-5] DEBUG c.z.t.m.A.selectList - ==> Parameters: 5(Long), 0(Integer)
2026-04-03 12:24:49.557 [http-nio-8080-exec-5] DEBUG c.z.t.m.A.selectList - <==      Total: 1
2026-04-03 12:24:58.407 [http-nio-8080-exec-6] DEBUG c.z.t.m.SysUserMapper.selectList - ==>  Preparing: SELECT id,username,password,real_name,phone,email,student_no,class_name,counselor_id,avatar_url,status,deleted,create_time,update_time FROM sys_user WHERE deleted=0 AND (username = ? AND deleted = ?)
2026-04-03 12:24:58.408 [http-nio-8080-exec-6] DEBUG c.z.t.m.SysUserMapper.selectList - ==> Parameters: student(String), 0(Integer)
2026-04-03 12:24:58.410 [http-nio-8080-exec-6] DEBUG c.z.t.m.SysUserMapper.selectList - <==      Total: 1
2026-04-03 12:24:58.412 [http-nio-8080-exec-6] DEBUG c.z.t.m.SysUserRoleMapper.selectList - ==>  Preparing: SELECT id,user_id,role_id,create_time,update_time FROM sys_user_role WHERE (user_id = ?)
2026-04-03 12:24:58.414 [http-nio-8080-exec-6] DEBUG c.z.t.m.SysUserRoleMapper.selectList - ==> Parameters: 5(Long)
2026-04-03 12:24:58.416 [http-nio-8080-exec-6] DEBUG c.z.t.m.SysUserRoleMapper.selectList - <==      Total: 1
2026-04-03 12:24:58.419 [http-nio-8080-exec-6] DEBUG c.z.t.m.SysRoleMapper.selectList - ==>  Preparing: SELECT id,role_code,role_name,remark,create_time,update_time FROM sys_role WHERE (id IN (?))
2026-04-03 12:24:58.421 [http-nio-8080-exec-6] DEBUG c.z.t.m.SysRoleMapper.selectList - ==> Parameters: 3(Long)
2026-04-03 12:24:58.422 [http-nio-8080-exec-6] DEBUG c.z.t.m.SysRoleMapper.selectList - <==      Total: 1
2026-04-03 12:24:58.425 [http-nio-8080-exec-6] DEBUG c.z.t.m.A.selectList - ==>  Preparing: SELECT id,user_id,title,last_message_at,deleted,create_time,update_time FROM ai_chat_session WHERE deleted=0 AND (user_id = ? AND deleted = ?) ORDER BY last_message_at DESC,id DESC
2026-04-03 12:24:58.426 [http-nio-8080-exec-6] DEBUG c.z.t.m.A.selectList - ==> Parameters: 5(Long), 0(Integer)
2026-04-03 12:24:58.428 [http-nio-8080-exec-6] DEBUG c.z.t.m.A.selectList - <==      Total: 1
2026-04-03 12:25:57.963 [http-nio-8080-exec-7] DEBUG c.z.t.m.SysUserMapper.selectList - ==>  Preparing: SELECT id,username,password,real_name,phone,email,student_no,class_name,counselor_id,avatar_url,status,deleted,create_time,update_time FROM sys_user WHERE deleted=0 AND (username = ? AND deleted = ?)
2026-04-03 12:25:57.963 [http-nio-8080-exec-7] DEBUG c.z.t.m.SysUserMapper.selectList - ==> Parameters: student(String), 0(Integer)
2026-04-03 12:25:57.965 [http-nio-8080-exec-7] DEBUG c.z.t.m.SysUserMapper.selectList - <==      Total: 1
2026-04-03 12:25:57.966 [http-nio-8080-exec-7] DEBUG c.z.t.m.SysUserRoleMapper.selectList - ==>  Preparing: SELECT id,user_id,role_id,create_time,update_time FROM sys_user_role WHERE (user_id = ?)
2026-04-03 12:25:57.966 [http-nio-8080-exec-7] DEBUG c.z.t.m.SysUserRoleMapper.selectList - ==> Parameters: 5(Long)
2026-04-03 12:25:57.968 [http-nio-8080-exec-7] DEBUG c.z.t.m.SysUserRoleMapper.selectList - <==      Total: 1
2026-04-03 12:25:57.974 [http-nio-8080-exec-7] DEBUG c.z.t.m.SysRoleMapper.selectList - ==>  Preparing: SELECT id,role_code,role_name,remark,create_time,update_time FROM sys_role WHERE (id IN (?))
2026-04-03 12:25:57.974 [http-nio-8080-exec-7] DEBUG c.z.t.m.SysRoleMapper.selectList - ==> Parameters: 3(Long)
2026-04-03 12:25:57.975 [http-nio-8080-exec-7] DEBUG c.z.t.m.SysRoleMapper.selectList - <==      Total: 1
2026-04-03 12:25:57.977 [http-nio-8080-exec-7] DEBUG c.z.t.m.SysUserMapper.selectById - ==>  Preparing: SELECT id,username,password,real_name,phone,email,student_no,class_name,counselor_id,avatar_url,status,deleted,create_time,update_time FROM sys_user WHERE id=? AND deleted=0
2026-04-03 12:25:57.977 [http-nio-8080-exec-7] DEBUG c.z.t.m.SysUserMapper.selectById - ==> Parameters: 5(Long)
2026-04-03 12:25:57.978 [http-nio-8080-exec-7] DEBUG c.z.t.m.SysUserMapper.selectById - <==      Total: 1
2026-04-03 12:25:57.978 [http-nio-8080-exec-7] DEBUG c.z.t.m.SysUserRoleMapper.selectList - ==>  Preparing: SELECT id,user_id,role_id,create_time,update_time FROM sys_user_role WHERE (user_id = ?)
2026-04-03 12:25:57.980 [http-nio-8080-exec-7] DEBUG c.z.t.m.SysUserRoleMapper.selectList - ==> Parameters: 5(Long)
2026-04-03 12:25:57.980 [http-nio-8080-exec-7] DEBUG c.z.t.m.SysUserRoleMapper.selectList - <==      Total: 1
2026-04-03 12:25:57.981 [http-nio-8080-exec-7] DEBUG c.z.t.m.SysRoleMapper.selectList - ==>  Preparing: SELECT id,role_code,role_name,remark,create_time,update_time FROM sys_role WHERE (id IN (?))
2026-04-03 12:25:57.981 [http-nio-8080-exec-7] DEBUG c.z.t.m.SysRoleMapper.selectList - ==> Parameters: 3(Long)
2026-04-03 12:25:57.983 [http-nio-8080-exec-7] DEBUG c.z.t.m.SysRoleMapper.selectList - <==      Total: 1
2026-04-03 12:25:57.983 [http-nio-8080-exec-7] DEBUG c.z.t.m.SysUserRoleMapper.selectList - ==>  Preparing: SELECT id,user_id,role_id,create_time,update_time FROM sys_user_role WHERE (user_id = ?)
2026-04-03 12:25:57.983 [http-nio-8080-exec-7] DEBUG c.z.t.m.SysUserRoleMapper.selectList - ==> Parameters: 5(Long)
2026-04-03 12:25:57.985 [http-nio-8080-exec-7] DEBUG c.z.t.m.SysUserRoleMapper.selectList - <==      Total: 1
2026-04-03 12:25:57.986 [http-nio-8080-exec-7] DEBUG c.z.t.m.SysRoleMapper.selectList - ==>  Preparing: SELECT id,role_code,role_name,remark,create_time,update_time FROM sys_role WHERE (id IN (?))
2026-04-03 12:25:57.986 [http-nio-8080-exec-7] DEBUG c.z.t.m.SysRoleMapper.selectList - ==> Parameters: 3(Long)
2026-04-03 12:25:57.986 [http-nio-8080-exec-7] DEBUG c.z.t.m.SysRoleMapper.selectList - <==      Total: 1
2026-04-03 12:26:01.620 [http-nio-8080-exec-8] DEBUG c.z.t.m.SysUserMapper.selectList - ==>  Preparing: SELECT id,username,password,real_name,phone,email,student_no,class_name,counselor_id,avatar_url,status,deleted,create_time,update_time FROM sys_user WHERE deleted=0 AND (username = ? AND deleted = ?)
2026-04-03 12:26:01.620 [http-nio-8080-exec-8] DEBUG c.z.t.m.SysUserMapper.selectList - ==> Parameters: student(String), 0(Integer)
2026-04-03 12:26:01.622 [http-nio-8080-exec-8] DEBUG c.z.t.m.SysUserMapper.selectList - <==      Total: 1
2026-04-03 12:26:01.622 [http-nio-8080-exec-8] DEBUG c.z.t.m.SysUserRoleMapper.selectList - ==>  Preparing: SELECT id,user_id,role_id,create_time,update_time FROM sys_user_role WHERE (user_id = ?)
2026-04-03 12:26:01.623 [http-nio-8080-exec-8] DEBUG c.z.t.m.SysUserRoleMapper.selectList - ==> Parameters: 5(Long)
2026-04-03 12:26:01.623 [http-nio-8080-exec-8] DEBUG c.z.t.m.SysUserRoleMapper.selectList - <==      Total: 1
2026-04-03 12:26:01.624 [http-nio-8080-exec-8] DEBUG c.z.t.m.SysRoleMapper.selectList - ==>  Preparing: SELECT id,role_code,role_name,remark,create_time,update_time FROM sys_role WHERE (id IN (?))
2026-04-03 12:26:01.625 [http-nio-8080-exec-8] DEBUG c.z.t.m.SysRoleMapper.selectList - ==> Parameters: 3(Long)
2026-04-03 12:26:01.626 [http-nio-8080-exec-8] DEBUG c.z.t.m.SysRoleMapper.selectList - <==      Total: 1
2026-04-03 12:26:01.628 [http-nio-8080-exec-8] DEBUG c.z.t.m.A.selectList - ==>  Preparing: SELECT id,user_id,title,last_message_at,deleted,create_time,update_time FROM ai_chat_session WHERE deleted=0 AND (user_id = ? AND deleted = ?) ORDER BY last_message_at DESC,id DESC
2026-04-03 12:26:01.629 [http-nio-8080-exec-8] DEBUG c.z.t.m.A.selectList - ==> Parameters: 5(Long), 0(Integer)
2026-04-03 12:26:01.629 [http-nio-8080-exec-8] DEBUG c.z.t.m.A.selectList - <==      Total: 1
2026-04-03 12:26:03.471 [http-nio-8080-exec-9] DEBUG c.z.t.m.SysUserMapper.selectList - ==>  Preparing: SELECT id,username,password,real_name,phone,email,student_no,class_name,counselor_id,avatar_url,status,deleted,create_time,update_time FROM sys_user WHERE deleted=0 AND (username = ? AND deleted = ?)
2026-04-03 12:26:03.472 [http-nio-8080-exec-9] DEBUG c.z.t.m.SysUserMapper.selectList - ==> Parameters: student(String), 0(Integer)
2026-04-03 12:26:03.473 [http-nio-8080-exec-9] DEBUG c.z.t.m.SysUserMapper.selectList - <==      Total: 1
2026-04-03 12:26:03.474 [http-nio-8080-exec-9] DEBUG c.z.t.m.SysUserRoleMapper.selectList - ==>  Preparing: SELECT id,user_id,role_id,create_time,update_time FROM sys_user_role WHERE (user_id = ?)
2026-04-03 12:26:03.474 [http-nio-8080-exec-9] DEBUG c.z.t.m.SysUserRoleMapper.selectList - ==> Parameters: 5(Long)
2026-04-03 12:26:03.474 [http-nio-8080-exec-9] DEBUG c.z.t.m.SysUserRoleMapper.selectList - <==      Total: 1
2026-04-03 12:26:03.475 [http-nio-8080-exec-9] DEBUG c.z.t.m.SysRoleMapper.selectList - ==>  Preparing: SELECT id,role_code,role_name,remark,create_time,update_time FROM sys_role WHERE (id IN (?))
2026-04-03 12:26:03.475 [http-nio-8080-exec-9] DEBUG c.z.t.m.SysRoleMapper.selectList - ==> Parameters: 3(Long)
2026-04-03 12:26:03.477 [http-nio-8080-exec-9] DEBUG c.z.t.m.SysRoleMapper.selectList - <==      Total: 1
2026-04-03 12:26:03.478 [http-nio-8080-exec-9] DEBUG c.z.t.m.A.selectList - ==>  Preparing: SELECT id,user_id,title,last_message_at,deleted,create_time,update_time FROM ai_chat_session WHERE deleted=0 AND (user_id = ? AND deleted = ?) ORDER BY last_message_at DESC,id DESC
2026-04-03 12:26:03.478 [http-nio-8080-exec-9] DEBUG c.z.t.m.A.selectList - ==> Parameters: 5(Long), 0(Integer)
2026-04-03 12:26:03.481 [http-nio-8080-exec-9] DEBUG c.z.t.m.A.selectList - <==      Total: 1
2026-04-03 12:26:13.015 [http-nio-8080-exec-10] DEBUG c.z.t.m.SysUserMapper.selectList - ==>  Preparing: SELECT id,username,password,real_name,phone,email,student_no,class_name,counselor_id,avatar_url,status,deleted,create_time,update_time FROM sys_user WHERE deleted=0 AND (username = ? AND deleted = ?)
2026-04-03 12:26:13.016 [http-nio-8080-exec-10] DEBUG c.z.t.m.SysUserMapper.selectList - ==> Parameters: 123(String), 0(Integer)
2026-04-03 12:26:13.016 [http-nio-8080-exec-10] DEBUG c.z.t.m.SysUserMapper.selectList - <==      Total: 0
2026-04-03 12:27:12.222 [http-nio-8080-exec-1] DEBUG c.z.t.m.SysUserMapper.selectList - ==>  Preparing: SELECT id,username,password,real_name,phone,email,student_no,class_name,counselor_id,avatar_url,status,deleted,create_time,update_time FROM sys_user WHERE deleted=0 AND (username = ? AND deleted = ?)
2026-04-03 12:27:12.224 [http-nio-8080-exec-1] DEBUG c.z.t.m.SysUserMapper.selectList - ==> Parameters: 123(String), 0(Integer)
2026-04-03 12:27:12.224 [http-nio-8080-exec-1] DEBUG c.z.t.m.SysUserMapper.selectList - <==      Total: 0
2026-04-03 12:27:17.849 [http-nio-8080-exec-2] DEBUG c.z.t.m.SysUserMapper.selectList - ==>  Preparing: SELECT id,username,password,real_name,phone,email,student_no,class_name,counselor_id,avatar_url,status,deleted,create_time,update_time FROM sys_user WHERE deleted=0 AND (username = ? AND deleted = ?)
2026-04-03 12:27:17.850 [http-nio-8080-exec-2] DEBUG c.z.t.m.SysUserMapper.selectList - ==> Parameters: 123(String), 0(Integer)
2026-04-03 12:27:17.851 [http-nio-8080-exec-2] DEBUG c.z.t.m.SysUserMapper.selectList - <==      Total: 0
2026-04-03 12:30:08.483 [http-nio-8080-exec-3] DEBUG c.z.t.m.SysUserMapper.selectList - ==>  Preparing: SELECT id,username,password,real_name,phone,email,student_no,class_name,counselor_id,avatar_url,status,deleted,create_time,update_time FROM sys_user WHERE deleted=0 AND (username = ? AND deleted = ?)
2026-04-03 12:30:08.485 [http-nio-8080-exec-3] DEBUG c.z.t.m.SysUserMapper.selectList - ==> Parameters: 123(String), 0(Integer)
2026-04-03 12:30:08.485 [http-nio-8080-exec-3] DEBUG c.z.t.m.SysUserMapper.selectList - <==      Total: 0
2026-04-03 12:30:18.384 [http-nio-8080-exec-4] DEBUG c.z.t.m.SysUserMapper.selectList - ==>  Preparing: SELECT id,username,password,real_name,phone,email,student_no,class_name,counselor_id,avatar_url,status,deleted,create_time,update_time FROM sys_user WHERE deleted=0 AND (username = ? AND deleted = ?)
2026-04-03 12:30:18.384 [http-nio-8080-exec-4] DEBUG c.z.t.m.SysUserMapper.selectList - ==> Parameters: 123@(String), 0(Integer)
2026-04-03 12:30:18.384 [http-nio-8080-exec-4] DEBUG c.z.t.m.SysUserMapper.selectList - <==      Total: 0
2026-04-03 12:31:30.925 [http-nio-8080-exec-5] DEBUG c.z.t.m.SysUserMapper.selectList - ==>  Preparing: SELECT id,username,password,real_name,phone,email,student_no,class_name,counselor_id,avatar_url,status,deleted,create_time,update_time FROM sys_user WHERE deleted=0 AND (username = ? AND deleted = ?)
2026-04-03 12:31:30.927 [http-nio-8080-exec-5] DEBUG c.z.t.m.SysUserMapper.selectList - ==> Parameters: student(String), 0(Integer)
2026-04-03 12:31:30.929 [http-nio-8080-exec-5] DEBUG c.z.t.m.SysUserMapper.selectList - <==      Total: 1
2026-04-03 12:31:30.931 [http-nio-8080-exec-5] DEBUG c.z.t.m.SysUserRoleMapper.selectList - ==>  Preparing: SELECT id,user_id,role_id,create_time,update_time FROM sys_user_role WHERE (user_id = ?)
2026-04-03 12:31:30.931 [http-nio-8080-exec-5] DEBUG c.z.t.m.SysUserRoleMapper.selectList - ==> Parameters: 5(Long)
2026-04-03 12:31:30.932 [http-nio-8080-exec-5] DEBUG c.z.t.m.SysUserRoleMapper.selectList - <==      Total: 1
2026-04-03 12:31:30.936 [http-nio-8080-exec-5] DEBUG c.z.t.m.SysRoleMapper.selectList - ==>  Preparing: SELECT id,role_code,role_name,remark,create_time,update_time FROM sys_role WHERE (id IN (?))
2026-04-03 12:31:30.937 [http-nio-8080-exec-5] DEBUG c.z.t.m.SysRoleMapper.selectList - ==> Parameters: 3(Long)
2026-04-03 12:31:30.937 [http-nio-8080-exec-5] DEBUG c.z.t.m.SysRoleMapper.selectList - <==      Total: 1
2026-04-03 12:31:31.189 [http-nio-8080-exec-6] DEBUG c.z.t.m.SysUserMapper.selectList - ==>  Preparing: SELECT id,username,password,real_name,phone,email,student_no,class_name,counselor_id,avatar_url,status,deleted,create_time,update_time FROM sys_user WHERE deleted=0 AND (username = ? AND deleted = ?)
2026-04-03 12:31:31.190 [http-nio-8080-exec-6] DEBUG c.z.t.m.SysUserMapper.selectList - ==> Parameters: student(String), 0(Integer)
2026-04-03 12:31:31.191 [http-nio-8080-exec-6] DEBUG c.z.t.m.SysUserMapper.selectList - <==      Total: 1
2026-04-03 12:31:31.193 [http-nio-8080-exec-6] DEBUG c.z.t.m.SysUserRoleMapper.selectList - ==>  Preparing: SELECT id,user_id,role_id,create_time,update_time FROM sys_user_role WHERE (user_id = ?)
2026-04-03 12:31:31.193 [http-nio-8080-exec-6] DEBUG c.z.t.m.SysUserRoleMapper.selectList - ==> Parameters: 5(Long)
2026-04-03 12:31:31.194 [http-nio-8080-exec-6] DEBUG c.z.t.m.SysUserRoleMapper.selectList - <==      Total: 1
2026-04-03 12:31:31.196 [http-nio-8080-exec-6] DEBUG c.z.t.m.SysRoleMapper.selectList - ==>  Preparing: SELECT id,role_code,role_name,remark,create_time,update_time FROM sys_role WHERE (id IN (?))
2026-04-03 12:31:31.196 [http-nio-8080-exec-6] DEBUG c.z.t.m.SysRoleMapper.selectList - ==> Parameters: 3(Long)
2026-04-03 12:31:31.196 [http-nio-8080-exec-6] DEBUG c.z.t.m.SysRoleMapper.selectList - <==      Total: 1
2026-04-03 12:31:31.197 [http-nio-8080-exec-6] DEBUG c.z.t.m.SysUserMapper.selectById - ==>  Preparing: SELECT id,username,password,real_name,phone,email,student_no,class_name,counselor_id,avatar_url,status,deleted,create_time,update_time FROM sys_user WHERE id=? AND deleted=0
2026-04-03 12:31:31.200 [http-nio-8080-exec-6] DEBUG c.z.t.m.SysUserMapper.selectById - ==> Parameters: 5(Long)
2026-04-03 12:31:31.201 [http-nio-8080-exec-6] DEBUG c.z.t.m.SysUserMapper.selectById - <==      Total: 1
2026-04-03 12:31:31.201 [http-nio-8080-exec-6] DEBUG c.z.t.m.SysUserRoleMapper.selectList - ==>  Preparing: SELECT id,user_id,role_id,create_time,update_time FROM sys_user_role WHERE (user_id = ?)
2026-04-03 12:31:31.201 [http-nio-8080-exec-6] DEBUG c.z.t.m.SysUserRoleMapper.selectList - ==> Parameters: 5(Long)
2026-04-03 12:31:31.202 [http-nio-8080-exec-6] DEBUG c.z.t.m.SysUserRoleMapper.selectList - <==      Total: 1
2026-04-03 12:31:31.204 [http-nio-8080-exec-6] DEBUG c.z.t.m.SysRoleMapper.selectList - ==>  Preparing: SELECT id,role_code,role_name,remark,create_time,update_time FROM sys_role WHERE (id IN (?))
2026-04-03 12:31:31.204 [http-nio-8080-exec-6] DEBUG c.z.t.m.SysRoleMapper.selectList - ==> Parameters: 3(Long)
2026-04-03 12:31:31.205 [http-nio-8080-exec-6] DEBUG c.z.t.m.SysRoleMapper.selectList - <==      Total: 1
2026-04-03 12:31:31.206 [http-nio-8080-exec-6] DEBUG c.z.t.m.SysUserRoleMapper.selectList - ==>  Preparing: SELECT id,user_id,role_id,create_time,update_time FROM sys_user_role WHERE (user_id = ?)
2026-04-03 12:31:31.206 [http-nio-8080-exec-6] DEBUG c.z.t.m.SysUserRoleMapper.selectList - ==> Parameters: 5(Long)
2026-04-03 12:31:31.206 [http-nio-8080-exec-6] DEBUG c.z.t.m.SysUserRoleMapper.selectList - <==      Total: 1
2026-04-03 12:31:31.207 [http-nio-8080-exec-6] DEBUG c.z.t.m.SysRoleMapper.selectList - ==>  Preparing: SELECT id,role_code,role_name,remark,create_time,update_time FROM sys_role WHERE (id IN (?))
2026-04-03 12:31:31.209 [http-nio-8080-exec-6] DEBUG c.z.t.m.SysRoleMapper.selectList - ==> Parameters: 3(Long)
2026-04-03 12:31:31.231 [http-nio-8080-exec-6] DEBUG c.z.t.m.SysRoleMapper.selectList - <==      Total: 1
2026-04-03 12:32:02.519 [http-nio-8080-exec-7] DEBUG c.z.t.m.SysUserMapper.selectList - ==>  Preparing: SELECT id,username,password,real_name,phone,email,student_no,class_name,counselor_id,avatar_url,status,deleted,create_time,update_time FROM sys_user WHERE deleted=0 AND (username = ? AND deleted = ?)
2026-04-03 12:32:02.519 [http-nio-8080-exec-7] DEBUG c.z.t.m.SysUserMapper.selectList - ==> Parameters: student(String), 0(Integer)
2026-04-03 12:32:02.520 [http-nio-8080-exec-7] DEBUG c.z.t.m.SysUserMapper.selectList - <==      Total: 1
2026-04-03 12:32:02.522 [http-nio-8080-exec-7] DEBUG c.z.t.m.SysUserRoleMapper.selectList - ==>  Preparing: SELECT id,user_id,role_id,create_time,update_time FROM sys_user_role WHERE (user_id = ?)
2026-04-03 12:32:02.523 [http-nio-8080-exec-7] DEBUG c.z.t.m.SysUserRoleMapper.selectList - ==> Parameters: 5(Long)
2026-04-03 12:32:02.523 [http-nio-8080-exec-7] DEBUG c.z.t.m.SysUserRoleMapper.selectList - <==      Total: 1
2026-04-03 12:32:02.525 [http-nio-8080-exec-7] DEBUG c.z.t.m.SysRoleMapper.selectList - ==>  Preparing: SELECT id,role_code,role_name,remark,create_time,update_time FROM sys_role WHERE (id IN (?))
2026-04-03 12:32:02.525 [http-nio-8080-exec-7] DEBUG c.z.t.m.SysRoleMapper.selectList - ==> Parameters: 3(Long)
2026-04-03 12:32:02.527 [http-nio-8080-exec-7] DEBUG c.z.t.m.SysRoleMapper.selectList - <==      Total: 1
2026-04-03 12:32:02.529 [http-nio-8080-exec-7] DEBUG c.z.t.m.A.selectList - ==>  Preparing: SELECT id,user_id,title,last_message_at,deleted,create_time,update_time FROM ai_chat_session WHERE deleted=0 AND (user_id = ? AND deleted = ?) ORDER BY last_message_at DESC,id DESC
2026-04-03 12:32:02.530 [http-nio-8080-exec-7] DEBUG c.z.t.m.A.selectList - ==> Parameters: 5(Long), 0(Integer)
2026-04-03 12:32:02.530 [http-nio-8080-exec-7] DEBUG c.z.t.m.A.selectList - <==      Total: 1
2026-04-03 12:39:03.478 [http-nio-8080-exec-8] DEBUG c.z.t.m.SysUserMapper.selectList - ==>  Preparing: SELECT id,username,password,real_name,phone,email,student_no,class_name,counselor_id,avatar_url,status,deleted,create_time,update_time FROM sys_user WHERE deleted=0 AND (username = ? AND deleted = ?)
2026-04-03 12:39:03.478 [http-nio-8080-exec-8] DEBUG c.z.t.m.SysUserMapper.selectList - ==> Parameters: student(String), 0(Integer)
2026-04-03 12:39:03.480 [http-nio-8080-exec-8] DEBUG c.z.t.m.SysUserMapper.selectList - <==      Total: 1
2026-04-03 12:39:03.480 [http-nio-8080-exec-8] DEBUG c.z.t.m.SysUserRoleMapper.selectList - ==>  Preparing: SELECT id,user_id,role_id,create_time,update_time FROM sys_user_role WHERE (user_id = ?)
2026-04-03 12:39:03.481 [http-nio-8080-exec-8] DEBUG c.z.t.m.SysUserRoleMapper.selectList - ==> Parameters: 5(Long)
2026-04-03 12:39:03.481 [http-nio-8080-exec-8] DEBUG c.z.t.m.SysUserRoleMapper.selectList - <==      Total: 1
2026-04-03 12:39:03.481 [http-nio-8080-exec-8] DEBUG c.z.t.m.SysRoleMapper.selectList - ==>  Preparing: SELECT id,role_code,role_name,remark,create_time,update_time FROM sys_role WHERE (id IN (?))
2026-04-03 12:39:03.481 [http-nio-8080-exec-8] DEBUG c.z.t.m.SysRoleMapper.selectList - ==> Parameters: 3(Long)
2026-04-03 12:39:03.483 [http-nio-8080-exec-8] DEBUG c.z.t.m.SysRoleMapper.selectList - <==      Total: 1
2026-04-03 12:39:03.485 [http-nio-8080-exec-8] DEBUG c.z.t.m.A.selectList - ==>  Preparing: SELECT id,user_id,title,last_message_at,deleted,create_time,update_time FROM ai_chat_session WHERE deleted=0 AND (user_id = ? AND deleted = ?) ORDER BY last_message_at DESC,id DESC
2026-04-03 12:39:03.485 [http-nio-8080-exec-8] DEBUG c.z.t.m.A.selectList - ==> Parameters: 5(Long), 0(Integer)
2026-04-03 12:39:03.485 [http-nio-8080-exec-8] DEBUG c.z.t.m.A.selectList - <==      Total: 1
2026-04-03 12:39:09.020 [http-nio-8080-exec-9] DEBUG c.z.t.m.SysUserMapper.selectList - ==>  Preparing: SELECT id,username,password,real_name,phone,email,student_no,class_name,counselor_id,avatar_url,status,deleted,create_time,update_time FROM sys_user WHERE deleted=0 AND (username = ? AND deleted = ?)
2026-04-03 12:39:09.022 [http-nio-8080-exec-9] DEBUG c.z.t.m.SysUserMapper.selectList - ==> Parameters: student(String), 0(Integer)
2026-04-03 12:39:09.023 [http-nio-8080-exec-9] DEBUG c.z.t.m.SysUserMapper.selectList - <==      Total: 1
2026-04-03 12:39:09.025 [http-nio-8080-exec-9] DEBUG c.z.t.m.SysUserRoleMapper.selectList - ==>  Preparing: SELECT id,user_id,role_id,create_time,update_time FROM sys_user_role WHERE (user_id = ?)
2026-04-03 12:39:09.025 [http-nio-8080-exec-9] DEBUG c.z.t.m.SysUserRoleMapper.selectList - ==> Parameters: 5(Long)
2026-04-03 12:39:09.025 [http-nio-8080-exec-9] DEBUG c.z.t.m.SysUserRoleMapper.selectList - <==      Total: 1
2026-04-03 12:39:09.026 [http-nio-8080-exec-9] DEBUG c.z.t.m.SysRoleMapper.selectList - ==>  Preparing: SELECT id,role_code,role_name,remark,create_time,update_time FROM sys_role WHERE (id IN (?))
2026-04-03 12:39:09.027 [http-nio-8080-exec-9] DEBUG c.z.t.m.SysRoleMapper.selectList - ==> Parameters: 3(Long)
2026-04-03 12:39:09.028 [http-nio-8080-exec-9] DEBUG c.z.t.m.SysRoleMapper.selectList - <==      Total: 1
2026-04-03 12:39:09.029 [http-nio-8080-exec-9] DEBUG c.z.t.m.A.selectList - ==>  Preparing: SELECT id,user_id,title,last_message_at,deleted,create_time,update_time FROM ai_chat_session WHERE deleted=0 AND (user_id = ? AND deleted = ?) ORDER BY last_message_at DESC,id DESC
2026-04-03 12:39:09.029 [http-nio-8080-exec-9] DEBUG c.z.t.m.A.selectList - ==> Parameters: 5(Long), 0(Integer)
2026-04-03 12:39:09.031 [http-nio-8080-exec-9] DEBUG c.z.t.m.A.selectList - <==      Total: 1
2026-04-03 12:39:12.193 [http-nio-8080-exec-10] DEBUG c.z.t.m.SysUserMapper.selectList - ==>  Preparing: SELECT id,username,password,real_name,phone,email,student_no,class_name,counselor_id,avatar_url,status,deleted,create_time,update_time FROM sys_user WHERE deleted=0 AND (username = ? AND deleted = ?)
2026-04-03 12:39:12.195 [http-nio-8080-exec-10] DEBUG c.z.t.m.SysUserMapper.selectList - ==> Parameters: student(String), 0(Integer)
2026-04-03 12:39:12.197 [http-nio-8080-exec-10] DEBUG c.z.t.m.SysUserMapper.selectList - <==      Total: 1
2026-04-03 12:39:12.200 [http-nio-8080-exec-10] DEBUG c.z.t.m.SysUserRoleMapper.selectList - ==>  Preparing: SELECT id,user_id,role_id,create_time,update_time FROM sys_user_role WHERE (user_id = ?)
2026-04-03 12:39:12.200 [http-nio-8080-exec-10] DEBUG c.z.t.m.SysUserRoleMapper.selectList - ==> Parameters: 5(Long)
2026-04-03 12:39:12.201 [http-nio-8080-exec-10] DEBUG c.z.t.m.SysUserRoleMapper.selectList - <==      Total: 1
2026-04-03 12:39:12.203 [http-nio-8080-exec-10] DEBUG c.z.t.m.SysRoleMapper.selectList - ==>  Preparing: SELECT id,role_code,role_name,remark,create_time,update_time FROM sys_role WHERE (id IN (?))
2026-04-03 12:39:12.204 [http-nio-8080-exec-10] DEBUG c.z.t.m.SysRoleMapper.selectList - ==> Parameters: 3(Long)
2026-04-03 12:39:12.204 [http-nio-8080-exec-10] DEBUG c.z.t.m.SysRoleMapper.selectList - <==      Total: 1
2026-04-03 12:39:12.206 [http-nio-8080-exec-10] DEBUG c.z.t.m.A.selectList - ==>  Preparing: SELECT id,user_id,title,last_message_at,deleted,create_time,update_time FROM ai_chat_session WHERE deleted=0 AND (user_id = ? AND deleted = ?) ORDER BY last_message_at DESC,id DESC
2026-04-03 12:39:12.207 [http-nio-8080-exec-10] DEBUG c.z.t.m.A.selectList - ==> Parameters: 5(Long), 0(Integer)
2026-04-03 12:39:12.209 [http-nio-8080-exec-10] DEBUG c.z.t.m.A.selectList - <==      Total: 1
2026-04-03 12:39:13.985 [http-nio-8080-exec-1] DEBUG c.z.t.m.SysUserMapper.selectList - ==>  Preparing: SELECT id,username,password,real_name,phone,email,student_no,class_name,counselor_id,avatar_url,status,deleted,create_time,update_time FROM sys_user WHERE deleted=0 AND (username = ? AND deleted = ?)
2026-04-03 12:39:13.985 [http-nio-8080-exec-1] DEBUG c.z.t.m.SysUserMapper.selectList - ==> Parameters: student(String), 0(Integer)
2026-04-03 12:39:13.986 [http-nio-8080-exec-1] DEBUG c.z.t.m.SysUserMapper.selectList - <==      Total: 1
2026-04-03 12:39:13.987 [http-nio-8080-exec-1] DEBUG c.z.t.m.SysUserRoleMapper.selectList - ==>  Preparing: SELECT id,user_id,role_id,create_time,update_time FROM sys_user_role WHERE (user_id = ?)
2026-04-03 12:39:13.987 [http-nio-8080-exec-1] DEBUG c.z.t.m.SysUserRoleMapper.selectList - ==> Parameters: 5(Long)
2026-04-03 12:39:13.988 [http-nio-8080-exec-1] DEBUG c.z.t.m.SysUserRoleMapper.selectList - <==      Total: 1
2026-04-03 12:39:13.988 [http-nio-8080-exec-1] DEBUG c.z.t.m.SysRoleMapper.selectList - ==>  Preparing: SELECT id,role_code,role_name,remark,create_time,update_time FROM sys_role WHERE (id IN (?))
2026-04-03 12:39:13.988 [http-nio-8080-exec-1] DEBUG c.z.t.m.SysRoleMapper.selectList - ==> Parameters: 3(Long)
2026-04-03 12:39:13.990 [http-nio-8080-exec-1] DEBUG c.z.t.m.SysRoleMapper.selectList - <==      Total: 1
2026-04-03 12:39:13.990 [http-nio-8080-exec-1] DEBUG c.z.t.m.A.selectList - ==>  Preparing: SELECT id,user_id,title,last_message_at,deleted,create_time,update_time FROM ai_chat_session WHERE deleted=0 AND (user_id = ? AND deleted = ?) ORDER BY last_message_at DESC,id DESC
2026-04-03 12:39:13.992 [http-nio-8080-exec-1] DEBUG c.z.t.m.A.selectList - ==> Parameters: 5(Long), 0(Integer)
2026-04-03 12:39:13.992 [http-nio-8080-exec-1] DEBUG c.z.t.m.A.selectList - <==      Total: 1
2026-04-03 12:39:17.719 [http-nio-8080-exec-2] DEBUG c.z.t.m.SysUserMapper.selectList - ==>  Preparing: SELECT id,username,password,real_name,phone,email,student_no,class_name,counselor_id,avatar_url,status,deleted,create_time,update_time FROM sys_user WHERE deleted=0 AND (username = ? AND deleted = ?)
2026-04-03 12:39:17.719 [http-nio-8080-exec-2] DEBUG c.z.t.m.SysUserMapper.selectList - ==> Parameters: student(String), 0(Integer)
2026-04-03 12:39:17.720 [http-nio-8080-exec-2] DEBUG c.z.t.m.SysUserMapper.selectList - <==      Total: 1
2026-04-03 12:39:17.720 [http-nio-8080-exec-2] DEBUG c.z.t.m.SysUserRoleMapper.selectList - ==>  Preparing: SELECT id,user_id,role_id,create_time,update_time FROM sys_user_role WHERE (user_id = ?)
2026-04-03 12:39:17.720 [http-nio-8080-exec-2] DEBUG c.z.t.m.SysUserRoleMapper.selectList - ==> Parameters: 5(Long)
2026-04-03 12:39:17.721 [http-nio-8080-exec-2] DEBUG c.z.t.m.SysUserRoleMapper.selectList - <==      Total: 1
2026-04-03 12:39:17.721 [http-nio-8080-exec-2] DEBUG c.z.t.m.SysRoleMapper.selectList - ==>  Preparing: SELECT id,role_code,role_name,remark,create_time,update_time FROM sys_role WHERE (id IN (?))
2026-04-03 12:39:17.721 [http-nio-8080-exec-2] DEBUG c.z.t.m.SysRoleMapper.selectList - ==> Parameters: 3(Long)
2026-04-03 12:39:17.723 [http-nio-8080-exec-2] DEBUG c.z.t.m.SysRoleMapper.selectList - <==      Total: 1
2026-04-03 12:39:17.723 [http-nio-8080-exec-2] DEBUG c.z.t.m.SysUserMapper.selectById - ==>  Preparing: SELECT id,username,password,real_name,phone,email,student_no,class_name,counselor_id,avatar_url,status,deleted,create_time,update_time FROM sys_user WHERE id=? AND deleted=0
2026-04-03 12:39:17.723 [http-nio-8080-exec-2] DEBUG c.z.t.m.SysUserMapper.selectById - ==> Parameters: 5(Long)
2026-04-03 12:39:17.723 [http-nio-8080-exec-2] DEBUG c.z.t.m.SysUserMapper.selectById - <==      Total: 1
2026-04-03 12:39:17.724 [http-nio-8080-exec-2] DEBUG c.z.t.m.SysUserRoleMapper.selectList - ==>  Preparing: SELECT id,user_id,role_id,create_time,update_time FROM sys_user_role WHERE (user_id = ?)
2026-04-03 12:39:17.724 [http-nio-8080-exec-2] DEBUG c.z.t.m.SysUserRoleMapper.selectList - ==> Parameters: 5(Long)
2026-04-03 12:39:17.724 [http-nio-8080-exec-2] DEBUG c.z.t.m.SysUserRoleMapper.selectList - <==      Total: 1
2026-04-03 12:39:17.724 [http-nio-8080-exec-2] DEBUG c.z.t.m.SysRoleMapper.selectList - ==>  Preparing: SELECT id,role_code,role_name,remark,create_time,update_time FROM sys_role WHERE (id IN (?))
2026-04-03 12:39:17.724 [http-nio-8080-exec-2] DEBUG c.z.t.m.SysRoleMapper.selectList - ==> Parameters: 3(Long)
2026-04-03 12:39:17.726 [http-nio-8080-exec-2] DEBUG c.z.t.m.SysRoleMapper.selectList - <==      Total: 1
2026-04-03 12:39:17.726 [http-nio-8080-exec-2] DEBUG c.z.t.m.SysUserRoleMapper.selectList - ==>  Preparing: SELECT id,user_id,role_id,create_time,update_time FROM sys_user_role WHERE (user_id = ?)
2026-04-03 12:39:17.727 [http-nio-8080-exec-2] DEBUG c.z.t.m.SysUserRoleMapper.selectList - ==> Parameters: 5(Long)
2026-04-03 12:39:17.728 [http-nio-8080-exec-2] DEBUG c.z.t.m.SysUserRoleMapper.selectList - <==      Total: 1
2026-04-03 12:39:17.730 [http-nio-8080-exec-2] DEBUG c.z.t.m.SysRoleMapper.selectList - ==>  Preparing: SELECT id,role_code,role_name,remark,create_time,update_time FROM sys_role WHERE (id IN (?))
2026-04-03 12:39:17.733 [http-nio-8080-exec-2] DEBUG c.z.t.m.SysRoleMapper.selectList - ==> Parameters: 3(Long)
2026-04-03 12:39:17.734 [http-nio-8080-exec-2] DEBUG c.z.t.m.SysRoleMapper.selectList - <==      Total: 1
2026-04-03 12:39:23.622 [http-nio-8080-exec-3] DEBUG c.z.t.m.SysUserMapper.selectList - ==>  Preparing: SELECT id,username,password,real_name,phone,email,student_no,class_name,counselor_id,avatar_url,status,deleted,create_time,update_time FROM sys_user WHERE deleted=0 AND (username = ? AND deleted = ?)
2026-04-03 12:39:23.622 [http-nio-8080-exec-3] DEBUG c.z.t.m.SysUserMapper.selectList - ==> Parameters: student(String), 0(Integer)
2026-04-03 12:39:23.623 [http-nio-8080-exec-3] DEBUG c.z.t.m.SysUserMapper.selectList - <==      Total: 1
2026-04-03 12:39:23.623 [http-nio-8080-exec-3] DEBUG c.z.t.m.SysUserRoleMapper.selectList - ==>  Preparing: SELECT id,user_id,role_id,create_time,update_time FROM sys_user_role WHERE (user_id = ?)
2026-04-03 12:39:23.623 [http-nio-8080-exec-3] DEBUG c.z.t.m.SysUserRoleMapper.selectList - ==> Parameters: 5(Long)
2026-04-03 12:39:23.625 [http-nio-8080-exec-3] DEBUG c.z.t.m.SysUserRoleMapper.selectList - <==      Total: 1
2026-04-03 12:39:23.626 [http-nio-8080-exec-3] DEBUG c.z.t.m.SysRoleMapper.selectList - ==>  Preparing: SELECT id,role_code,role_name,remark,create_time,update_time FROM sys_role WHERE (id IN (?))
2026-04-03 12:39:23.626 [http-nio-8080-exec-3] DEBUG c.z.t.m.SysRoleMapper.selectList - ==> Parameters: 3(Long)
2026-04-03 12:39:23.627 [http-nio-8080-exec-3] DEBUG c.z.t.m.SysRoleMapper.selectList - <==      Total: 1
2026-04-03 12:39:23.628 [http-nio-8080-exec-3] DEBUG c.z.t.m.A.selectList - ==>  Preparing: SELECT id,user_id,title,last_message_at,deleted,create_time,update_time FROM ai_chat_session WHERE deleted=0 AND (user_id = ? AND deleted = ?) ORDER BY last_message_at DESC,id DESC
2026-04-03 12:39:23.629 [http-nio-8080-exec-3] DEBUG c.z.t.m.A.selectList - ==> Parameters: 5(Long), 0(Integer)
2026-04-03 12:39:23.629 [http-nio-8080-exec-3] DEBUG c.z.t.m.A.selectList - <==      Total: 1
2026-04-03 12:39:40.603 [http-nio-8080-exec-4] DEBUG c.z.t.m.SysUserMapper.selectList - ==>  Preparing: SELECT id,username,password,real_name,phone,email,student_no,class_name,counselor_id,avatar_url,status,deleted,create_time,update_time FROM sys_user WHERE deleted=0 AND (username = ? AND deleted = ?)
2026-04-03 12:39:40.604 [http-nio-8080-exec-4] DEBUG c.z.t.m.SysUserMapper.selectList - ==> Parameters: student(String), 0(Integer)
2026-04-03 12:39:40.605 [http-nio-8080-exec-4] DEBUG c.z.t.m.SysUserMapper.selectList - <==      Total: 1
2026-04-03 12:39:40.606 [http-nio-8080-exec-4] DEBUG c.z.t.m.SysUserRoleMapper.selectList - ==>  Preparing: SELECT id,user_id,role_id,create_time,update_time FROM sys_user_role WHERE (user_id = ?)
2026-04-03 12:39:40.607 [http-nio-8080-exec-4] DEBUG c.z.t.m.SysUserRoleMapper.selectList - ==> Parameters: 5(Long)
2026-04-03 12:39:40.607 [http-nio-8080-exec-4] DEBUG c.z.t.m.SysUserRoleMapper.selectList - <==      Total: 1
2026-04-03 12:39:40.609 [http-nio-8080-exec-4] DEBUG c.z.t.m.SysRoleMapper.selectList - ==>  Preparing: SELECT id,role_code,role_name,remark,create_time,update_time FROM sys_role WHERE (id IN (?))
2026-04-03 12:39:40.612 [http-nio-8080-exec-4] DEBUG c.z.t.m.SysRoleMapper.selectList - ==> Parameters: 3(Long)
2026-04-03 12:39:40.614 [http-nio-8080-exec-4] DEBUG c.z.t.m.SysRoleMapper.selectList - <==      Total: 1
2026-04-03 12:39:40.615 [http-nio-8080-exec-4] DEBUG c.z.t.m.A.selectList - ==>  Preparing: SELECT id,user_id,title,last_message_at,deleted,create_time,update_time FROM ai_chat_session WHERE deleted=0 AND (user_id = ? AND deleted = ?) ORDER BY last_message_at DESC,id DESC
2026-04-03 12:39:40.617 [http-nio-8080-exec-4] DEBUG c.z.t.m.A.selectList - ==> Parameters: 5(Long), 0(Integer)
2026-04-03 12:39:40.617 [http-nio-8080-exec-4] DEBUG c.z.t.m.A.selectList - <==      Total: 1
2026-04-03 12:39:53.300 [http-nio-8080-exec-5] DEBUG c.z.t.m.SysUserMapper.selectList - ==>  Preparing: SELECT id,username,password,real_name,phone,email,student_no,class_name,counselor_id,avatar_url,status,deleted,create_time,update_time FROM sys_user WHERE deleted=0 AND (username = ? AND deleted = ?)
2026-04-03 12:39:53.300 [http-nio-8080-exec-5] DEBUG c.z.t.m.SysUserMapper.selectList - ==> Parameters: student(String), 0(Integer)
2026-04-03 12:39:53.301 [http-nio-8080-exec-5] DEBUG c.z.t.m.SysUserMapper.selectList - <==      Total: 1
2026-04-03 12:39:53.302 [http-nio-8080-exec-5] DEBUG c.z.t.m.SysUserRoleMapper.selectList - ==>  Preparing: SELECT id,user_id,role_id,create_time,update_time FROM sys_user_role WHERE (user_id = ?)
2026-04-03 12:39:53.303 [http-nio-8080-exec-5] DEBUG c.z.t.m.SysUserRoleMapper.selectList - ==> Parameters: 5(Long)
2026-04-03 12:39:53.304 [http-nio-8080-exec-5] DEBUG c.z.t.m.SysUserRoleMapper.selectList - <==      Total: 1
2026-04-03 12:39:53.304 [http-nio-8080-exec-5] DEBUG c.z.t.m.SysRoleMapper.selectList - ==>  Preparing: SELECT id,role_code,role_name,remark,create_time,update_time FROM sys_role WHERE (id IN (?))
2026-04-03 12:39:53.305 [http-nio-8080-exec-5] DEBUG c.z.t.m.SysRoleMapper.selectList - ==> Parameters: 3(Long)
2026-04-03 12:39:53.306 [http-nio-8080-exec-5] DEBUG c.z.t.m.SysRoleMapper.selectList - <==      Total: 1
2026-04-03 12:39:53.307 [http-nio-8080-exec-5] DEBUG c.z.t.m.SysUserMapper.selectById - ==>  Preparing: SELECT id,username,password,real_name,phone,email,student_no,class_name,counselor_id,avatar_url,status,deleted,create_time,update_time FROM sys_user WHERE id=? AND deleted=0
2026-04-03 12:39:53.307 [http-nio-8080-exec-5] DEBUG c.z.t.m.SysUserMapper.selectById - ==> Parameters: 5(Long)
2026-04-03 12:39:53.309 [http-nio-8080-exec-5] DEBUG c.z.t.m.SysUserMapper.selectById - <==      Total: 1
2026-04-03 12:39:53.310 [http-nio-8080-exec-5] DEBUG c.z.t.m.SysUserRoleMapper.selectList - ==>  Preparing: SELECT id,user_id,role_id,create_time,update_time FROM sys_user_role WHERE (user_id = ?)
2026-04-03 12:39:53.310 [http-nio-8080-exec-5] DEBUG c.z.t.m.SysUserRoleMapper.selectList - ==> Parameters: 5(Long)
2026-04-03 12:39:53.311 [http-nio-8080-exec-5] DEBUG c.z.t.m.SysUserRoleMapper.selectList - <==      Total: 1
2026-04-03 12:39:53.312 [http-nio-8080-exec-5] DEBUG c.z.t.m.SysRoleMapper.selectList - ==>  Preparing: SELECT id,role_code,role_name,remark,create_time,update_time FROM sys_role WHERE (id IN (?))
2026-04-03 12:39:53.312 [http-nio-8080-exec-5] DEBUG c.z.t.m.SysRoleMapper.selectList - ==> Parameters: 3(Long)
2026-04-03 12:39:53.313 [http-nio-8080-exec-5] DEBUG c.z.t.m.SysRoleMapper.selectList - <==      Total: 1
2026-04-03 12:39:53.313 [http-nio-8080-exec-5] DEBUG c.z.t.m.SysUserRoleMapper.selectList - ==>  Preparing: SELECT id,user_id,role_id,create_time,update_time FROM sys_user_role WHERE (user_id = ?)
2026-04-03 12:39:53.314 [http-nio-8080-exec-5] DEBUG c.z.t.m.SysUserRoleMapper.selectList - ==> Parameters: 5(Long)
2026-04-03 12:39:53.315 [http-nio-8080-exec-5] DEBUG c.z.t.m.SysUserRoleMapper.selectList - <==      Total: 1
2026-04-03 12:39:53.317 [http-nio-8080-exec-5] DEBUG c.z.t.m.SysRoleMapper.selectList - ==>  Preparing: SELECT id,role_code,role_name,remark,create_time,update_time FROM sys_role WHERE (id IN (?))
2026-04-03 12:39:53.317 [http-nio-8080-exec-5] DEBUG c.z.t.m.SysRoleMapper.selectList - ==> Parameters: 3(Long)
2026-04-03 12:39:53.318 [http-nio-8080-exec-5] DEBUG c.z.t.m.SysRoleMapper.selectList - <==      Total: 1
2026-04-03 12:39:55.010 [http-nio-8080-exec-6] DEBUG c.z.t.m.SysUserMapper.selectList - ==>  Preparing: SELECT id,username,password,real_name,phone,email,student_no,class_name,counselor_id,avatar_url,status,deleted,create_time,update_time FROM sys_user WHERE deleted=0 AND (username = ? AND deleted = ?)
2026-04-03 12:39:55.010 [http-nio-8080-exec-6] DEBUG c.z.t.m.SysUserMapper.selectList - ==> Parameters: student(String), 0(Integer)
2026-04-03 12:39:55.010 [http-nio-8080-exec-6] DEBUG c.z.t.m.SysUserMapper.selectList - <==      Total: 1
2026-04-03 12:39:55.011 [http-nio-8080-exec-6] DEBUG c.z.t.m.SysUserRoleMapper.selectList - ==>  Preparing: SELECT id,user_id,role_id,create_time,update_time FROM sys_user_role WHERE (user_id = ?)
2026-04-03 12:39:55.011 [http-nio-8080-exec-6] DEBUG c.z.t.m.SysUserRoleMapper.selectList - ==> Parameters: 5(Long)
2026-04-03 12:39:55.011 [http-nio-8080-exec-6] DEBUG c.z.t.m.SysUserRoleMapper.selectList - <==      Total: 1
2026-04-03 12:39:55.011 [http-nio-8080-exec-6] DEBUG c.z.t.m.SysRoleMapper.selectList - ==>  Preparing: SELECT id,role_code,role_name,remark,create_time,update_time FROM sys_role WHERE (id IN (?))
2026-04-03 12:39:55.013 [http-nio-8080-exec-6] DEBUG c.z.t.m.SysRoleMapper.selectList - ==> Parameters: 3(Long)
2026-04-03 12:39:55.013 [http-nio-8080-exec-6] DEBUG c.z.t.m.SysRoleMapper.selectList - <==      Total: 1
2026-04-03 12:39:55.014 [http-nio-8080-exec-6] DEBUG c.z.t.m.A.selectList - ==>  Preparing: SELECT id,user_id,title,last_message_at,deleted,create_time,update_time FROM ai_chat_session WHERE deleted=0 AND (user_id = ? AND deleted = ?) ORDER BY last_message_at DESC,id DESC
2026-04-03 12:39:55.014 [http-nio-8080-exec-6] DEBUG c.z.t.m.A.selectList - ==> Parameters: 5(Long), 0(Integer)
2026-04-03 12:39:55.014 [http-nio-8080-exec-6] DEBUG c.z.t.m.A.selectList - <==      Total: 1
2026-04-03 12:49:22.179 [http-nio-8080-exec-7] DEBUG c.z.t.m.SysUserMapper.selectList - ==>  Preparing: SELECT id,username,password,real_name,phone,email,student_no,class_name,counselor_id,avatar_url,status,deleted,create_time,update_time FROM sys_user WHERE deleted=0 AND (username = ? AND deleted = ?)
2026-04-03 12:49:22.180 [http-nio-8080-exec-7] DEBUG c.z.t.m.SysUserMapper.selectList - ==> Parameters: student(String), 0(Integer)
2026-04-03 12:49:22.182 [http-nio-8080-exec-7] DEBUG c.z.t.m.SysUserMapper.selectList - <==      Total: 1
2026-04-03 12:49:22.182 [http-nio-8080-exec-7] DEBUG c.z.t.m.SysUserRoleMapper.selectList - ==>  Preparing: SELECT id,user_id,role_id,create_time,update_time FROM sys_user_role WHERE (user_id = ?)
2026-04-03 12:49:22.183 [http-nio-8080-exec-7] DEBUG c.z.t.m.SysUserRoleMapper.selectList - ==> Parameters: 5(Long)
2026-04-03 12:49:22.183 [http-nio-8080-exec-7] DEBUG c.z.t.m.SysUserRoleMapper.selectList - <==      Total: 1
2026-04-03 12:49:22.184 [http-nio-8080-exec-7] DEBUG c.z.t.m.SysRoleMapper.selectList - ==>  Preparing: SELECT id,role_code,role_name,remark,create_time,update_time FROM sys_role WHERE (id IN (?))
2026-04-03 12:49:22.184 [http-nio-8080-exec-7] DEBUG c.z.t.m.SysRoleMapper.selectList - ==> Parameters: 3(Long)
2026-04-03 12:49:22.185 [http-nio-8080-exec-7] DEBUG c.z.t.m.SysRoleMapper.selectList - <==      Total: 1
2026-04-03 12:49:22.193 [http-nio-8080-exec-7] DEBUG c.z.t.m.A.selectById - ==>  Preparing: SELECT id,user_id,title,last_message_at,deleted,create_time,update_time FROM ai_chat_session WHERE id=? AND deleted=0
2026-04-03 12:49:22.193 [http-nio-8080-exec-7] DEBUG c.z.t.m.A.selectById - ==> Parameters: 1(Long)
2026-04-03 12:49:22.195 [http-nio-8080-exec-7] DEBUG c.z.t.m.A.selectById - <==      Total: 1
2026-04-03 12:49:22.257 [http-nio-8080-exec-7] DEBUG c.z.t.m.A.selectList_mpCount - ==>  Preparing: SELECT COUNT(*) AS total FROM ai_chat_message WHERE deleted = 0 AND (session_id = ? AND deleted = ? AND message_role IN (?, ?))
2026-04-03 12:49:22.259 [http-nio-8080-exec-7] DEBUG c.z.t.m.A.selectList_mpCount - ==> Parameters: 1(Long), 0(Integer), user(String), assistant(String)
2026-04-03 12:49:22.262 [http-nio-8080-exec-7] DEBUG c.z.t.m.A.selectList_mpCount - <==      Total: 1
2026-04-03 12:49:22.265 [http-nio-8080-exec-7] DEBUG c.z.t.m.A.selectList - ==>  Preparing: SELECT id,session_id,message_role,content,token_estimate,deleted,create_time,update_time FROM ai_chat_message WHERE deleted=0 AND (session_id = ? AND deleted = ? AND message_role IN (?,?)) ORDER BY create_time ASC,id ASC LIMIT ?
2026-04-03 12:49:22.265 [http-nio-8080-exec-7] DEBUG c.z.t.m.A.selectList - ==> Parameters: 1(Long), 0(Integer), user(String), assistant(String), 100(Long)
2026-04-03 12:49:22.268 [http-nio-8080-exec-7] DEBUG c.z.t.m.A.selectList - <==      Total: 4
2026-04-03 13:41:12.925 [http-nio-8080-exec-8] DEBUG c.z.t.m.SysUserMapper.selectList - ==>  Preparing: SELECT id,username,password,real_name,phone,email,student_no,class_name,counselor_id,avatar_url,status,deleted,create_time,update_time FROM sys_user WHERE deleted=0 AND (username = ? AND deleted = ?)
2026-04-03 13:41:12.925 [http-nio-8080-exec-8] DEBUG c.z.t.m.SysUserMapper.selectList - ==> Parameters: student(String), 0(Integer)
2026-04-03 13:41:12.926 [http-nio-8080-exec-8] DEBUG c.z.t.m.SysUserMapper.selectList - <==      Total: 1
2026-04-03 13:41:12.926 [http-nio-8080-exec-8] DEBUG c.z.t.m.SysUserRoleMapper.selectList - ==>  Preparing: SELECT id,user_id,role_id,create_time,update_time FROM sys_user_role WHERE (user_id = ?)
2026-04-03 13:41:12.927 [http-nio-8080-exec-8] DEBUG c.z.t.m.SysUserRoleMapper.selectList - ==> Parameters: 5(Long)
2026-04-03 13:41:12.928 [http-nio-8080-exec-8] DEBUG c.z.t.m.SysUserRoleMapper.selectList - <==      Total: 1
2026-04-03 13:41:12.928 [http-nio-8080-exec-8] DEBUG c.z.t.m.SysRoleMapper.selectList - ==>  Preparing: SELECT id,role_code,role_name,remark,create_time,update_time FROM sys_role WHERE (id IN (?))
2026-04-03 13:41:12.929 [http-nio-8080-exec-8] DEBUG c.z.t.m.SysRoleMapper.selectList - ==> Parameters: 3(Long)
2026-04-03 13:41:12.931 [http-nio-8080-exec-8] DEBUG c.z.t.m.SysRoleMapper.selectList - <==      Total: 1
2026-04-03 13:41:12.931 [http-nio-8080-exec-8] DEBUG c.z.t.m.SysUserMapper.selectById - ==>  Preparing: SELECT id,username,password,real_name,phone,email,student_no,class_name,counselor_id,avatar_url,status,deleted,create_time,update_time FROM sys_user WHERE id=? AND deleted=0
2026-04-03 13:41:12.931 [http-nio-8080-exec-8] DEBUG c.z.t.m.SysUserMapper.selectById - ==> Parameters: 5(Long)
2026-04-03 13:41:12.934 [http-nio-8080-exec-8] DEBUG c.z.t.m.SysUserMapper.selectById - <==      Total: 1
2026-04-03 13:41:12.935 [http-nio-8080-exec-8] DEBUG c.z.t.m.SysUserRoleMapper.selectList - ==>  Preparing: SELECT id,user_id,role_id,create_time,update_time FROM sys_user_role WHERE (user_id = ?)
2026-04-03 13:41:12.935 [http-nio-8080-exec-8] DEBUG c.z.t.m.SysUserRoleMapper.selectList - ==> Parameters: 5(Long)
2026-04-03 13:41:12.936 [http-nio-8080-exec-8] DEBUG c.z.t.m.SysUserRoleMapper.selectList - <==      Total: 1
2026-04-03 13:41:12.937 [http-nio-8080-exec-8] DEBUG c.z.t.m.SysRoleMapper.selectList - ==>  Preparing: SELECT id,role_code,role_name,remark,create_time,update_time FROM sys_role WHERE (id IN (?))
2026-04-03 13:41:12.937 [http-nio-8080-exec-8] DEBUG c.z.t.m.SysRoleMapper.selectList - ==> Parameters: 3(Long)
2026-04-03 13:41:12.939 [http-nio-8080-exec-8] DEBUG c.z.t.m.SysRoleMapper.selectList - <==      Total: 1
2026-04-03 13:41:12.939 [http-nio-8080-exec-8] DEBUG c.z.t.m.SysUserRoleMapper.selectList - ==>  Preparing: SELECT id,user_id,role_id,create_time,update_time FROM sys_user_role WHERE (user_id = ?)
2026-04-03 13:41:12.939 [http-nio-8080-exec-8] DEBUG c.z.t.m.SysUserRoleMapper.selectList - ==> Parameters: 5(Long)
2026-04-03 13:41:12.940 [http-nio-8080-exec-8] DEBUG c.z.t.m.SysUserRoleMapper.selectList - <==      Total: 1
2026-04-03 13:41:12.942 [http-nio-8080-exec-8] DEBUG c.z.t.m.SysRoleMapper.selectList - ==>  Preparing: SELECT id,role_code,role_name,remark,create_time,update_time FROM sys_role WHERE (id IN (?))
2026-04-03 13:41:12.942 [http-nio-8080-exec-8] DEBUG c.z.t.m.SysRoleMapper.selectList - ==> Parameters: 3(Long)
2026-04-03 13:41:12.944 [http-nio-8080-exec-8] DEBUG c.z.t.m.SysRoleMapper.selectList - <==      Total: 1
2026-04-03 13:41:14.274 [http-nio-8080-exec-9] DEBUG c.z.t.m.SysUserMapper.selectList - ==>  Preparing: SELECT id,username,password,real_name,phone,email,student_no,class_name,counselor_id,avatar_url,status,deleted,create_time,update_time FROM sys_user WHERE deleted=0 AND (username = ? AND deleted = ?)
2026-04-03 13:41:14.275 [http-nio-8080-exec-9] DEBUG c.z.t.m.SysUserMapper.selectList - ==> Parameters: student(String), 0(Integer)
2026-04-03 13:41:14.276 [http-nio-8080-exec-9] DEBUG c.z.t.m.SysUserMapper.selectList - <==      Total: 1
2026-04-03 13:41:14.277 [http-nio-8080-exec-9] DEBUG c.z.t.m.SysUserRoleMapper.selectList - ==>  Preparing: SELECT id,user_id,role_id,create_time,update_time FROM sys_user_role WHERE (user_id = ?)
2026-04-03 13:41:14.278 [http-nio-8080-exec-9] DEBUG c.z.t.m.SysUserRoleMapper.selectList - ==> Parameters: 5(Long)
2026-04-03 13:41:14.278 [http-nio-8080-exec-9] DEBUG c.z.t.m.SysUserRoleMapper.selectList - <==      Total: 1
2026-04-03 13:41:14.279 [http-nio-8080-exec-9] DEBUG c.z.t.m.SysRoleMapper.selectList - ==>  Preparing: SELECT id,role_code,role_name,remark,create_time,update_time FROM sys_role WHERE (id IN (?))
2026-04-03 13:41:14.279 [http-nio-8080-exec-9] DEBUG c.z.t.m.SysRoleMapper.selectList - ==> Parameters: 3(Long)
2026-04-03 13:41:14.280 [http-nio-8080-exec-9] DEBUG c.z.t.m.SysRoleMapper.selectList - <==      Total: 1
2026-04-03 13:41:14.282 [http-nio-8080-exec-9] DEBUG c.z.t.m.A.selectList - ==>  Preparing: SELECT id,user_id,title,last_message_at,deleted,create_time,update_time FROM ai_chat_session WHERE deleted=0 AND (user_id = ? AND deleted = ?) ORDER BY last_message_at DESC,id DESC
2026-04-03 13:41:14.282 [http-nio-8080-exec-9] DEBUG c.z.t.m.A.selectList - ==> Parameters: 5(Long), 0(Integer)
2026-04-03 13:41:14.283 [http-nio-8080-exec-9] DEBUG c.z.t.m.A.selectList - <==      Total: 1
2026-04-03 13:41:15.660 [http-nio-8080-exec-10] DEBUG c.z.t.m.SysUserMapper.selectList - ==>  Preparing: SELECT id,username,password,real_name,phone,email,student_no,class_name,counselor_id,avatar_url,status,deleted,create_time,update_time FROM sys_user WHERE deleted=0 AND (username = ? AND deleted = ?)
2026-04-03 13:41:15.661 [http-nio-8080-exec-10] DEBUG c.z.t.m.SysUserMapper.selectList - ==> Parameters: student(String), 0(Integer)
2026-04-03 13:41:15.661 [http-nio-8080-exec-10] DEBUG c.z.t.m.SysUserMapper.selectList - <==      Total: 1
2026-04-03 13:41:15.663 [http-nio-8080-exec-10] DEBUG c.z.t.m.SysUserRoleMapper.selectList - ==>  Preparing: SELECT id,user_id,role_id,create_time,update_time FROM sys_user_role WHERE (user_id = ?)
2026-04-03 13:41:15.663 [http-nio-8080-exec-10] DEBUG c.z.t.m.SysUserRoleMapper.selectList - ==> Parameters: 5(Long)
2026-04-03 13:41:15.663 [http-nio-8080-exec-10] DEBUG c.z.t.m.SysUserRoleMapper.selectList - <==      Total: 1
2026-04-03 13:41:15.663 [http-nio-8080-exec-10] DEBUG c.z.t.m.SysRoleMapper.selectList - ==>  Preparing: SELECT id,role_code,role_name,remark,create_time,update_time FROM sys_role WHERE (id IN (?))
2026-04-03 13:41:15.665 [http-nio-8080-exec-10] DEBUG c.z.t.m.SysRoleMapper.selectList - ==> Parameters: 3(Long)
2026-04-03 13:41:15.665 [http-nio-8080-exec-10] DEBUG c.z.t.m.SysRoleMapper.selectList - <==      Total: 1
2026-04-03 13:41:15.666 [http-nio-8080-exec-10] DEBUG c.z.t.m.A.selectById - ==>  Preparing: SELECT id,user_id,title,last_message_at,deleted,create_time,update_time FROM ai_chat_session WHERE id=? AND deleted=0
2026-04-03 13:41:15.666 [http-nio-8080-exec-10] DEBUG c.z.t.m.A.selectById - ==> Parameters: 1(Long)
2026-04-03 13:41:15.666 [http-nio-8080-exec-10] DEBUG c.z.t.m.A.selectById - <==      Total: 1
2026-04-03 13:41:15.672 [http-nio-8080-exec-10] DEBUG c.z.t.m.A.selectList_mpCount - ==>  Preparing: SELECT COUNT(*) AS total FROM ai_chat_message WHERE deleted = 0 AND (session_id = ? AND deleted = ? AND message_role IN (?, ?))
2026-04-03 13:41:15.672 [http-nio-8080-exec-10] DEBUG c.z.t.m.A.selectList_mpCount - ==> Parameters: 1(Long), 0(Integer), user(String), assistant(String)
2026-04-03 13:41:15.674 [http-nio-8080-exec-10] DEBUG c.z.t.m.A.selectList_mpCount - <==      Total: 1
2026-04-03 13:41:15.674 [http-nio-8080-exec-10] DEBUG c.z.t.m.A.selectList - ==>  Preparing: SELECT id,session_id,message_role,content,token_estimate,deleted,create_time,update_time FROM ai_chat_message WHERE deleted=0 AND (session_id = ? AND deleted = ? AND message_role IN (?,?)) ORDER BY create_time ASC,id ASC LIMIT ?
2026-04-03 13:41:15.675 [http-nio-8080-exec-10] DEBUG c.z.t.m.A.selectList - ==> Parameters: 1(Long), 0(Integer), user(String), assistant(String), 100(Long)
2026-04-03 13:41:15.677 [http-nio-8080-exec-10] DEBUG c.z.t.m.A.selectList - <==      Total: 4
2026-04-03 13:42:05.791 [http-nio-8080-exec-1] DEBUG c.z.t.m.SysUserMapper.selectList - ==>  Preparing: SELECT id,username,password,real_name,phone,email,student_no,class_name,counselor_id,avatar_url,status,deleted,create_time,update_time FROM sys_user WHERE deleted=0 AND (username = ? AND deleted = ?)
2026-04-03 13:42:05.793 [http-nio-8080-exec-1] DEBUG c.z.t.m.SysUserMapper.selectList - ==> Parameters: student(String), 0(Integer)
2026-04-03 13:42:05.795 [http-nio-8080-exec-1] DEBUG c.z.t.m.SysUserMapper.selectList - <==      Total: 1
2026-04-03 13:42:05.795 [http-nio-8080-exec-1] DEBUG c.z.t.m.SysUserRoleMapper.selectList - ==>  Preparing: SELECT id,user_id,role_id,create_time,update_time FROM sys_user_role WHERE (user_id = ?)
2026-04-03 13:42:05.795 [http-nio-8080-exec-1] DEBUG c.z.t.m.SysUserRoleMapper.selectList - ==> Parameters: 5(Long)
2026-04-03 13:42:05.796 [http-nio-8080-exec-1] DEBUG c.z.t.m.SysUserRoleMapper.selectList - <==      Total: 1
2026-04-03 13:42:05.798 [http-nio-8080-exec-1] DEBUG c.z.t.m.SysRoleMapper.selectList - ==>  Preparing: SELECT id,role_code,role_name,remark,create_time,update_time FROM sys_role WHERE (id IN (?))
2026-04-03 13:42:05.798 [http-nio-8080-exec-1] DEBUG c.z.t.m.SysRoleMapper.selectList - ==> Parameters: 3(Long)
2026-04-03 13:42:05.799 [http-nio-8080-exec-1] DEBUG c.z.t.m.SysRoleMapper.selectList - <==      Total: 1
2026-04-03 13:42:05.801 [http-nio-8080-exec-1] DEBUG c.z.t.m.A.selectList - ==>  Preparing: SELECT id,user_id,title,last_message_at,deleted,create_time,update_time FROM ai_chat_session WHERE deleted=0 AND (user_id = ? AND deleted = ?) ORDER BY last_message_at DESC,id DESC
2026-04-03 13:42:05.801 [http-nio-8080-exec-1] DEBUG c.z.t.m.A.selectList - ==> Parameters: 5(Long), 0(Integer)
2026-04-03 13:42:05.802 [http-nio-8080-exec-1] DEBUG c.z.t.m.A.selectList - <==      Total: 1
2026-04-03 13:44:12.382 [http-nio-8080-exec-2] DEBUG c.z.t.m.SysUserMapper.selectList - ==>  Preparing: SELECT id,username,password,real_name,phone,email,student_no,class_name,counselor_id,avatar_url,status,deleted,create_time,update_time FROM sys_user WHERE deleted=0 AND (username = ? AND deleted = ?)
2026-04-03 13:44:12.384 [http-nio-8080-exec-2] DEBUG c.z.t.m.SysUserMapper.selectList - ==> Parameters: student(String), 0(Integer)
2026-04-03 13:44:12.384 [http-nio-8080-exec-2] DEBUG c.z.t.m.SysUserMapper.selectList - <==      Total: 1
2026-04-03 13:44:12.385 [http-nio-8080-exec-2] DEBUG c.z.t.m.SysUserRoleMapper.selectList - ==>  Preparing: SELECT id,user_id,role_id,create_time,update_time FROM sys_user_role WHERE (user_id = ?)
2026-04-03 13:44:12.385 [http-nio-8080-exec-2] DEBUG c.z.t.m.SysUserRoleMapper.selectList - ==> Parameters: 5(Long)
2026-04-03 13:44:12.387 [http-nio-8080-exec-2] DEBUG c.z.t.m.SysUserRoleMapper.selectList - <==      Total: 1
2026-04-03 13:44:12.387 [http-nio-8080-exec-2] DEBUG c.z.t.m.SysRoleMapper.selectList - ==>  Preparing: SELECT id,role_code,role_name,remark,create_time,update_time FROM sys_role WHERE (id IN (?))
2026-04-03 13:44:12.387 [http-nio-8080-exec-2] DEBUG c.z.t.m.SysRoleMapper.selectList - ==> Parameters: 3(Long)
2026-04-03 13:44:12.388 [http-nio-8080-exec-2] DEBUG c.z.t.m.SysRoleMapper.selectList - <==      Total: 1
2026-04-03 13:44:12.390 [http-nio-8080-exec-2] DEBUG c.z.t.m.SysUserMapper.selectById - ==>  Preparing: SELECT id,username,password,real_name,phone,email,student_no,class_name,counselor_id,avatar_url,status,deleted,create_time,update_time FROM sys_user WHERE id=? AND deleted=0
2026-04-03 13:44:12.390 [http-nio-8080-exec-2] DEBUG c.z.t.m.SysUserMapper.selectById - ==> Parameters: 5(Long)
2026-04-03 13:44:12.391 [http-nio-8080-exec-2] DEBUG c.z.t.m.SysUserMapper.selectById - <==      Total: 1
2026-04-03 13:44:12.391 [http-nio-8080-exec-2] DEBUG c.z.t.m.SysUserRoleMapper.selectList - ==>  Preparing: SELECT id,user_id,role_id,create_time,update_time FROM sys_user_role WHERE (user_id = ?)
2026-04-03 13:44:12.391 [http-nio-8080-exec-2] DEBUG c.z.t.m.SysUserRoleMapper.selectList - ==> Parameters: 5(Long)
2026-04-03 13:44:12.393 [http-nio-8080-exec-2] DEBUG c.z.t.m.SysUserRoleMapper.selectList - <==      Total: 1
2026-04-03 13:44:12.393 [http-nio-8080-exec-2] DEBUG c.z.t.m.SysRoleMapper.selectList - ==>  Preparing: SELECT id,role_code,role_name,remark,create_time,update_time FROM sys_role WHERE (id IN (?))
2026-04-03 13:44:12.394 [http-nio-8080-exec-2] DEBUG c.z.t.m.SysRoleMapper.selectList - ==> Parameters: 3(Long)
2026-04-03 13:44:12.394 [http-nio-8080-exec-2] DEBUG c.z.t.m.SysRoleMapper.selectList - <==      Total: 1
2026-04-03 13:44:12.396 [http-nio-8080-exec-2] DEBUG c.z.t.m.SysUserRoleMapper.selectList - ==>  Preparing: SELECT id,user_id,role_id,create_time,update_time FROM sys_user_role WHERE (user_id = ?)
2026-04-03 13:44:12.397 [http-nio-8080-exec-2] DEBUG c.z.t.m.SysUserRoleMapper.selectList - ==> Parameters: 5(Long)
2026-04-03 13:44:12.397 [http-nio-8080-exec-2] DEBUG c.z.t.m.SysUserRoleMapper.selectList - <==      Total: 1
2026-04-03 13:44:12.398 [http-nio-8080-exec-2] DEBUG c.z.t.m.SysRoleMapper.selectList - ==>  Preparing: SELECT id,role_code,role_name,remark,create_time,update_time FROM sys_role WHERE (id IN (?))
2026-04-03 13:44:12.398 [http-nio-8080-exec-2] DEBUG c.z.t.m.SysRoleMapper.selectList - ==> Parameters: 3(Long)
2026-04-03 13:44:12.399 [http-nio-8080-exec-2] DEBUG c.z.t.m.SysRoleMapper.selectList - <==      Total: 1
2026-04-03 13:44:12.455 [http-nio-8080-exec-3] DEBUG c.z.t.m.SysUserMapper.selectList - ==>  Preparing: SELECT id,username,password,real_name,phone,email,student_no,class_name,counselor_id,avatar_url,status,deleted,create_time,update_time FROM sys_user WHERE deleted=0 AND (username = ? AND deleted = ?)
2026-04-03 13:44:12.456 [http-nio-8080-exec-3] DEBUG c.z.t.m.SysUserMapper.selectList - ==> Parameters: student(String), 0(Integer)
2026-04-03 13:44:12.456 [http-nio-8080-exec-3] DEBUG c.z.t.m.SysUserMapper.selectList - <==      Total: 1
2026-04-03 13:44:12.458 [http-nio-8080-exec-3] DEBUG c.z.t.m.SysUserRoleMapper.selectList - ==>  Preparing: SELECT id,user_id,role_id,create_time,update_time FROM sys_user_role WHERE (user_id = ?)
2026-04-03 13:44:12.458 [http-nio-8080-exec-3] DEBUG c.z.t.m.SysUserRoleMapper.selectList - ==> Parameters: 5(Long)
2026-04-03 13:44:12.460 [http-nio-8080-exec-3] DEBUG c.z.t.m.SysUserRoleMapper.selectList - <==      Total: 1
2026-04-03 13:44:12.460 [http-nio-8080-exec-3] DEBUG c.z.t.m.SysRoleMapper.selectList - ==>  Preparing: SELECT id,role_code,role_name,remark,create_time,update_time FROM sys_role WHERE (id IN (?))
2026-04-03 13:44:12.461 [http-nio-8080-exec-3] DEBUG c.z.t.m.SysRoleMapper.selectList - ==> Parameters: 3(Long)
2026-04-03 13:44:12.461 [http-nio-8080-exec-3] DEBUG c.z.t.m.SysRoleMapper.selectList - <==      Total: 1
2026-04-03 13:44:12.463 [http-nio-8080-exec-3] DEBUG c.z.t.m.A.selectList - ==>  Preparing: SELECT id,user_id,title,last_message_at,deleted,create_time,update_time FROM ai_chat_session WHERE deleted=0 AND (user_id = ? AND deleted = ?) ORDER BY last_message_at DESC,id DESC
2026-04-03 13:44:12.464 [http-nio-8080-exec-3] DEBUG c.z.t.m.A.selectList - ==> Parameters: 5(Long), 0(Integer)
2026-04-03 13:44:12.464 [http-nio-8080-exec-3] DEBUG c.z.t.m.A.selectList - <==      Total: 1
2026-04-03 13:45:21.558 [http-nio-8080-exec-4] DEBUG c.z.t.m.SysUserMapper.selectList - ==>  Preparing: SELECT id,username,password,real_name,phone,email,student_no,class_name,counselor_id,avatar_url,status,deleted,create_time,update_time FROM sys_user WHERE deleted=0 AND (username = ? AND deleted = ?)
2026-04-03 13:45:21.560 [http-nio-8080-exec-4] DEBUG c.z.t.m.SysUserMapper.selectList - ==> Parameters: student(String), 0(Integer)
2026-04-03 13:45:21.561 [http-nio-8080-exec-4] DEBUG c.z.t.m.SysUserMapper.selectList - <==      Total: 1
2026-04-03 13:45:21.562 [http-nio-8080-exec-4] DEBUG c.z.t.m.SysUserRoleMapper.selectList - ==>  Preparing: SELECT id,user_id,role_id,create_time,update_time FROM sys_user_role WHERE (user_id = ?)
2026-04-03 13:45:21.563 [http-nio-8080-exec-4] DEBUG c.z.t.m.SysUserRoleMapper.selectList - ==> Parameters: 5(Long)
2026-04-03 13:45:21.563 [http-nio-8080-exec-4] DEBUG c.z.t.m.SysUserRoleMapper.selectList - <==      Total: 1
2026-04-03 13:45:21.565 [http-nio-8080-exec-4] DEBUG c.z.t.m.SysRoleMapper.selectList - ==>  Preparing: SELECT id,role_code,role_name,remark,create_time,update_time FROM sys_role WHERE (id IN (?))
2026-04-03 13:45:21.565 [http-nio-8080-exec-4] DEBUG c.z.t.m.SysRoleMapper.selectList - ==> Parameters: 3(Long)
2026-04-03 13:45:21.566 [http-nio-8080-exec-4] DEBUG c.z.t.m.SysRoleMapper.selectList - <==      Total: 1
2026-04-03 13:45:21.567 [http-nio-8080-exec-4] DEBUG c.z.t.m.SysUserMapper.selectById - ==>  Preparing: SELECT id,username,password,real_name,phone,email,student_no,class_name,counselor_id,avatar_url,status,deleted,create_time,update_time FROM sys_user WHERE id=? AND deleted=0
2026-04-03 13:45:21.568 [http-nio-8080-exec-4] DEBUG c.z.t.m.SysUserMapper.selectById - ==> Parameters: 5(Long)
2026-04-03 13:45:21.569 [http-nio-8080-exec-4] DEBUG c.z.t.m.SysUserMapper.selectById - <==      Total: 1
2026-04-03 13:45:21.569 [http-nio-8080-exec-4] DEBUG c.z.t.m.SysUserRoleMapper.selectList - ==>  Preparing: SELECT id,user_id,role_id,create_time,update_time FROM sys_user_role WHERE (user_id = ?)
2026-04-03 13:45:21.569 [http-nio-8080-exec-4] DEBUG c.z.t.m.SysUserRoleMapper.selectList - ==> Parameters: 5(Long)
2026-04-03 13:45:21.571 [http-nio-8080-exec-4] DEBUG c.z.t.m.SysUserRoleMapper.selectList - <==      Total: 1
2026-04-03 13:45:21.571 [http-nio-8080-exec-4] DEBUG c.z.t.m.SysRoleMapper.selectList - ==>  Preparing: SELECT id,role_code,role_name,remark,create_time,update_time FROM sys_role WHERE (id IN (?))
2026-04-03 13:45:21.572 [http-nio-8080-exec-4] DEBUG c.z.t.m.SysRoleMapper.selectList - ==> Parameters: 3(Long)
2026-04-03 13:45:21.572 [http-nio-8080-exec-4] DEBUG c.z.t.m.SysRoleMapper.selectList - <==      Total: 1
2026-04-03 13:45:21.572 [http-nio-8080-exec-4] DEBUG c.z.t.m.SysUserRoleMapper.selectList - ==>  Preparing: SELECT id,user_id,role_id,create_time,update_time FROM sys_user_role WHERE (user_id = ?)
2026-04-03 13:45:21.573 [http-nio-8080-exec-4] DEBUG c.z.t.m.SysUserRoleMapper.selectList - ==> Parameters: 5(Long)
2026-04-03 13:45:21.574 [http-nio-8080-exec-4] DEBUG c.z.t.m.SysUserRoleMapper.selectList - <==      Total: 1
2026-04-03 13:45:21.575 [http-nio-8080-exec-4] DEBUG c.z.t.m.SysRoleMapper.selectList - ==>  Preparing: SELECT id,role_code,role_name,remark,create_time,update_time FROM sys_role WHERE (id IN (?))
2026-04-03 13:45:21.575 [http-nio-8080-exec-4] DEBUG c.z.t.m.SysRoleMapper.selectList - ==> Parameters: 3(Long)
2026-04-03 13:45:21.575 [http-nio-8080-exec-4] DEBUG c.z.t.m.SysRoleMapper.selectList - <==      Total: 1
2026-04-03 13:45:36.329 [http-nio-8080-exec-5] DEBUG c.z.t.m.SysUserMapper.selectList - ==>  Preparing: SELECT id,username,password,real_name,phone,email,student_no,class_name,counselor_id,avatar_url,status,deleted,create_time,update_time FROM sys_user WHERE deleted=0 AND (username = ? AND deleted = ?)
2026-04-03 13:45:36.330 [http-nio-8080-exec-5] DEBUG c.z.t.m.SysUserMapper.selectList - ==> Parameters: student(String), 0(Integer)
2026-04-03 13:45:36.330 [http-nio-8080-exec-5] DEBUG c.z.t.m.SysUserMapper.selectList - <==      Total: 1
2026-04-03 13:45:36.332 [http-nio-8080-exec-5] DEBUG c.z.t.m.SysUserRoleMapper.selectList - ==>  Preparing: SELECT id,user_id,role_id,create_time,update_time FROM sys_user_role WHERE (user_id = ?)
2026-04-03 13:45:36.332 [http-nio-8080-exec-5] DEBUG c.z.t.m.SysUserRoleMapper.selectList - ==> Parameters: 5(Long)
2026-04-03 13:45:36.332 [http-nio-8080-exec-5] DEBUG c.z.t.m.SysUserRoleMapper.selectList - <==      Total: 1
2026-04-03 13:45:36.334 [http-nio-8080-exec-5] DEBUG c.z.t.m.SysRoleMapper.selectList - ==>  Preparing: SELECT id,role_code,role_name,remark,create_time,update_time FROM sys_role WHERE (id IN (?))
2026-04-03 13:45:36.334 [http-nio-8080-exec-5] DEBUG c.z.t.m.SysRoleMapper.selectList - ==> Parameters: 3(Long)
2026-04-03 13:45:36.335 [http-nio-8080-exec-5] DEBUG c.z.t.m.SysRoleMapper.selectList - <==      Total: 1
2026-04-03 13:45:36.335 [http-nio-8080-exec-5] DEBUG c.z.t.m.SysUserMapper.selectById - ==>  Preparing: SELECT id,username,password,real_name,phone,email,student_no,class_name,counselor_id,avatar_url,status,deleted,create_time,update_time FROM sys_user WHERE id=? AND deleted=0
2026-04-03 13:45:36.335 [http-nio-8080-exec-5] DEBUG c.z.t.m.SysUserMapper.selectById - ==> Parameters: 5(Long)
2026-04-03 13:45:36.337 [http-nio-8080-exec-5] DEBUG c.z.t.m.SysUserMapper.selectById - <==      Total: 1
2026-04-03 13:45:36.338 [http-nio-8080-exec-5] DEBUG c.z.t.m.SysUserRoleMapper.selectList - ==>  Preparing: SELECT id,user_id,role_id,create_time,update_time FROM sys_user_role WHERE (user_id = ?)
2026-04-03 13:45:36.338 [http-nio-8080-exec-5] DEBUG c.z.t.m.SysUserRoleMapper.selectList - ==> Parameters: 5(Long)
2026-04-03 13:45:36.339 [http-nio-8080-exec-5] DEBUG c.z.t.m.SysUserRoleMapper.selectList - <==      Total: 1
2026-04-03 13:45:36.340 [http-nio-8080-exec-5] DEBUG c.z.t.m.SysRoleMapper.selectList - ==>  Preparing: SELECT id,role_code,role_name,remark,create_time,update_time FROM sys_role WHERE (id IN (?))
2026-04-03 13:45:36.340 [http-nio-8080-exec-5] DEBUG c.z.t.m.SysRoleMapper.selectList - ==> Parameters: 3(Long)
2026-04-03 13:45:36.340 [http-nio-8080-exec-5] DEBUG c.z.t.m.SysRoleMapper.selectList - <==      Total: 1
2026-04-03 13:45:36.341 [http-nio-8080-exec-5] DEBUG c.z.t.m.SysUserRoleMapper.selectList - ==>  Preparing: SELECT id,user_id,role_id,create_time,update_time FROM sys_user_role WHERE (user_id = ?)
2026-04-03 13:45:36.341 [http-nio-8080-exec-5] DEBUG c.z.t.m.SysUserRoleMapper.selectList - ==> Parameters: 5(Long)
2026-04-03 13:45:36.343 [http-nio-8080-exec-5] DEBUG c.z.t.m.SysUserRoleMapper.selectList - <==      Total: 1
2026-04-03 13:45:36.343 [http-nio-8080-exec-5] DEBUG c.z.t.m.SysRoleMapper.selectList - ==>  Preparing: SELECT id,role_code,role_name,remark,create_time,update_time FROM sys_role WHERE (id IN (?))
2026-04-03 13:45:36.343 [http-nio-8080-exec-5] DEBUG c.z.t.m.SysRoleMapper.selectList - ==> Parameters: 3(Long)
2026-04-03 13:45:36.344 [http-nio-8080-exec-5] DEBUG c.z.t.m.SysRoleMapper.selectList - <==      Total: 1
2026-04-03 13:45:36.388 [http-nio-8080-exec-6] DEBUG c.z.t.m.SysUserMapper.selectList - ==>  Preparing: SELECT id,username,password,real_name,phone,email,student_no,class_name,counselor_id,avatar_url,status,deleted,create_time,update_time FROM sys_user WHERE deleted=0 AND (username = ? AND deleted = ?)
2026-04-03 13:45:36.388 [http-nio-8080-exec-6] DEBUG c.z.t.m.SysUserMapper.selectList - ==> Parameters: student(String), 0(Integer)
2026-04-03 13:45:36.390 [http-nio-8080-exec-6] DEBUG c.z.t.m.SysUserMapper.selectList - <==      Total: 1
2026-04-03 13:45:36.390 [http-nio-8080-exec-6] DEBUG c.z.t.m.SysUserRoleMapper.selectList - ==>  Preparing: SELECT id,user_id,role_id,create_time,update_time FROM sys_user_role WHERE (user_id = ?)
2026-04-03 13:45:36.390 [http-nio-8080-exec-6] DEBUG c.z.t.m.SysUserRoleMapper.selectList - ==> Parameters: 5(Long)
2026-04-03 13:45:36.391 [http-nio-8080-exec-6] DEBUG c.z.t.m.SysUserRoleMapper.selectList - <==      Total: 1
2026-04-03 13:45:36.392 [http-nio-8080-exec-6] DEBUG c.z.t.m.SysRoleMapper.selectList - ==>  Preparing: SELECT id,role_code,role_name,remark,create_time,update_time FROM sys_role WHERE (id IN (?))
2026-04-03 13:45:36.392 [http-nio-8080-exec-6] DEBUG c.z.t.m.SysRoleMapper.selectList - ==> Parameters: 3(Long)
2026-04-03 13:45:36.393 [http-nio-8080-exec-6] DEBUG c.z.t.m.SysRoleMapper.selectList - <==      Total: 1
2026-04-03 13:45:36.395 [http-nio-8080-exec-6] DEBUG c.z.t.m.SysUserMapper.selectById - ==>  Preparing: SELECT id,username,password,real_name,phone,email,student_no,class_name,counselor_id,avatar_url,status,deleted,create_time,update_time FROM sys_user WHERE id=? AND deleted=0
2026-04-03 13:45:36.395 [http-nio-8080-exec-6] DEBUG c.z.t.m.SysUserMapper.selectById - ==> Parameters: 5(Long)
2026-04-03 13:45:36.396 [http-nio-8080-exec-6] DEBUG c.z.t.m.SysUserMapper.selectById - <==      Total: 1
2026-04-03 13:45:36.398 [http-nio-8080-exec-6] DEBUG c.z.t.m.SysUserRoleMapper.selectList - ==>  Preparing: SELECT id,user_id,role_id,create_time,update_time FROM sys_user_role WHERE (user_id = ?)
2026-04-03 13:45:36.398 [http-nio-8080-exec-6] DEBUG c.z.t.m.SysUserRoleMapper.selectList - ==> Parameters: 5(Long)
2026-04-03 13:45:36.400 [http-nio-8080-exec-6] DEBUG c.z.t.m.SysUserRoleMapper.selectList - <==      Total: 1
2026-04-03 13:45:36.405 [http-nio-8080-exec-6] DEBUG c.z.t.m.SysRoleMapper.selectList - ==>  Preparing: SELECT id,role_code,role_name,remark,create_time,update_time FROM sys_role WHERE (id IN (?))
2026-04-03 13:45:36.405 [http-nio-8080-exec-6] DEBUG c.z.t.m.SysRoleMapper.selectList - ==> Parameters: 3(Long)
2026-04-03 13:45:36.407 [http-nio-8080-exec-6] DEBUG c.z.t.m.SysRoleMapper.selectList - <==      Total: 1
2026-04-03 13:45:36.408 [http-nio-8080-exec-6] DEBUG c.z.t.m.SysUserRoleMapper.selectList - ==>  Preparing: SELECT id,user_id,role_id,create_time,update_time FROM sys_user_role WHERE (user_id = ?)
2026-04-03 13:45:36.408 [http-nio-8080-exec-6] DEBUG c.z.t.m.SysUserRoleMapper.selectList - ==> Parameters: 5(Long)
2026-04-03 13:45:36.409 [http-nio-8080-exec-6] DEBUG c.z.t.m.SysUserRoleMapper.selectList - <==      Total: 1
2026-04-03 13:45:36.409 [http-nio-8080-exec-6] DEBUG c.z.t.m.SysRoleMapper.selectList - ==>  Preparing: SELECT id,role_code,role_name,remark,create_time,update_time FROM sys_role WHERE (id IN (?))
2026-04-03 13:45:36.409 [http-nio-8080-exec-6] DEBUG c.z.t.m.SysRoleMapper.selectList - ==> Parameters: 3(Long)
2026-04-03 13:45:36.411 [http-nio-8080-exec-6] DEBUG c.z.t.m.SysRoleMapper.selectList - <==      Total: 1
2026-04-03 13:47:01.750 [http-nio-8080-exec-7] DEBUG c.z.t.m.SysUserMapper.selectList - ==>  Preparing: SELECT id,username,password,real_name,phone,email,student_no,class_name,counselor_id,avatar_url,status,deleted,create_time,update_time FROM sys_user WHERE deleted=0 AND (username = ? AND deleted = ?)
2026-04-03 13:47:01.750 [http-nio-8080-exec-7] DEBUG c.z.t.m.SysUserMapper.selectList - ==> Parameters: student(String), 0(Integer)
2026-04-03 13:47:01.752 [http-nio-8080-exec-7] DEBUG c.z.t.m.SysUserMapper.selectList - <==      Total: 1
2026-04-03 13:47:01.753 [http-nio-8080-exec-7] DEBUG c.z.t.m.SysUserRoleMapper.selectList - ==>  Preparing: SELECT id,user_id,role_id,create_time,update_time FROM sys_user_role WHERE (user_id = ?)
2026-04-03 13:47:01.753 [http-nio-8080-exec-7] DEBUG c.z.t.m.SysUserRoleMapper.selectList - ==> Parameters: 5(Long)
2026-04-03 13:47:01.754 [http-nio-8080-exec-7] DEBUG c.z.t.m.SysUserRoleMapper.selectList - <==      Total: 1
2026-04-03 13:47:01.755 [http-nio-8080-exec-7] DEBUG c.z.t.m.SysRoleMapper.selectList - ==>  Preparing: SELECT id,role_code,role_name,remark,create_time,update_time FROM sys_role WHERE (id IN (?))
2026-04-03 13:47:01.755 [http-nio-8080-exec-7] DEBUG c.z.t.m.SysRoleMapper.selectList - ==> Parameters: 3(Long)
2026-04-03 13:47:01.756 [http-nio-8080-exec-7] DEBUG c.z.t.m.SysRoleMapper.selectList - <==      Total: 1
2026-04-03 13:47:01.757 [http-nio-8080-exec-7] DEBUG c.z.t.m.SysUserMapper.selectById - ==>  Preparing: SELECT id,username,password,real_name,phone,email,student_no,class_name,counselor_id,avatar_url,status,deleted,create_time,update_time FROM sys_user WHERE id=? AND deleted=0
2026-04-03 13:47:01.757 [http-nio-8080-exec-7] DEBUG c.z.t.m.SysUserMapper.selectById - ==> Parameters: 5(Long)
2026-04-03 13:47:01.759 [http-nio-8080-exec-7] DEBUG c.z.t.m.SysUserMapper.selectById - <==      Total: 1
2026-04-03 13:47:01.759 [http-nio-8080-exec-7] DEBUG c.z.t.m.SysUserRoleMapper.selectList - ==>  Preparing: SELECT id,user_id,role_id,create_time,update_time FROM sys_user_role WHERE (user_id = ?)
2026-04-03 13:47:01.759 [http-nio-8080-exec-7] DEBUG c.z.t.m.SysUserRoleMapper.selectList - ==> Parameters: 5(Long)
2026-04-03 13:47:01.759 [http-nio-8080-exec-7] DEBUG c.z.t.m.SysUserRoleMapper.selectList - <==      Total: 1
2026-04-03 13:47:01.760 [http-nio-8080-exec-7] DEBUG c.z.t.m.SysRoleMapper.selectList - ==>  Preparing: SELECT id,role_code,role_name,remark,create_time,update_time FROM sys_role WHERE (id IN (?))
2026-04-03 13:47:01.760 [http-nio-8080-exec-7] DEBUG c.z.t.m.SysRoleMapper.selectList - ==> Parameters: 3(Long)
2026-04-03 13:47:01.760 [http-nio-8080-exec-7] DEBUG c.z.t.m.SysRoleMapper.selectList - <==      Total: 1
2026-04-03 13:47:01.762 [http-nio-8080-exec-7] DEBUG c.z.t.m.SysUserRoleMapper.selectList - ==>  Preparing: SELECT id,user_id,role_id,create_time,update_time FROM sys_user_role WHERE (user_id = ?)
2026-04-03 13:47:01.762 [http-nio-8080-exec-7] DEBUG c.z.t.m.SysUserRoleMapper.selectList - ==> Parameters: 5(Long)
2026-04-03 13:47:01.764 [http-nio-8080-exec-7] DEBUG c.z.t.m.SysUserRoleMapper.selectList - <==      Total: 1
2026-04-03 13:47:01.764 [http-nio-8080-exec-7] DEBUG c.z.t.m.SysRoleMapper.selectList - ==>  Preparing: SELECT id,role_code,role_name,remark,create_time,update_time FROM sys_role WHERE (id IN (?))
2026-04-03 13:47:01.764 [http-nio-8080-exec-7] DEBUG c.z.t.m.SysRoleMapper.selectList - ==> Parameters: 3(Long)
2026-04-03 13:47:01.765 [http-nio-8080-exec-7] DEBUG c.z.t.m.SysRoleMapper.selectList - <==      Total: 1
2026-04-03 21:29:12.287 [background-preinit] INFO  o.h.validator.internal.util.Version - HV000001: Hibernate Validator 8.0.1.Final
2026-04-03 21:29:12.324 [main] INFO  c.zxw.treehole.TreeholeApplication - Starting TreeholeApplication using Java 21.0.10 with PID 30552 (D:\ai-treehole-project\treehole-server\target\classes started by 好颓废~ in D:\ai-treehole-project)
2026-04-03 21:29:12.325 [main] DEBUG c.zxw.treehole.TreeholeApplication - Running with Spring Boot v3.2.5, Spring v6.1.6
2026-04-03 21:29:12.325 [main] INFO  c.zxw.treehole.TreeholeApplication - The following 1 profile is active: "dev"
2026-04-03 21:29:14.397 [main] INFO  o.s.d.r.c.RepositoryConfigurationDelegate - Multiple Spring Data modules found, entering strict repository configuration mode
2026-04-03 21:29:14.400 [main] INFO  o.s.d.r.c.RepositoryConfigurationDelegate - Bootstrapping Spring Data Redis repositories in DEFAULT mode.
2026-04-03 21:29:14.447 [main] INFO  o.s.d.r.c.RepositoryConfigurationDelegate - Finished Spring Data repository scanning in 29 ms. Found 0 Redis repository interfaces.
2026-04-03 21:29:15.345 [main] INFO  o.s.b.w.e.tomcat.TomcatWebServer - Tomcat initialized with port 8080 (http)
2026-04-03 21:29:15.370 [main] INFO  o.a.coyote.http11.Http11NioProtocol - Initializing ProtocolHandler ["http-nio-8080"]
2026-04-03 21:29:15.373 [main] INFO  o.a.catalina.core.StandardService - Starting service [Tomcat]
2026-04-03 21:29:15.373 [main] INFO  o.a.catalina.core.StandardEngine - Starting Servlet engine: [Apache Tomcat/10.1.20]
2026-04-03 21:29:15.485 [main] INFO  o.a.c.c.C.[Tomcat].[localhost].[/] - Initializing Spring embedded WebApplicationContext
2026-04-03 21:29:15.485 [main] INFO  o.s.b.w.s.c.ServletWebServerApplicationContext - Root WebApplicationContext: initialization completed in 3109 ms
2026-04-03 21:29:16.274 [main] DEBUG c.z.t.s.JwtAuthenticationFilter - Filter 'jwtAuthenticationFilter' configured for use
2026-04-03 21:29:17.806 [main] INFO  o.s.s.web.DefaultSecurityFilterChain - Will secure any request with [org.springframework.security.web.session.DisableEncodeUrlFilter@2f4545c6, org.springframework.security.web.context.request.async.WebAsyncManagerIntegrationFilter@482942d8, org.springframework.security.web.context.SecurityContextHolderFilter@686fb58a, org.springframework.security.web.header.HeaderWriterFilter@484876a1, org.springframework.web.filter.CorsFilter@2cd52eda, org.springframework.security.web.authentication.logout.LogoutFilter@17477bbb, com.zxw.treehole.security.JwtAuthenticationFilter@31ab4859, org.springframework.security.web.savedrequest.RequestCacheAwareFilter@4be7acd9, org.springframework.security.web.servletapi.SecurityContextHolderAwareRequestFilter@58afecfd, org.springframework.security.web.authentication.AnonymousAuthenticationFilter@6c225adb, org.springframework.security.web.session.SessionManagementFilter@7c871ce4, org.springframework.security.web.access.ExceptionTranslationFilter@68550d86, org.springframework.security.web.access.intercept.AuthorizationFilter@440461ef]
2026-04-03 21:29:18.306 [main] INFO  o.a.coyote.http11.Http11NioProtocol - Starting ProtocolHandler ["http-nio-8080"]
2026-04-03 21:29:18.340 [main] INFO  o.s.b.w.e.tomcat.TomcatWebServer - Tomcat started on port 8080 (http) with context path ''
2026-04-03 21:29:18.355 [main] INFO  c.zxw.treehole.TreeholeApplication - Started TreeholeApplication in 6.536 seconds (process running for 7.067)
2026-04-03 21:29:18.369 [main] INFO  com.zaxxer.hikari.HikariDataSource - HikariPool-1 - Starting...
2026-04-03 21:29:18.552 [main] INFO  com.zaxxer.hikari.pool.HikariPool - HikariPool-1 - Added connection com.mysql.cj.jdbc.ConnectionImpl@78e7b83
2026-04-03 21:29:18.554 [main] INFO  com.zaxxer.hikari.HikariDataSource - HikariPool-1 - Start completed.
2026-04-03 21:29:18.630 [main] DEBUG c.z.t.m.SysRoleMapper.selectCount - ==>  Preparing: SELECT COUNT( * ) AS total FROM sys_role WHERE (role_code = ?)
2026-04-03 21:29:18.648 [main] DEBUG c.z.t.m.SysRoleMapper.selectCount - ==> Parameters: ADMIN(String)
2026-04-03 21:29:18.691 [main] DEBUG c.z.t.m.SysRoleMapper.selectCount - <==      Total: 1
2026-04-03 21:29:18.696 [main] DEBUG c.z.t.m.SysRoleMapper.selectCount - ==>  Preparing: SELECT COUNT( * ) AS total FROM sys_role WHERE (role_code = ?)
2026-04-03 21:29:18.696 [main] DEBUG c.z.t.m.SysRoleMapper.selectCount - ==> Parameters: COUNSELOR(String)
2026-04-03 21:29:18.697 [main] DEBUG c.z.t.m.SysRoleMapper.selectCount - <==      Total: 1
2026-04-03 21:29:18.697 [main] DEBUG c.z.t.m.SysRoleMapper.selectCount - ==>  Preparing: SELECT COUNT( * ) AS total FROM sys_role WHERE (role_code = ?)
2026-04-03 21:29:18.699 [main] DEBUG c.z.t.m.SysRoleMapper.selectCount - ==> Parameters: STUDENT(String)
2026-04-03 21:29:18.699 [main] DEBUG c.z.t.m.SysRoleMapper.selectCount - <==      Total: 1
2026-04-03 21:29:18.704 [main] DEBUG c.z.t.m.SysUserMapper.selectList - ==>  Preparing: SELECT id,username,password,real_name,phone,email,student_no,class_name,counselor_id,avatar_url,status,deleted,create_time,update_time FROM sys_user WHERE deleted=0 AND (username = ? AND deleted = ?)
2026-04-03 21:29:18.706 [main] DEBUG c.z.t.m.SysUserMapper.selectList - ==> Parameters: admin(String), 0(Integer)
2026-04-03 21:29:18.721 [main] DEBUG c.z.t.m.SysUserMapper.selectList - <==      Total: 1
2026-04-03 21:29:18.722 [main] DEBUG c.z.t.m.SysUserMapper.selectList - ==>  Preparing: SELECT id,username,password,real_name,phone,email,student_no,class_name,counselor_id,avatar_url,status,deleted,create_time,update_time FROM sys_user WHERE deleted=0 AND (username = ? AND deleted = ?)
2026-04-03 21:29:18.722 [main] DEBUG c.z.t.m.SysUserMapper.selectList - ==> Parameters: counselor(String), 0(Integer)
2026-04-03 21:29:18.724 [main] DEBUG c.z.t.m.SysUserMapper.selectList - <==      Total: 1
2026-04-03 21:29:18.725 [main] DEBUG c.z.t.m.SysUserMapper.selectList - ==>  Preparing: SELECT id,username,password,real_name,phone,email,student_no,class_name,counselor_id,avatar_url,status,deleted,create_time,update_time FROM sys_user WHERE deleted=0 AND (username = ? AND deleted = ?)
2026-04-03 21:29:18.725 [main] DEBUG c.z.t.m.SysUserMapper.selectList - ==> Parameters: student(String), 0(Integer)
2026-04-03 21:29:18.727 [main] DEBUG c.z.t.m.SysUserMapper.selectList - <==      Total: 1
2026-04-03 21:29:18.732 [main] DEBUG c.z.t.m.AlertRuleMapper.selectCount - ==>  Preparing: SELECT COUNT( * ) AS total FROM alert_rule WHERE deleted=0 AND (rule_code = ? AND deleted = ?)
2026-04-03 21:29:18.732 [main] DEBUG c.z.t.m.AlertRuleMapper.selectCount - ==> Parameters: DEFAULT(String), 0(Integer)
2026-04-03 21:29:18.741 [main] DEBUG c.z.t.m.AlertRuleMapper.selectCount - <==      Total: 1
2026-04-03 21:29:18.741 [main] INFO  c.z.t.bootstrap.DataInitializer - 数据初始化检查完成（角色 + 演示账号 + 预警规则）
2026-04-03 21:29:38.177 [http-nio-8080-exec-1] INFO  o.a.c.c.C.[Tomcat].[localhost].[/] - Initializing Spring DispatcherServlet 'dispatcherServlet'
2026-04-03 21:29:38.178 [http-nio-8080-exec-1] INFO  o.s.web.servlet.DispatcherServlet - Initializing Servlet 'dispatcherServlet'
2026-04-03 21:29:38.180 [http-nio-8080-exec-1] INFO  o.s.web.servlet.DispatcherServlet - Completed initialization in 1 ms
2026-04-03 21:29:38.453 [http-nio-8080-exec-1] DEBUG c.z.t.m.SysUserMapper.selectList - ==>  Preparing: SELECT id,username,password,real_name,phone,email,student_no,class_name,counselor_id,avatar_url,status,deleted,create_time,update_time FROM sys_user WHERE deleted=0 AND (username = ? AND deleted = ?)
2026-04-03 21:29:38.455 [http-nio-8080-exec-1] DEBUG c.z.t.m.SysUserMapper.selectList - ==> Parameters: student(String), 0(Integer)
2026-04-03 21:29:38.458 [http-nio-8080-exec-1] DEBUG c.z.t.m.SysUserMapper.selectList - <==      Total: 1
2026-04-03 21:29:38.460 [http-nio-8080-exec-1] DEBUG c.z.t.m.SysUserRoleMapper.selectList - ==>  Preparing: SELECT id,user_id,role_id,create_time,update_time FROM sys_user_role WHERE (user_id = ?)
2026-04-03 21:29:38.462 [http-nio-8080-exec-1] DEBUG c.z.t.m.SysUserRoleMapper.selectList - ==> Parameters: 5(Long)
2026-04-03 21:29:38.478 [http-nio-8080-exec-1] DEBUG c.z.t.m.SysUserRoleMapper.selectList - <==      Total: 1
2026-04-03 21:29:38.480 [http-nio-8080-exec-1] DEBUG c.z.t.m.SysRoleMapper.selectList - ==>  Preparing: SELECT id,role_code,role_name,remark,create_time,update_time FROM sys_role WHERE (id IN (?))
2026-04-03 21:29:38.480 [http-nio-8080-exec-1] DEBUG c.z.t.m.SysRoleMapper.selectList - ==> Parameters: 3(Long)
2026-04-03 21:29:38.483 [http-nio-8080-exec-1] DEBUG c.z.t.m.SysRoleMapper.selectList - <==      Total: 1
2026-04-03 21:29:38.704 [http-nio-8080-exec-2] DEBUG c.z.t.m.SysUserMapper.selectList - ==>  Preparing: SELECT id,username,password,real_name,phone,email,student_no,class_name,counselor_id,avatar_url,status,deleted,create_time,update_time FROM sys_user WHERE deleted=0 AND (username = ? AND deleted = ?)
2026-04-03 21:29:38.705 [http-nio-8080-exec-2] DEBUG c.z.t.m.SysUserMapper.selectList - ==> Parameters: student(String), 0(Integer)
2026-04-03 21:29:38.706 [http-nio-8080-exec-2] DEBUG c.z.t.m.SysUserMapper.selectList - <==      Total: 1
2026-04-03 21:29:38.708 [http-nio-8080-exec-2] DEBUG c.z.t.m.SysUserRoleMapper.selectList - ==>  Preparing: SELECT id,user_id,role_id,create_time,update_time FROM sys_user_role WHERE (user_id = ?)
2026-04-03 21:29:38.709 [http-nio-8080-exec-2] DEBUG c.z.t.m.SysUserRoleMapper.selectList - ==> Parameters: 5(Long)
2026-04-03 21:29:38.710 [http-nio-8080-exec-2] DEBUG c.z.t.m.SysUserRoleMapper.selectList - <==      Total: 1
2026-04-03 21:29:38.712 [http-nio-8080-exec-2] DEBUG c.z.t.m.SysRoleMapper.selectList - ==>  Preparing: SELECT id,role_code,role_name,remark,create_time,update_time FROM sys_role WHERE (id IN (?))
2026-04-03 21:29:38.712 [http-nio-8080-exec-2] DEBUG c.z.t.m.SysRoleMapper.selectList - ==> Parameters: 3(Long)
2026-04-03 21:29:38.715 [http-nio-8080-exec-2] DEBUG c.z.t.m.SysRoleMapper.selectList - <==      Total: 1
2026-04-03 21:29:38.718 [http-nio-8080-exec-2] DEBUG c.z.t.m.SysUserMapper.selectById - ==>  Preparing: SELECT id,username,password,real_name,phone,email,student_no,class_name,counselor_id,avatar_url,status,deleted,create_time,update_time FROM sys_user WHERE id=? AND deleted=0
2026-04-03 21:29:38.720 [http-nio-8080-exec-2] DEBUG c.z.t.m.SysUserMapper.selectById - ==> Parameters: 5(Long)
2026-04-03 21:29:38.722 [http-nio-8080-exec-2] DEBUG c.z.t.m.SysUserMapper.selectById - <==      Total: 1
2026-04-03 21:29:38.723 [http-nio-8080-exec-2] DEBUG c.z.t.m.SysUserRoleMapper.selectList - ==>  Preparing: SELECT id,user_id,role_id,create_time,update_time FROM sys_user_role WHERE (user_id = ?)
2026-04-03 21:29:38.724 [http-nio-8080-exec-2] DEBUG c.z.t.m.SysUserRoleMapper.selectList - ==> Parameters: 5(Long)
2026-04-03 21:29:38.726 [http-nio-8080-exec-2] DEBUG c.z.t.m.SysUserRoleMapper.selectList - <==      Total: 1
2026-04-03 21:29:38.728 [http-nio-8080-exec-2] DEBUG c.z.t.m.SysRoleMapper.selectList - ==>  Preparing: SELECT id,role_code,role_name,remark,create_time,update_time FROM sys_role WHERE (id IN (?))
2026-04-03 21:29:38.728 [http-nio-8080-exec-2] DEBUG c.z.t.m.SysRoleMapper.selectList - ==> Parameters: 3(Long)
2026-04-03 21:29:38.730 [http-nio-8080-exec-2] DEBUG c.z.t.m.SysRoleMapper.selectList - <==      Total: 1
2026-04-03 21:29:38.732 [http-nio-8080-exec-2] DEBUG c.z.t.m.SysUserRoleMapper.selectList - ==>  Preparing: SELECT id,user_id,role_id,create_time,update_time FROM sys_user_role WHERE (user_id = ?)
2026-04-03 21:29:38.733 [http-nio-8080-exec-2] DEBUG c.z.t.m.SysUserRoleMapper.selectList - ==> Parameters: 5(Long)
2026-04-03 21:29:38.734 [http-nio-8080-exec-2] DEBUG c.z.t.m.SysUserRoleMapper.selectList - <==      Total: 1
2026-04-03 21:29:38.736 [http-nio-8080-exec-2] DEBUG c.z.t.m.SysRoleMapper.selectList - ==>  Preparing: SELECT id,role_code,role_name,remark,create_time,update_time FROM sys_role WHERE (id IN (?))
2026-04-03 21:29:38.736 [http-nio-8080-exec-2] DEBUG c.z.t.m.SysRoleMapper.selectList - ==> Parameters: 3(Long)
2026-04-03 21:29:38.739 [http-nio-8080-exec-2] DEBUG c.z.t.m.SysRoleMapper.selectList - <==      Total: 1
2026-04-03 21:33:38.371 [http-nio-8080-exec-3] DEBUG c.z.t.m.SysUserMapper.selectList - ==>  Preparing: SELECT id,username,password,real_name,phone,email,student_no,class_name,counselor_id,avatar_url,status,deleted,create_time,update_time FROM sys_user WHERE deleted=0 AND (username = ? AND deleted = ?)
2026-04-03 21:33:38.373 [http-nio-8080-exec-3] DEBUG c.z.t.m.SysUserMapper.selectList - ==> Parameters: student(String), 0(Integer)
2026-04-03 21:33:38.375 [http-nio-8080-exec-3] DEBUG c.z.t.m.SysUserMapper.selectList - <==      Total: 1
2026-04-03 21:33:38.376 [http-nio-8080-exec-3] DEBUG c.z.t.m.SysUserRoleMapper.selectList - ==>  Preparing: SELECT id,user_id,role_id,create_time,update_time FROM sys_user_role WHERE (user_id = ?)
2026-04-03 21:33:38.376 [http-nio-8080-exec-3] DEBUG c.z.t.m.SysUserRoleMapper.selectList - ==> Parameters: 5(Long)
2026-04-03 21:33:38.379 [http-nio-8080-exec-3] DEBUG c.z.t.m.SysUserRoleMapper.selectList - <==      Total: 1
2026-04-03 21:33:38.381 [http-nio-8080-exec-3] DEBUG c.z.t.m.SysRoleMapper.selectList - ==>  Preparing: SELECT id,role_code,role_name,remark,create_time,update_time FROM sys_role WHERE (id IN (?))
2026-04-03 21:33:38.381 [http-nio-8080-exec-3] DEBUG c.z.t.m.SysRoleMapper.selectList - ==> Parameters: 3(Long)
2026-04-03 21:33:38.382 [http-nio-8080-exec-3] DEBUG c.z.t.m.SysRoleMapper.selectList - <==      Total: 1
2026-04-03 21:33:38.434 [chat-sse-1] DEBUG c.z.t.m.AiChatSessionMapper.insert - ==>  Preparing: INSERT INTO ai_chat_session ( user_id, title, create_time, update_time ) VALUES ( ?, ?, ?, ? )
2026-04-03 21:33:38.437 [chat-sse-1] DEBUG c.z.t.m.AiChatSessionMapper.insert - ==> Parameters: 5(Long), 新对话(String), 2026-04-03T21:33:38.431918700(LocalDateTime), 2026-04-03T21:33:38.431918700(LocalDateTime)
2026-04-03 21:33:38.459 [chat-sse-1] DEBUG c.z.t.m.AiChatSessionMapper.insert - <==    Updates: 1
2026-04-03 21:33:38.463 [chat-sse-1] DEBUG c.z.t.m.AiChatMessageMapper.insert - ==>  Preparing: INSERT INTO ai_chat_message ( session_id, message_role, content, create_time, update_time ) VALUES ( ?, ?, ?, ?, ? )
2026-04-03 21:33:38.464 [chat-sse-1] DEBUG c.z.t.m.AiChatMessageMapper.insert - ==> Parameters: 2(Long), user(String), 嗨(String), 2026-04-03T21:33:38.463335500(LocalDateTime), 2026-04-03T21:33:38.463335500(LocalDateTime)
2026-04-03 21:33:38.478 [chat-sse-1] DEBUG c.z.t.m.AiChatMessageMapper.insert - <==    Updates: 1
2026-04-03 21:33:38.482 [chat-sse-1] DEBUG c.z.t.m.AlertRuleMapper.selectList - ==>  Preparing: SELECT id,rule_code,medium_sentiment_threshold,high_sentiment_threshold,keyword_high_enabled,remark,deleted,create_time,update_time FROM alert_rule WHERE deleted=0 AND (rule_code = ? AND deleted = ?)
2026-04-03 21:33:38.482 [chat-sse-1] DEBUG c.z.t.m.AlertRuleMapper.selectList - ==> Parameters: DEFAULT(String), 0(Integer)
2026-04-03 21:33:38.485 [chat-sse-1] DEBUG c.z.t.m.AlertRuleMapper.selectList - <==      Total: 1
2026-04-03 21:33:38.505 [chat-sse-1] DEBUG c.z.t.m.EmotionRecordMapper.insert - ==>  Preparing: INSERT INTO emotion_record ( user_id, session_id, message_id, sentiment_score, emotion_label, risk_level, analysis_detail, create_time, update_time ) VALUES ( ?, ?, ?, ?, ?, ?, ?, ?, ? )
2026-04-03 21:33:38.506 [chat-sse-1] DEBUG c.z.t.m.EmotionRecordMapper.insert - ==> Parameters: 5(Long), 2(Long), 5(Long), 0.000(BigDecimal), NEUTRAL(String), LOW(String), {"finalRisk":"LOW","riskFromEmotion":"LOW","keywordHigh":false,"lexiconHits":{"positive":0,"negative":0,"anxious":0,"sad":0,"angry":0,"suppressed":0},"matchedKeywords":[],"mediumThreshold":-0.250,"highThreshold":-0.550}(String), 2026-04-03T21:33:38.505092(LocalDateTime), 2026-04-03T21:33:38.505092(LocalDateTime)
2026-04-03 21:33:38.514 [chat-sse-1] DEBUG c.z.t.m.EmotionRecordMapper.insert - <==    Updates: 1
2026-04-03 21:33:38.537 [chat-sse-1] DEBUG c.z.t.m.A.selectList - ==>  Preparing: SELECT id,session_id,message_role,content,token_estimate,deleted,create_time,update_time FROM ai_chat_message WHERE deleted=0 AND (session_id = ? AND deleted = ? AND message_role IN (?,?)) ORDER BY id DESC LIMIT 24
2026-04-03 21:33:38.539 [chat-sse-1] DEBUG c.z.t.m.A.selectList - ==> Parameters: 2(Long), 0(Integer), user(String), assistant(String)
2026-04-03 21:33:38.544 [chat-sse-1] DEBUG c.z.t.m.A.selectList - <==      Total: 1
2026-04-03 21:33:39.538 [chat-sse-1] DEBUG c.z.t.ai.impl.MockChatLanguageModel - mock stream done, len=63
2026-04-03 21:33:39.539 [chat-sse-1] DEBUG c.z.t.m.AiChatMessageMapper.insert - ==>  Preparing: INSERT INTO ai_chat_message ( session_id, message_role, content, create_time, update_time ) VALUES ( ?, ?, ?, ?, ? )
2026-04-03 21:33:39.540 [chat-sse-1] DEBUG c.z.t.m.AiChatMessageMapper.insert - ==> Parameters: 2(Long), assistant(String), （演示模式）学长/学姐听到啦～ 你说的是：「嗨」。先抱抱你，备考真的不容易。我们可以一点点聊，你现在最想被理解的是哪一部分呢？(String), 2026-04-03T21:33:39.538824200(LocalDateTime), 2026-04-03T21:33:39.538824200(LocalDateTime)
2026-04-03 21:33:39.550 [chat-sse-1] DEBUG c.z.t.m.AiChatMessageMapper.insert - <==    Updates: 1
2026-04-03 21:33:39.553 [chat-sse-1] DEBUG c.z.t.m.A.updateById - ==>  Preparing: UPDATE ai_chat_session SET user_id=?, title=?, last_message_at=?, create_time=?, update_time=? WHERE id=? AND deleted=0
2026-04-03 21:33:39.555 [chat-sse-1] DEBUG c.z.t.m.A.updateById - ==> Parameters: 5(Long), 嗨(String), 2026-04-03T21:33:39.550218700(LocalDateTime), 2026-04-03T21:33:38.431918700(LocalDateTime), 2026-04-03T21:33:38.431918700(LocalDateTime), 2(Long)
2026-04-03 21:33:39.561 [chat-sse-1] DEBUG c.z.t.m.A.updateById - <==    Updates: 1
2026-04-03 21:33:39.569 [http-nio-8080-exec-4] ERROR o.a.c.c.C.[.[.[.[dispatcherServlet] - Servlet.service() for servlet [dispatcherServlet] threw exception
org.springframework.security.access.AccessDeniedException: Access Denied
	at org.springframework.security.web.access.intercept.AuthorizationFilter.doFilter(AuthorizationFilter.java:98)
	at org.springframework.security.web.FilterChainProxy$VirtualFilterChain.doFilter(FilterChainProxy.java:374)
	at org.springframework.security.web.access.ExceptionTranslationFilter.doFilter(ExceptionTranslationFilter.java:126)
	at org.springframework.security.web.access.ExceptionTranslationFilter.doFilter(ExceptionTranslationFilter.java:120)
	at org.springframework.security.web.FilterChainProxy$VirtualFilterChain.doFilter(FilterChainProxy.java:374)
	at org.springframework.security.web.session.SessionManagementFilter.doFilter(SessionManagementFilter.java:91)
	at org.springframework.security.web.session.SessionManagementFilter.doFilter(SessionManagementFilter.java:85)
	at org.springframework.security.web.FilterChainProxy$VirtualFilterChain.doFilter(FilterChainProxy.java:374)
	at org.springframework.security.web.authentication.AnonymousAuthenticationFilter.doFilter(AnonymousAuthenticationFilter.java:100)
	at org.springframework.security.web.FilterChainProxy$VirtualFilterChain.doFilter(FilterChainProxy.java:374)
	at org.springframework.security.web.servletapi.SecurityContextHolderAwareRequestFilter.doFilter(SecurityContextHolderAwareRequestFilter.java:179)
	at org.springframework.security.web.FilterChainProxy$VirtualFilterChain.doFilter(FilterChainProxy.java:374)
	at org.springframework.security.web.savedrequest.RequestCacheAwareFilter.doFilter(RequestCacheAwareFilter.java:63)
	at org.springframework.security.web.FilterChainProxy$VirtualFilterChain.doFilter(FilterChainProxy.java:374)
	at org.springframework.web.filter.OncePerRequestFilter.doFilter(OncePerRequestFilter.java:101)
	at org.springframework.security.web.FilterChainProxy$VirtualFilterChain.doFilter(FilterChainProxy.java:374)
	at org.springframework.security.web.authentication.logout.LogoutFilter.doFilter(LogoutFilter.java:107)
	at org.springframework.security.web.authentication.logout.LogoutFilter.doFilter(LogoutFilter.java:93)
	at org.springframework.security.web.FilterChainProxy$VirtualFilterChain.doFilter(FilterChainProxy.java:374)
	at org.springframework.web.filter.OncePerRequestFilter.doFilter(OncePerRequestFilter.java:101)
	at org.springframework.security.web.FilterChainProxy$VirtualFilterChain.doFilter(FilterChainProxy.java:374)
	at org.springframework.web.filter.OncePerRequestFilter.doFilter(OncePerRequestFilter.java:101)
	at org.springframework.security.web.FilterChainProxy$VirtualFilterChain.doFilter(FilterChainProxy.java:374)
	at org.springframework.security.web.context.SecurityContextHolderFilter.doFilter(SecurityContextHolderFilter.java:82)
	at org.springframework.security.web.context.SecurityContextHolderFilter.doFilter(SecurityContextHolderFilter.java:69)
	at org.springframework.security.web.FilterChainProxy$VirtualFilterChain.doFilter(FilterChainProxy.java:374)
	at org.springframework.web.filter.OncePerRequestFilter.doFilter(OncePerRequestFilter.java:101)
	at org.springframework.security.web.FilterChainProxy$VirtualFilterChain.doFilter(FilterChainProxy.java:374)
	at org.springframework.web.filter.OncePerRequestFilter.doFilter(OncePerRequestFilter.java:101)
	at org.springframework.security.web.FilterChainProxy$VirtualFilterChain.doFilter(FilterChainProxy.java:374)
	at org.springframework.security.web.FilterChainProxy.doFilterInternal(FilterChainProxy.java:233)
	at org.springframework.security.web.FilterChainProxy.doFilter(FilterChainProxy.java:191)
	at org.springframework.web.filter.CompositeFilter$VirtualFilterChain.doFilter(CompositeFilter.java:113)
	at org.springframework.web.servlet.handler.HandlerMappingIntrospector.lambda$createCacheFilter$3(HandlerMappingIntrospector.java:195)
	at org.springframework.web.filter.CompositeFilter$VirtualFilterChain.doFilter(CompositeFilter.java:113)
	at org.springframework.web.filter.CompositeFilter.doFilter(CompositeFilter.java:74)
	at org.springframework.security.config.annotation.web.configuration.WebMvcSecurityConfiguration$CompositeFilterChainProxy.doFilter(WebMvcSecurityConfiguration.java:230)
	at org.springframework.web.filter.DelegatingFilterProxy.invokeDelegate(DelegatingFilterProxy.java:352)
	at org.springframework.web.filter.DelegatingFilterProxy.doFilter(DelegatingFilterProxy.java:268)
	at org.apache.catalina.core.ApplicationFilterChain.internalDoFilter(ApplicationFilterChain.java:175)
	at org.apache.catalina.core.ApplicationFilterChain.doFilter(ApplicationFilterChain.java:150)
	at org.springframework.web.filter.RequestContextFilter.doFilterInternal(RequestContextFilter.java:100)
	at org.springframework.web.filter.OncePerRequestFilter.doFilter(OncePerRequestFilter.java:116)
	at org.apache.catalina.core.ApplicationFilterChain.internalDoFilter(ApplicationFilterChain.java:175)
	at org.apache.catalina.core.ApplicationFilterChain.doFilter(ApplicationFilterChain.java:150)
	at org.springframework.web.filter.OncePerRequestFilter.doFilter(OncePerRequestFilter.java:101)
	at org.apache.catalina.core.ApplicationFilterChain.internalDoFilter(ApplicationFilterChain.java:175)
	at org.apache.catalina.core.ApplicationFilterChain.doFilter(ApplicationFilterChain.java:150)
	at org.springframework.web.filter.OncePerRequestFilter.doFilter(OncePerRequestFilter.java:101)
	at org.apache.catalina.core.ApplicationFilterChain.internalDoFilter(ApplicationFilterChain.java:175)
	at org.apache.catalina.core.ApplicationFilterChain.doFilter(ApplicationFilterChain.java:150)
	at org.apache.catalina.core.ApplicationDispatcher.invoke(ApplicationDispatcher.java:653)
	at org.apache.catalina.core.ApplicationDispatcher.doDispatch(ApplicationDispatcher.java:581)
	at org.apache.catalina.core.ApplicationDispatcher.dispatch(ApplicationDispatcher.java:552)
	at org.apache.catalina.core.AsyncContextImpl$AsyncRunnable.run(AsyncContextImpl.java:585)
	at org.apache.catalina.core.AsyncContextImpl.doInternalDispatch(AsyncContextImpl.java:344)
	at org.apache.catalina.core.StandardWrapperValve.invoke(StandardWrapperValve.java:165)
	at org.apache.catalina.core.StandardContextValve.invoke(StandardContextValve.java:90)
	at org.apache.catalina.authenticator.AuthenticatorBase.invoke(AuthenticatorBase.java:482)
	at org.apache.catalina.core.StandardHostValve.invoke(StandardHostValve.java:115)
	at org.apache.catalina.valves.ErrorReportValve.invoke(ErrorReportValve.java:93)
	at org.apache.catalina.core.StandardEngineValve.invoke(StandardEngineValve.java:74)
	at org.apache.catalina.connector.CoyoteAdapter.asyncDispatch(CoyoteAdapter.java:239)
	at org.apache.coyote.AbstractProcessor.dispatch(AbstractProcessor.java:243)
	at org.apache.coyote.AbstractProcessorLight.process(AbstractProcessorLight.java:57)
	at org.apache.coyote.AbstractProtocol$ConnectionHandler.process(AbstractProtocol.java:896)
	at org.apache.tomcat.util.net.NioEndpoint$SocketProcessor.doRun(NioEndpoint.java:1736)
	at org.apache.tomcat.util.net.SocketProcessorBase.run(SocketProcessorBase.java:52)
	at org.apache.tomcat.util.threads.ThreadPoolExecutor.runWorker(ThreadPoolExecutor.java:1191)
	at org.apache.tomcat.util.threads.ThreadPoolExecutor$Worker.run(ThreadPoolExecutor.java:659)
	at org.apache.tomcat.util.threads.TaskThread$WrappingRunnable.run(TaskThread.java:63)
	at java.base/java.lang.Thread.run(Unknown Source)
2026-04-03 21:33:39.572 [http-nio-8080-exec-4] ERROR o.a.c.c.C.[.[.[.[dispatcherServlet] - Servlet.service() for servlet [dispatcherServlet] in context with path [] threw exception [Unable to handle the Spring Security Exception because the response is already committed.] with root cause
org.springframework.security.access.AccessDeniedException: Access Denied
	at org.springframework.security.web.access.intercept.AuthorizationFilter.doFilter(AuthorizationFilter.java:98)
	at org.springframework.security.web.FilterChainProxy$VirtualFilterChain.doFilter(FilterChainProxy.java:374)
	at org.springframework.security.web.access.ExceptionTranslationFilter.doFilter(ExceptionTranslationFilter.java:126)
	at org.springframework.security.web.access.ExceptionTranslationFilter.doFilter(ExceptionTranslationFilter.java:120)
	at org.springframework.security.web.FilterChainProxy$VirtualFilterChain.doFilter(FilterChainProxy.java:374)
	at org.springframework.security.web.session.SessionManagementFilter.doFilter(SessionManagementFilter.java:91)
	at org.springframework.security.web.session.SessionManagementFilter.doFilter(SessionManagementFilter.java:85)
	at org.springframework.security.web.FilterChainProxy$VirtualFilterChain.doFilter(FilterChainProxy.java:374)
	at org.springframework.security.web.authentication.AnonymousAuthenticationFilter.doFilter(AnonymousAuthenticationFilter.java:100)
	at org.springframework.security.web.FilterChainProxy$VirtualFilterChain.doFilter(FilterChainProxy.java:374)
	at org.springframework.security.web.servletapi.SecurityContextHolderAwareRequestFilter.doFilter(SecurityContextHolderAwareRequestFilter.java:179)
	at org.springframework.security.web.FilterChainProxy$VirtualFilterChain.doFilter(FilterChainProxy.java:374)
	at org.springframework.security.web.savedrequest.RequestCacheAwareFilter.doFilter(RequestCacheAwareFilter.java:63)
	at org.springframework.security.web.FilterChainProxy$VirtualFilterChain.doFilter(FilterChainProxy.java:374)
	at org.springframework.web.filter.OncePerRequestFilter.doFilter(OncePerRequestFilter.java:101)
	at org.springframework.security.web.FilterChainProxy$VirtualFilterChain.doFilter(FilterChainProxy.java:374)
	at org.springframework.security.web.authentication.logout.LogoutFilter.doFilter(LogoutFilter.java:107)
	at org.springframework.security.web.authentication.logout.LogoutFilter.doFilter(LogoutFilter.java:93)
	at org.springframework.security.web.FilterChainProxy$VirtualFilterChain.doFilter(FilterChainProxy.java:374)
	at org.springframework.web.filter.OncePerRequestFilter.doFilter(OncePerRequestFilter.java:101)
	at org.springframework.security.web.FilterChainProxy$VirtualFilterChain.doFilter(FilterChainProxy.java:374)
	at org.springframework.web.filter.OncePerRequestFilter.doFilter(OncePerRequestFilter.java:101)
	at org.springframework.security.web.FilterChainProxy$VirtualFilterChain.doFilter(FilterChainProxy.java:374)
	at org.springframework.security.web.context.SecurityContextHolderFilter.doFilter(SecurityContextHolderFilter.java:82)
	at org.springframework.security.web.context.SecurityContextHolderFilter.doFilter(SecurityContextHolderFilter.java:69)
	at org.springframework.security.web.FilterChainProxy$VirtualFilterChain.doFilter(FilterChainProxy.java:374)
	at org.springframework.web.filter.OncePerRequestFilter.doFilter(OncePerRequestFilter.java:101)
	at org.springframework.security.web.FilterChainProxy$VirtualFilterChain.doFilter(FilterChainProxy.java:374)
	at org.springframework.web.filter.OncePerRequestFilter.doFilter(OncePerRequestFilter.java:101)
	at org.springframework.security.web.FilterChainProxy$VirtualFilterChain.doFilter(FilterChainProxy.java:374)
	at org.springframework.security.web.FilterChainProxy.doFilterInternal(FilterChainProxy.java:233)
	at org.springframework.security.web.FilterChainProxy.doFilter(FilterChainProxy.java:191)
	at org.springframework.web.filter.CompositeFilter$VirtualFilterChain.doFilter(CompositeFilter.java:113)
	at org.springframework.web.servlet.handler.HandlerMappingIntrospector.lambda$createCacheFilter$3(HandlerMappingIntrospector.java:195)
	at org.springframework.web.filter.CompositeFilter$VirtualFilterChain.doFilter(CompositeFilter.java:113)
	at org.springframework.web.filter.CompositeFilter.doFilter(CompositeFilter.java:74)
	at org.springframework.security.config.annotation.web.configuration.WebMvcSecurityConfiguration$CompositeFilterChainProxy.doFilter(WebMvcSecurityConfiguration.java:230)
	at org.springframework.web.filter.DelegatingFilterProxy.invokeDelegate(DelegatingFilterProxy.java:352)
	at org.springframework.web.filter.DelegatingFilterProxy.doFilter(DelegatingFilterProxy.java:268)
	at org.apache.catalina.core.ApplicationFilterChain.internalDoFilter(ApplicationFilterChain.java:175)
	at org.apache.catalina.core.ApplicationFilterChain.doFilter(ApplicationFilterChain.java:150)
	at org.springframework.web.filter.RequestContextFilter.doFilterInternal(RequestContextFilter.java:100)
	at org.springframework.web.filter.OncePerRequestFilter.doFilter(OncePerRequestFilter.java:116)
	at org.apache.catalina.core.ApplicationFilterChain.internalDoFilter(ApplicationFilterChain.java:175)
	at org.apache.catalina.core.ApplicationFilterChain.doFilter(ApplicationFilterChain.java:150)
	at org.springframework.web.filter.OncePerRequestFilter.doFilter(OncePerRequestFilter.java:101)
	at org.apache.catalina.core.ApplicationFilterChain.internalDoFilter(ApplicationFilterChain.java:175)
	at org.apache.catalina.core.ApplicationFilterChain.doFilter(ApplicationFilterChain.java:150)
	at org.springframework.web.filter.OncePerRequestFilter.doFilter(OncePerRequestFilter.java:101)
	at org.apache.catalina.core.ApplicationFilterChain.internalDoFilter(ApplicationFilterChain.java:175)
	at org.apache.catalina.core.ApplicationFilterChain.doFilter(ApplicationFilterChain.java:150)
	at org.apache.catalina.core.ApplicationDispatcher.invoke(ApplicationDispatcher.java:653)
	at org.apache.catalina.core.ApplicationDispatcher.doDispatch(ApplicationDispatcher.java:581)
	at org.apache.catalina.core.ApplicationDispatcher.dispatch(ApplicationDispatcher.java:552)
	at org.apache.catalina.core.AsyncContextImpl$AsyncRunnable.run(AsyncContextImpl.java:585)
	at org.apache.catalina.core.AsyncContextImpl.doInternalDispatch(AsyncContextImpl.java:344)
	at org.apache.catalina.core.StandardWrapperValve.invoke(StandardWrapperValve.java:165)
	at org.apache.catalina.core.StandardContextValve.invoke(StandardContextValve.java:90)
	at org.apache.catalina.authenticator.AuthenticatorBase.invoke(AuthenticatorBase.java:482)
	at org.apache.catalina.core.StandardHostValve.invoke(StandardHostValve.java:115)
	at org.apache.catalina.valves.ErrorReportValve.invoke(ErrorReportValve.java:93)
	at org.apache.catalina.core.StandardEngineValve.invoke(StandardEngineValve.java:74)
	at org.apache.catalina.connector.CoyoteAdapter.asyncDispatch(CoyoteAdapter.java:239)
	at org.apache.coyote.AbstractProcessor.dispatch(AbstractProcessor.java:243)
	at org.apache.coyote.AbstractProcessorLight.process(AbstractProcessorLight.java:57)
	at org.apache.coyote.AbstractProtocol$ConnectionHandler.process(AbstractProtocol.java:896)
	at org.apache.tomcat.util.net.NioEndpoint$SocketProcessor.doRun(NioEndpoint.java:1736)
	at org.apache.tomcat.util.net.SocketProcessorBase.run(SocketProcessorBase.java:52)
	at org.apache.tomcat.util.threads.ThreadPoolExecutor.runWorker(ThreadPoolExecutor.java:1191)
	at org.apache.tomcat.util.threads.ThreadPoolExecutor$Worker.run(ThreadPoolExecutor.java:659)
	at org.apache.tomcat.util.threads.TaskThread$WrappingRunnable.run(TaskThread.java:63)
	at java.base/java.lang.Thread.run(Unknown Source)
2026-04-03 21:33:39.576 [http-nio-8080-exec-4] ERROR o.a.c.c.C.[.[.[.[dispatcherServlet] - Servlet.service() for servlet [dispatcherServlet] threw exception
org.springframework.security.access.AccessDeniedException: Access Denied
	at org.springframework.security.web.access.intercept.AuthorizationFilter.doFilter(AuthorizationFilter.java:98)
	at org.springframework.security.web.FilterChainProxy$VirtualFilterChain.doFilter(FilterChainProxy.java:374)
	at org.springframework.security.web.access.ExceptionTranslationFilter.doFilter(ExceptionTranslationFilter.java:126)
	at org.springframework.security.web.access.ExceptionTranslationFilter.doFilter(ExceptionTranslationFilter.java:120)
	at org.springframework.security.web.FilterChainProxy$VirtualFilterChain.doFilter(FilterChainProxy.java:374)
	at org.springframework.security.web.session.SessionManagementFilter.doFilter(SessionManagementFilter.java:91)
	at org.springframework.security.web.session.SessionManagementFilter.doFilter(SessionManagementFilter.java:85)
	at org.springframework.security.web.FilterChainProxy$VirtualFilterChain.doFilter(FilterChainProxy.java:374)
	at org.springframework.security.web.authentication.AnonymousAuthenticationFilter.doFilter(AnonymousAuthenticationFilter.java:100)
	at org.springframework.security.web.FilterChainProxy$VirtualFilterChain.doFilter(FilterChainProxy.java:374)
	at org.springframework.security.web.servletapi.SecurityContextHolderAwareRequestFilter.doFilter(SecurityContextHolderAwareRequestFilter.java:179)
	at org.springframework.security.web.FilterChainProxy$VirtualFilterChain.doFilter(FilterChainProxy.java:374)
	at org.springframework.security.web.savedrequest.RequestCacheAwareFilter.doFilter(RequestCacheAwareFilter.java:63)
	at org.springframework.security.web.FilterChainProxy$VirtualFilterChain.doFilter(FilterChainProxy.java:374)
	at org.springframework.web.filter.OncePerRequestFilter.doFilter(OncePerRequestFilter.java:101)
	at org.springframework.security.web.FilterChainProxy$VirtualFilterChain.doFilter(FilterChainProxy.java:374)
	at org.springframework.security.web.authentication.logout.LogoutFilter.doFilter(LogoutFilter.java:107)
	at org.springframework.security.web.authentication.logout.LogoutFilter.doFilter(LogoutFilter.java:93)
	at org.springframework.security.web.FilterChainProxy$VirtualFilterChain.doFilter(FilterChainProxy.java:374)
	at org.springframework.web.filter.OncePerRequestFilter.doFilter(OncePerRequestFilter.java:101)
	at org.springframework.security.web.FilterChainProxy$VirtualFilterChain.doFilter(FilterChainProxy.java:374)
	at org.springframework.web.filter.OncePerRequestFilter.doFilter(OncePerRequestFilter.java:101)
	at org.springframework.security.web.FilterChainProxy$VirtualFilterChain.doFilter(FilterChainProxy.java:374)
	at org.springframework.security.web.context.SecurityContextHolderFilter.doFilter(SecurityContextHolderFilter.java:82)
	at org.springframework.security.web.context.SecurityContextHolderFilter.doFilter(SecurityContextHolderFilter.java:69)
	at org.springframework.security.web.FilterChainProxy$VirtualFilterChain.doFilter(FilterChainProxy.java:374)
	at org.springframework.web.filter.OncePerRequestFilter.doFilter(OncePerRequestFilter.java:101)
	at org.springframework.security.web.FilterChainProxy$VirtualFilterChain.doFilter(FilterChainProxy.java:374)
	at org.springframework.web.filter.OncePerRequestFilter.doFilter(OncePerRequestFilter.java:101)
	at org.springframework.security.web.FilterChainProxy$VirtualFilterChain.doFilter(FilterChainProxy.java:374)
	at org.springframework.security.web.FilterChainProxy.doFilterInternal(FilterChainProxy.java:233)
	at org.springframework.security.web.FilterChainProxy.doFilter(FilterChainProxy.java:191)
	at org.springframework.web.filter.CompositeFilter$VirtualFilterChain.doFilter(CompositeFilter.java:113)
	at org.springframework.web.servlet.handler.HandlerMappingIntrospector.lambda$createCacheFilter$3(HandlerMappingIntrospector.java:195)
	at org.springframework.web.filter.CompositeFilter$VirtualFilterChain.doFilter(CompositeFilter.java:113)
	at org.springframework.web.filter.CompositeFilter.doFilter(CompositeFilter.java:74)
	at org.springframework.security.config.annotation.web.configuration.WebMvcSecurityConfiguration$CompositeFilterChainProxy.doFilter(WebMvcSecurityConfiguration.java:230)
	at org.springframework.web.filter.DelegatingFilterProxy.invokeDelegate(DelegatingFilterProxy.java:352)
	at org.springframework.web.filter.DelegatingFilterProxy.doFilter(DelegatingFilterProxy.java:268)
	at org.apache.catalina.core.ApplicationFilterChain.internalDoFilter(ApplicationFilterChain.java:175)
	at org.apache.catalina.core.ApplicationFilterChain.doFilter(ApplicationFilterChain.java:150)
	at org.springframework.web.filter.RequestContextFilter.doFilterInternal(RequestContextFilter.java:100)
	at org.springframework.web.filter.OncePerRequestFilter.doFilter(OncePerRequestFilter.java:116)
	at org.apache.catalina.core.ApplicationFilterChain.internalDoFilter(ApplicationFilterChain.java:175)
	at org.apache.catalina.core.ApplicationFilterChain.doFilter(ApplicationFilterChain.java:150)
	at org.springframework.web.filter.OncePerRequestFilter.doFilter(OncePerRequestFilter.java:101)
	at org.apache.catalina.core.ApplicationFilterChain.internalDoFilter(ApplicationFilterChain.java:175)
	at org.apache.catalina.core.ApplicationFilterChain.doFilter(ApplicationFilterChain.java:150)
	at org.springframework.web.filter.OncePerRequestFilter.doFilter(OncePerRequestFilter.java:101)
	at org.apache.catalina.core.ApplicationFilterChain.internalDoFilter(ApplicationFilterChain.java:175)
	at org.apache.catalina.core.ApplicationFilterChain.doFilter(ApplicationFilterChain.java:150)
	at org.apache.catalina.core.ApplicationDispatcher.invoke(ApplicationDispatcher.java:653)
	at org.apache.catalina.core.ApplicationDispatcher.doInclude(ApplicationDispatcher.java:531)
	at org.apache.catalina.core.ApplicationDispatcher.include(ApplicationDispatcher.java:474)
	at org.apache.catalina.core.StandardHostValve.custom(StandardHostValve.java:343)
	at org.apache.catalina.core.StandardHostValve.status(StandardHostValve.java:222)
	at org.apache.catalina.core.StandardHostValve.throwable(StandardHostValve.java:308)
	at org.apache.catalina.core.StandardHostValve.invoke(StandardHostValve.java:149)
	at org.apache.catalina.valves.ErrorReportValve.invoke(ErrorReportValve.java:93)
	at org.apache.catalina.core.StandardEngineValve.invoke(StandardEngineValve.java:74)
	at org.apache.catalina.connector.CoyoteAdapter.asyncDispatch(CoyoteAdapter.java:239)
	at org.apache.coyote.AbstractProcessor.dispatch(AbstractProcessor.java:243)
	at org.apache.coyote.AbstractProcessorLight.process(AbstractProcessorLight.java:57)
	at org.apache.coyote.AbstractProtocol$ConnectionHandler.process(AbstractProtocol.java:896)
	at org.apache.tomcat.util.net.NioEndpoint$SocketProcessor.doRun(NioEndpoint.java:1736)
	at org.apache.tomcat.util.net.SocketProcessorBase.run(SocketProcessorBase.java:52)
	at org.apache.tomcat.util.threads.ThreadPoolExecutor.runWorker(ThreadPoolExecutor.java:1191)
	at org.apache.tomcat.util.threads.ThreadPoolExecutor$Worker.run(ThreadPoolExecutor.java:659)
	at org.apache.tomcat.util.threads.TaskThread$WrappingRunnable.run(TaskThread.java:63)
	at java.base/java.lang.Thread.run(Unknown Source)
2026-04-03 21:33:39.578 [http-nio-8080-exec-4] ERROR o.a.c.c.C.[Tomcat].[localhost] - Exception Processing [ErrorPage[errorCode=0, location=/error]]
jakarta.servlet.ServletException: Unable to handle the Spring Security Exception because the response is already committed.
	at org.springframework.security.web.access.ExceptionTranslationFilter.doFilter(ExceptionTranslationFilter.java:144)
	at org.springframework.security.web.access.ExceptionTranslationFilter.doFilter(ExceptionTranslationFilter.java:120)
	at org.springframework.security.web.FilterChainProxy$VirtualFilterChain.doFilter(FilterChainProxy.java:374)
	at org.springframework.security.web.session.SessionManagementFilter.doFilter(SessionManagementFilter.java:91)
	at org.springframework.security.web.session.SessionManagementFilter.doFilter(SessionManagementFilter.java:85)
	at org.springframework.security.web.FilterChainProxy$VirtualFilterChain.doFilter(FilterChainProxy.java:374)
	at org.springframework.security.web.authentication.AnonymousAuthenticationFilter.doFilter(AnonymousAuthenticationFilter.java:100)
	at org.springframework.security.web.FilterChainProxy$VirtualFilterChain.doFilter(FilterChainProxy.java:374)
	at org.springframework.security.web.servletapi.SecurityContextHolderAwareRequestFilter.doFilter(SecurityContextHolderAwareRequestFilter.java:179)
	at org.springframework.security.web.FilterChainProxy$VirtualFilterChain.doFilter(FilterChainProxy.java:374)
	at org.springframework.security.web.savedrequest.RequestCacheAwareFilter.doFilter(RequestCacheAwareFilter.java:63)
	at org.springframework.security.web.FilterChainProxy$VirtualFilterChain.doFilter(FilterChainProxy.java:374)
	at org.springframework.web.filter.OncePerRequestFilter.doFilter(OncePerRequestFilter.java:101)
	at org.springframework.security.web.FilterChainProxy$VirtualFilterChain.doFilter(FilterChainProxy.java:374)
	at org.springframework.security.web.authentication.logout.LogoutFilter.doFilter(LogoutFilter.java:107)
	at org.springframework.security.web.authentication.logout.LogoutFilter.doFilter(LogoutFilter.java:93)
	at org.springframework.security.web.FilterChainProxy$VirtualFilterChain.doFilter(FilterChainProxy.java:374)
	at org.springframework.web.filter.OncePerRequestFilter.doFilter(OncePerRequestFilter.java:101)
	at org.springframework.security.web.FilterChainProxy$VirtualFilterChain.doFilter(FilterChainProxy.java:374)
	at org.springframework.web.filter.OncePerRequestFilter.doFilter(OncePerRequestFilter.java:101)
	at org.springframework.security.web.FilterChainProxy$VirtualFilterChain.doFilter(FilterChainProxy.java:374)
	at org.springframework.security.web.context.SecurityContextHolderFilter.doFilter(SecurityContextHolderFilter.java:82)
	at org.springframework.security.web.context.SecurityContextHolderFilter.doFilter(SecurityContextHolderFilter.java:69)
	at org.springframework.security.web.FilterChainProxy$VirtualFilterChain.doFilter(FilterChainProxy.java:374)
	at org.springframework.web.filter.OncePerRequestFilter.doFilter(OncePerRequestFilter.java:101)
	at org.springframework.security.web.FilterChainProxy$VirtualFilterChain.doFilter(FilterChainProxy.java:374)
	at org.springframework.web.filter.OncePerRequestFilter.doFilter(OncePerRequestFilter.java:101)
	at org.springframework.security.web.FilterChainProxy$VirtualFilterChain.doFilter(FilterChainProxy.java:374)
	at org.springframework.security.web.FilterChainProxy.doFilterInternal(FilterChainProxy.java:233)
	at org.springframework.security.web.FilterChainProxy.doFilter(FilterChainProxy.java:191)
	at org.springframework.web.filter.CompositeFilter$VirtualFilterChain.doFilter(CompositeFilter.java:113)
	at org.springframework.web.servlet.handler.HandlerMappingIntrospector.lambda$createCacheFilter$3(HandlerMappingIntrospector.java:195)
	at org.springframework.web.filter.CompositeFilter$VirtualFilterChain.doFilter(CompositeFilter.java:113)
	at org.springframework.web.filter.CompositeFilter.doFilter(CompositeFilter.java:74)
	at org.springframework.security.config.annotation.web.configuration.WebMvcSecurityConfiguration$CompositeFilterChainProxy.doFilter(WebMvcSecurityConfiguration.java:230)
	at org.springframework.web.filter.DelegatingFilterProxy.invokeDelegate(DelegatingFilterProxy.java:352)
	at org.springframework.web.filter.DelegatingFilterProxy.doFilter(DelegatingFilterProxy.java:268)
	at org.apache.catalina.core.ApplicationFilterChain.internalDoFilter(ApplicationFilterChain.java:175)
	at org.apache.catalina.core.ApplicationFilterChain.doFilter(ApplicationFilterChain.java:150)
	at org.springframework.web.filter.RequestContextFilter.doFilterInternal(RequestContextFilter.java:100)
	at org.springframework.web.filter.OncePerRequestFilter.doFilter(OncePerRequestFilter.java:116)
	at org.apache.catalina.core.ApplicationFilterChain.internalDoFilter(ApplicationFilterChain.java:175)
	at org.apache.catalina.core.ApplicationFilterChain.doFilter(ApplicationFilterChain.java:150)
	at org.springframework.web.filter.OncePerRequestFilter.doFilter(OncePerRequestFilter.java:101)
	at org.apache.catalina.core.ApplicationFilterChain.internalDoFilter(ApplicationFilterChain.java:175)
	at org.apache.catalina.core.ApplicationFilterChain.doFilter(ApplicationFilterChain.java:150)
	at org.springframework.web.filter.OncePerRequestFilter.doFilter(OncePerRequestFilter.java:101)
	at org.apache.catalina.core.ApplicationFilterChain.internalDoFilter(ApplicationFilterChain.java:175)
	at org.apache.catalina.core.ApplicationFilterChain.doFilter(ApplicationFilterChain.java:150)
	at org.apache.catalina.core.ApplicationDispatcher.invoke(ApplicationDispatcher.java:653)
	at org.apache.catalina.core.ApplicationDispatcher.doInclude(ApplicationDispatcher.java:531)
	at org.apache.catalina.core.ApplicationDispatcher.include(ApplicationDispatcher.java:474)
	at org.apache.catalina.core.StandardHostValve.custom(StandardHostValve.java:343)
	at org.apache.catalina.core.StandardHostValve.status(StandardHostValve.java:222)
	at org.apache.catalina.core.StandardHostValve.throwable(StandardHostValve.java:308)
	at org.apache.catalina.core.StandardHostValve.invoke(StandardHostValve.java:149)
	at org.apache.catalina.valves.ErrorReportValve.invoke(ErrorReportValve.java:93)
	at org.apache.catalina.core.StandardEngineValve.invoke(StandardEngineValve.java:74)
	at org.apache.catalina.connector.CoyoteAdapter.asyncDispatch(CoyoteAdapter.java:239)
	at org.apache.coyote.AbstractProcessor.dispatch(AbstractProcessor.java:243)
	at org.apache.coyote.AbstractProcessorLight.process(AbstractProcessorLight.java:57)
	at org.apache.coyote.AbstractProtocol$ConnectionHandler.process(AbstractProtocol.java:896)
	at org.apache.tomcat.util.net.NioEndpoint$SocketProcessor.doRun(NioEndpoint.java:1736)
	at org.apache.tomcat.util.net.SocketProcessorBase.run(SocketProcessorBase.java:52)
	at org.apache.tomcat.util.threads.ThreadPoolExecutor.runWorker(ThreadPoolExecutor.java:1191)
	at org.apache.tomcat.util.threads.ThreadPoolExecutor$Worker.run(ThreadPoolExecutor.java:659)
	at org.apache.tomcat.util.threads.TaskThread$WrappingRunnable.run(TaskThread.java:63)
	at java.base/java.lang.Thread.run(Unknown Source)
Caused by: org.springframework.security.access.AccessDeniedException: Access Denied
	at org.springframework.security.web.access.intercept.AuthorizationFilter.doFilter(AuthorizationFilter.java:98)
	at org.springframework.security.web.FilterChainProxy$VirtualFilterChain.doFilter(FilterChainProxy.java:374)
	at org.springframework.security.web.access.ExceptionTranslationFilter.doFilter(ExceptionTranslationFilter.java:126)
	... 67 common frames omitted
2026-04-03 21:36:36.368 [http-nio-8080-exec-5] DEBUG c.z.t.m.SysUserMapper.selectList - ==>  Preparing: SELECT id,username,password,real_name,phone,email,student_no,class_name,counselor_id,avatar_url,status,deleted,create_time,update_time FROM sys_user WHERE deleted=0 AND (username = ? AND deleted = ?)
2026-04-03 21:36:36.370 [http-nio-8080-exec-5] DEBUG c.z.t.m.SysUserMapper.selectList - ==> Parameters: student(String), 0(Integer)
2026-04-03 21:36:36.371 [http-nio-8080-exec-5] DEBUG c.z.t.m.SysUserMapper.selectList - <==      Total: 1
2026-04-03 21:36:36.371 [http-nio-8080-exec-5] DEBUG c.z.t.m.SysUserRoleMapper.selectList - ==>  Preparing: SELECT id,user_id,role_id,create_time,update_time FROM sys_user_role WHERE (user_id = ?)
2026-04-03 21:36:36.373 [http-nio-8080-exec-5] DEBUG c.z.t.m.SysUserRoleMapper.selectList - ==> Parameters: 5(Long)
2026-04-03 21:36:36.375 [http-nio-8080-exec-5] DEBUG c.z.t.m.SysUserRoleMapper.selectList - <==      Total: 1
2026-04-03 21:36:36.375 [http-nio-8080-exec-5] DEBUG c.z.t.m.SysRoleMapper.selectList - ==>  Preparing: SELECT id,role_code,role_name,remark,create_time,update_time FROM sys_role WHERE (id IN (?))
2026-04-03 21:36:36.376 [http-nio-8080-exec-5] DEBUG c.z.t.m.SysRoleMapper.selectList - ==> Parameters: 3(Long)
2026-04-03 21:36:36.376 [http-nio-8080-exec-5] DEBUG c.z.t.m.SysRoleMapper.selectList - <==      Total: 1
2026-04-03 21:36:36.380 [http-nio-8080-exec-5] DEBUG c.z.t.m.SysUserMapper.selectById - ==>  Preparing: SELECT id,username,password,real_name,phone,email,student_no,class_name,counselor_id,avatar_url,status,deleted,create_time,update_time FROM sys_user WHERE id=? AND deleted=0
2026-04-03 21:36:36.381 [http-nio-8080-exec-5] DEBUG c.z.t.m.SysUserMapper.selectById - ==> Parameters: 5(Long)
2026-04-03 21:36:36.383 [http-nio-8080-exec-5] DEBUG c.z.t.m.SysUserMapper.selectById - <==      Total: 1
2026-04-03 21:36:36.384 [http-nio-8080-exec-5] DEBUG c.z.t.m.SysUserRoleMapper.selectList - ==>  Preparing: SELECT id,user_id,role_id,create_time,update_time FROM sys_user_role WHERE (user_id = ?)
2026-04-03 21:36:36.384 [http-nio-8080-exec-5] DEBUG c.z.t.m.SysUserRoleMapper.selectList - ==> Parameters: 5(Long)
2026-04-03 21:36:36.386 [http-nio-8080-exec-5] DEBUG c.z.t.m.SysUserRoleMapper.selectList - <==      Total: 1
2026-04-03 21:36:36.388 [http-nio-8080-exec-5] DEBUG c.z.t.m.SysRoleMapper.selectList - ==>  Preparing: SELECT id,role_code,role_name,remark,create_time,update_time FROM sys_role WHERE (id IN (?))
2026-04-03 21:36:36.388 [http-nio-8080-exec-5] DEBUG c.z.t.m.SysRoleMapper.selectList - ==> Parameters: 3(Long)
2026-04-03 21:36:36.389 [http-nio-8080-exec-5] DEBUG c.z.t.m.SysRoleMapper.selectList - <==      Total: 1
2026-04-03 21:36:36.391 [http-nio-8080-exec-5] DEBUG c.z.t.m.SysUserRoleMapper.selectList - ==>  Preparing: SELECT id,user_id,role_id,create_time,update_time FROM sys_user_role WHERE (user_id = ?)
2026-04-03 21:36:36.392 [http-nio-8080-exec-5] DEBUG c.z.t.m.SysUserRoleMapper.selectList - ==> Parameters: 5(Long)
2026-04-03 21:36:36.393 [http-nio-8080-exec-5] DEBUG c.z.t.m.SysUserRoleMapper.selectList - <==      Total: 1
2026-04-03 21:36:36.394 [http-nio-8080-exec-5] DEBUG c.z.t.m.SysRoleMapper.selectList - ==>  Preparing: SELECT id,role_code,role_name,remark,create_time,update_time FROM sys_role WHERE (id IN (?))
2026-04-03 21:36:36.395 [http-nio-8080-exec-5] DEBUG c.z.t.m.SysRoleMapper.selectList - ==> Parameters: 3(Long)
2026-04-03 21:36:36.395 [http-nio-8080-exec-5] DEBUG c.z.t.m.SysRoleMapper.selectList - <==      Total: 1
2026-04-03 21:36:39.348 [http-nio-8080-exec-6] DEBUG c.z.t.m.SysUserMapper.selectList - ==>  Preparing: SELECT id,username,password,real_name,phone,email,student_no,class_name,counselor_id,avatar_url,status,deleted,create_time,update_time FROM sys_user WHERE deleted=0 AND (username = ? AND deleted = ?)
2026-04-03 21:36:39.349 [http-nio-8080-exec-6] DEBUG c.z.t.m.SysUserMapper.selectList - ==> Parameters: student(String), 0(Integer)
2026-04-03 21:36:39.351 [http-nio-8080-exec-6] DEBUG c.z.t.m.SysUserMapper.selectList - <==      Total: 1
2026-04-03 21:36:39.351 [http-nio-8080-exec-6] DEBUG c.z.t.m.SysUserRoleMapper.selectList - ==>  Preparing: SELECT id,user_id,role_id,create_time,update_time FROM sys_user_role WHERE (user_id = ?)
2026-04-03 21:36:39.352 [http-nio-8080-exec-6] DEBUG c.z.t.m.SysUserRoleMapper.selectList - ==> Parameters: 5(Long)
2026-04-03 21:36:39.352 [http-nio-8080-exec-6] DEBUG c.z.t.m.SysUserRoleMapper.selectList - <==      Total: 1
2026-04-03 21:36:39.354 [http-nio-8080-exec-6] DEBUG c.z.t.m.SysRoleMapper.selectList - ==>  Preparing: SELECT id,role_code,role_name,remark,create_time,update_time FROM sys_role WHERE (id IN (?))
2026-04-03 21:36:39.354 [http-nio-8080-exec-6] DEBUG c.z.t.m.SysRoleMapper.selectList - ==> Parameters: 3(Long)
2026-04-03 21:36:39.357 [http-nio-8080-exec-6] DEBUG c.z.t.m.SysRoleMapper.selectList - <==      Total: 1
2026-04-03 21:36:39.361 [http-nio-8080-exec-6] DEBUG c.z.t.m.SysUserMapper.selectById - ==>  Preparing: SELECT id,username,password,real_name,phone,email,student_no,class_name,counselor_id,avatar_url,status,deleted,create_time,update_time FROM sys_user WHERE id=? AND deleted=0
2026-04-03 21:36:39.363 [http-nio-8080-exec-6] DEBUG c.z.t.m.SysUserMapper.selectById - ==> Parameters: 5(Long)
2026-04-03 21:36:39.371 [http-nio-8080-exec-6] DEBUG c.z.t.m.SysUserMapper.selectById - <==      Total: 1
2026-04-03 21:36:39.372 [http-nio-8080-exec-6] DEBUG c.z.t.m.SysUserRoleMapper.selectList - ==>  Preparing: SELECT id,user_id,role_id,create_time,update_time FROM sys_user_role WHERE (user_id = ?)
2026-04-03 21:36:39.374 [http-nio-8080-exec-6] DEBUG c.z.t.m.SysUserRoleMapper.selectList - ==> Parameters: 5(Long)
2026-04-03 21:36:39.376 [http-nio-8080-exec-6] DEBUG c.z.t.m.SysUserRoleMapper.selectList - <==      Total: 1
2026-04-03 21:36:39.377 [http-nio-8080-exec-6] DEBUG c.z.t.m.SysRoleMapper.selectList - ==>  Preparing: SELECT id,role_code,role_name,remark,create_time,update_time FROM sys_role WHERE (id IN (?))
2026-04-03 21:36:39.379 [http-nio-8080-exec-6] DEBUG c.z.t.m.SysRoleMapper.selectList - ==> Parameters: 3(Long)
2026-04-03 21:36:39.380 [http-nio-8080-exec-6] DEBUG c.z.t.m.SysRoleMapper.selectList - <==      Total: 1
2026-04-03 21:36:39.381 [http-nio-8080-exec-6] DEBUG c.z.t.m.SysUserRoleMapper.selectList - ==>  Preparing: SELECT id,user_id,role_id,create_time,update_time FROM sys_user_role WHERE (user_id = ?)
2026-04-03 21:36:39.381 [http-nio-8080-exec-6] DEBUG c.z.t.m.SysUserRoleMapper.selectList - ==> Parameters: 5(Long)
2026-04-03 21:36:39.383 [http-nio-8080-exec-6] DEBUG c.z.t.m.SysUserRoleMapper.selectList - <==      Total: 1
2026-04-03 21:36:39.383 [http-nio-8080-exec-6] DEBUG c.z.t.m.SysRoleMapper.selectList - ==>  Preparing: SELECT id,role_code,role_name,remark,create_time,update_time FROM sys_role WHERE (id IN (?))
2026-04-03 21:36:39.384 [http-nio-8080-exec-6] DEBUG c.z.t.m.SysRoleMapper.selectList - ==> Parameters: 3(Long)
2026-04-03 21:36:39.386 [http-nio-8080-exec-6] DEBUG c.z.t.m.SysRoleMapper.selectList - <==      Total: 1
2026-04-03 21:36:40.251 [http-nio-8080-exec-7] DEBUG c.z.t.m.SysUserMapper.selectList - ==>  Preparing: SELECT id,username,password,real_name,phone,email,student_no,class_name,counselor_id,avatar_url,status,deleted,create_time,update_time FROM sys_user WHERE deleted=0 AND (username = ? AND deleted = ?)
2026-04-03 21:36:40.252 [http-nio-8080-exec-7] DEBUG c.z.t.m.SysUserMapper.selectList - ==> Parameters: student(String), 0(Integer)
2026-04-03 21:36:40.254 [http-nio-8080-exec-7] DEBUG c.z.t.m.SysUserMapper.selectList - <==      Total: 1
2026-04-03 21:36:40.255 [http-nio-8080-exec-7] DEBUG c.z.t.m.SysUserRoleMapper.selectList - ==>  Preparing: SELECT id,user_id,role_id,create_time,update_time FROM sys_user_role WHERE (user_id = ?)
2026-04-03 21:36:40.255 [http-nio-8080-exec-7] DEBUG c.z.t.m.SysUserRoleMapper.selectList - ==> Parameters: 5(Long)
2026-04-03 21:36:40.255 [http-nio-8080-exec-7] DEBUG c.z.t.m.SysUserRoleMapper.selectList - <==      Total: 1
2026-04-03 21:36:40.257 [http-nio-8080-exec-7] DEBUG c.z.t.m.SysRoleMapper.selectList - ==>  Preparing: SELECT id,role_code,role_name,remark,create_time,update_time FROM sys_role WHERE (id IN (?))
2026-04-03 21:36:40.257 [http-nio-8080-exec-7] DEBUG c.z.t.m.SysRoleMapper.selectList - ==> Parameters: 3(Long)
2026-04-03 21:36:40.258 [http-nio-8080-exec-7] DEBUG c.z.t.m.SysRoleMapper.selectList - <==      Total: 1
2026-04-03 21:36:40.260 [http-nio-8080-exec-7] DEBUG c.z.t.m.SysUserMapper.selectById - ==>  Preparing: SELECT id,username,password,real_name,phone,email,student_no,class_name,counselor_id,avatar_url,status,deleted,create_time,update_time FROM sys_user WHERE id=? AND deleted=0
2026-04-03 21:36:40.260 [http-nio-8080-exec-7] DEBUG c.z.t.m.SysUserMapper.selectById - ==> Parameters: 5(Long)
2026-04-03 21:36:40.261 [http-nio-8080-exec-7] DEBUG c.z.t.m.SysUserMapper.selectById - <==      Total: 1
2026-04-03 21:36:40.261 [http-nio-8080-exec-7] DEBUG c.z.t.m.SysUserRoleMapper.selectList - ==>  Preparing: SELECT id,user_id,role_id,create_time,update_time FROM sys_user_role WHERE (user_id = ?)
2026-04-03 21:36:40.263 [http-nio-8080-exec-7] DEBUG c.z.t.m.SysUserRoleMapper.selectList - ==> Parameters: 5(Long)
2026-04-03 21:36:40.263 [http-nio-8080-exec-7] DEBUG c.z.t.m.SysUserRoleMapper.selectList - <==      Total: 1
2026-04-03 21:36:40.265 [http-nio-8080-exec-7] DEBUG c.z.t.m.SysRoleMapper.selectList - ==>  Preparing: SELECT id,role_code,role_name,remark,create_time,update_time FROM sys_role WHERE (id IN (?))
2026-04-03 21:36:40.265 [http-nio-8080-exec-7] DEBUG c.z.t.m.SysRoleMapper.selectList - ==> Parameters: 3(Long)
2026-04-03 21:36:40.266 [http-nio-8080-exec-7] DEBUG c.z.t.m.SysRoleMapper.selectList - <==      Total: 1
2026-04-03 21:36:40.268 [http-nio-8080-exec-7] DEBUG c.z.t.m.SysUserRoleMapper.selectList - ==>  Preparing: SELECT id,user_id,role_id,create_time,update_time FROM sys_user_role WHERE (user_id = ?)
2026-04-03 21:36:40.268 [http-nio-8080-exec-7] DEBUG c.z.t.m.SysUserRoleMapper.selectList - ==> Parameters: 5(Long)
2026-04-03 21:36:40.270 [http-nio-8080-exec-7] DEBUG c.z.t.m.SysUserRoleMapper.selectList - <==      Total: 1
2026-04-03 21:36:40.271 [http-nio-8080-exec-7] DEBUG c.z.t.m.SysRoleMapper.selectList - ==>  Preparing: SELECT id,role_code,role_name,remark,create_time,update_time FROM sys_role WHERE (id IN (?))
2026-04-03 21:36:40.272 [http-nio-8080-exec-7] DEBUG c.z.t.m.SysRoleMapper.selectList - ==> Parameters: 3(Long)
2026-04-03 21:36:40.273 [http-nio-8080-exec-7] DEBUG c.z.t.m.SysRoleMapper.selectList - <==      Total: 1
2026-04-03 21:36:40.594 [http-nio-8080-exec-8] DEBUG c.z.t.m.SysUserMapper.selectList - ==>  Preparing: SELECT id,username,password,real_name,phone,email,student_no,class_name,counselor_id,avatar_url,status,deleted,create_time,update_time FROM sys_user WHERE deleted=0 AND (username = ? AND deleted = ?)
2026-04-03 21:36:40.596 [http-nio-8080-exec-8] DEBUG c.z.t.m.SysUserMapper.selectList - ==> Parameters: student(String), 0(Integer)
2026-04-03 21:36:40.597 [http-nio-8080-exec-8] DEBUG c.z.t.m.SysUserMapper.selectList - <==      Total: 1
2026-04-03 21:36:40.598 [http-nio-8080-exec-8] DEBUG c.z.t.m.SysUserRoleMapper.selectList - ==>  Preparing: SELECT id,user_id,role_id,create_time,update_time FROM sys_user_role WHERE (user_id = ?)
2026-04-03 21:36:40.600 [http-nio-8080-exec-8] DEBUG c.z.t.m.SysUserRoleMapper.selectList - ==> Parameters: 5(Long)
2026-04-03 21:36:40.603 [http-nio-8080-exec-8] DEBUG c.z.t.m.SysUserRoleMapper.selectList - <==      Total: 1
2026-04-03 21:36:40.606 [http-nio-8080-exec-8] DEBUG c.z.t.m.SysRoleMapper.selectList - ==>  Preparing: SELECT id,role_code,role_name,remark,create_time,update_time FROM sys_role WHERE (id IN (?))
2026-04-03 21:36:40.608 [http-nio-8080-exec-8] DEBUG c.z.t.m.SysRoleMapper.selectList - ==> Parameters: 3(Long)
2026-04-03 21:36:40.609 [http-nio-8080-exec-8] DEBUG c.z.t.m.SysRoleMapper.selectList - <==      Total: 1
2026-04-03 21:36:40.611 [http-nio-8080-exec-8] DEBUG c.z.t.m.SysUserMapper.selectById - ==>  Preparing: SELECT id,username,password,real_name,phone,email,student_no,class_name,counselor_id,avatar_url,status,deleted,create_time,update_time FROM sys_user WHERE id=? AND deleted=0
2026-04-03 21:36:40.611 [http-nio-8080-exec-8] DEBUG c.z.t.m.SysUserMapper.selectById - ==> Parameters: 5(Long)
2026-04-03 21:36:40.613 [http-nio-8080-exec-8] DEBUG c.z.t.m.SysUserMapper.selectById - <==      Total: 1
2026-04-03 21:36:40.617 [http-nio-8080-exec-8] DEBUG c.z.t.m.SysUserRoleMapper.selectList - ==>  Preparing: SELECT id,user_id,role_id,create_time,update_time FROM sys_user_role WHERE (user_id = ?)
2026-04-03 21:36:40.617 [http-nio-8080-exec-8] DEBUG c.z.t.m.SysUserRoleMapper.selectList - ==> Parameters: 5(Long)
2026-04-03 21:36:40.619 [http-nio-8080-exec-8] DEBUG c.z.t.m.SysUserRoleMapper.selectList - <==      Total: 1
2026-04-03 21:36:40.621 [http-nio-8080-exec-8] DEBUG c.z.t.m.SysRoleMapper.selectList - ==>  Preparing: SELECT id,role_code,role_name,remark,create_time,update_time FROM sys_role WHERE (id IN (?))
2026-04-03 21:36:40.623 [http-nio-8080-exec-8] DEBUG c.z.t.m.SysRoleMapper.selectList - ==> Parameters: 3(Long)
2026-04-03 21:36:40.625 [http-nio-8080-exec-8] DEBUG c.z.t.m.SysRoleMapper.selectList - <==      Total: 1
2026-04-03 21:36:40.626 [http-nio-8080-exec-8] DEBUG c.z.t.m.SysUserRoleMapper.selectList - ==>  Preparing: SELECT id,user_id,role_id,create_time,update_time FROM sys_user_role WHERE (user_id = ?)
2026-04-03 21:36:40.626 [http-nio-8080-exec-8] DEBUG c.z.t.m.SysUserRoleMapper.selectList - ==> Parameters: 5(Long)
2026-04-03 21:36:40.627 [http-nio-8080-exec-8] DEBUG c.z.t.m.SysUserRoleMapper.selectList - <==      Total: 1
2026-04-03 21:36:40.628 [http-nio-8080-exec-8] DEBUG c.z.t.m.SysRoleMapper.selectList - ==>  Preparing: SELECT id,role_code,role_name,remark,create_time,update_time FROM sys_role WHERE (id IN (?))
2026-04-03 21:36:40.628 [http-nio-8080-exec-8] DEBUG c.z.t.m.SysRoleMapper.selectList - ==> Parameters: 3(Long)
2026-04-03 21:36:40.631 [http-nio-8080-exec-8] DEBUG c.z.t.m.SysRoleMapper.selectList - <==      Total: 1
2026-04-03 21:36:47.504 [http-nio-8080-exec-10] DEBUG c.z.t.m.SysUserMapper.selectList - ==>  Preparing: SELECT id,username,password,real_name,phone,email,student_no,class_name,counselor_id,avatar_url,status,deleted,create_time,update_time FROM sys_user WHERE deleted=0 AND (username = ? AND deleted = ?)
2026-04-03 21:36:47.506 [http-nio-8080-exec-10] DEBUG c.z.t.m.SysUserMapper.selectList - ==> Parameters: student(String), 0(Integer)
2026-04-03 21:36:47.508 [http-nio-8080-exec-10] DEBUG c.z.t.m.SysUserMapper.selectList - <==      Total: 1
2026-04-03 21:36:47.509 [http-nio-8080-exec-10] DEBUG c.z.t.m.SysUserRoleMapper.selectList - ==>  Preparing: SELECT id,user_id,role_id,create_time,update_time FROM sys_user_role WHERE (user_id = ?)
2026-04-03 21:36:47.510 [http-nio-8080-exec-10] DEBUG c.z.t.m.SysUserRoleMapper.selectList - ==> Parameters: 5(Long)
2026-04-03 21:36:47.510 [http-nio-8080-exec-10] DEBUG c.z.t.m.SysUserRoleMapper.selectList - <==      Total: 1
2026-04-03 21:36:47.512 [http-nio-8080-exec-10] DEBUG c.z.t.m.SysRoleMapper.selectList - ==>  Preparing: SELECT id,role_code,role_name,remark,create_time,update_time FROM sys_role WHERE (id IN (?))
2026-04-03 21:36:47.514 [http-nio-8080-exec-10] DEBUG c.z.t.m.SysRoleMapper.selectList - ==> Parameters: 3(Long)
2026-04-03 21:36:47.517 [http-nio-8080-exec-10] DEBUG c.z.t.m.SysRoleMapper.selectList - <==      Total: 1
2026-04-03 21:36:47.521 [chat-sse-2] DEBUG c.z.t.m.AiChatSessionMapper.insert - ==>  Preparing: INSERT INTO ai_chat_session ( user_id, title, create_time, update_time ) VALUES ( ?, ?, ?, ? )
2026-04-03 21:36:47.525 [chat-sse-2] DEBUG c.z.t.m.AiChatSessionMapper.insert - ==> Parameters: 5(Long), 新对话(String), 2026-04-03T21:36:47.521541300(LocalDateTime), 2026-04-03T21:36:47.521541300(LocalDateTime)
2026-04-03 21:36:47.536 [chat-sse-2] DEBUG c.z.t.m.AiChatSessionMapper.insert - <==    Updates: 1
2026-04-03 21:36:47.537 [chat-sse-2] DEBUG c.z.t.m.AiChatMessageMapper.insert - ==>  Preparing: INSERT INTO ai_chat_message ( session_id, message_role, content, create_time, update_time ) VALUES ( ?, ?, ?, ?, ? )
2026-04-03 21:36:47.537 [chat-sse-2] DEBUG c.z.t.m.AiChatMessageMapper.insert - ==> Parameters: 3(Long), user(String), 嗨(String), 2026-04-03T21:36:47.537679300(LocalDateTime), 2026-04-03T21:36:47.537679300(LocalDateTime)
2026-04-03 21:36:47.544 [chat-sse-2] DEBUG c.z.t.m.AiChatMessageMapper.insert - <==    Updates: 1
2026-04-03 21:36:47.547 [chat-sse-2] DEBUG c.z.t.m.AlertRuleMapper.selectList - ==>  Preparing: SELECT id,rule_code,medium_sentiment_threshold,high_sentiment_threshold,keyword_high_enabled,remark,deleted,create_time,update_time FROM alert_rule WHERE deleted=0 AND (rule_code = ? AND deleted = ?)
2026-04-03 21:36:47.547 [chat-sse-2] DEBUG c.z.t.m.AlertRuleMapper.selectList - ==> Parameters: DEFAULT(String), 0(Integer)
2026-04-03 21:36:47.548 [chat-sse-2] DEBUG c.z.t.m.AlertRuleMapper.selectList - <==      Total: 1
2026-04-03 21:36:47.552 [chat-sse-2] DEBUG c.z.t.m.EmotionRecordMapper.insert - ==>  Preparing: INSERT INTO emotion_record ( user_id, session_id, message_id, sentiment_score, emotion_label, risk_level, analysis_detail, create_time, update_time ) VALUES ( ?, ?, ?, ?, ?, ?, ?, ?, ? )
2026-04-03 21:36:47.553 [chat-sse-2] DEBUG c.z.t.m.EmotionRecordMapper.insert - ==> Parameters: 5(Long), 3(Long), 7(Long), 0.000(BigDecimal), NEUTRAL(String), LOW(String), {"finalRisk":"LOW","riskFromEmotion":"LOW","keywordHigh":false,"lexiconHits":{"positive":0,"negative":0,"anxious":0,"sad":0,"angry":0,"suppressed":0},"matchedKeywords":[],"mediumThreshold":-0.250,"highThreshold":-0.550}(String), 2026-04-03T21:36:47.552813900(LocalDateTime), 2026-04-03T21:36:47.552813900(LocalDateTime)
2026-04-03 21:36:47.556 [chat-sse-2] DEBUG c.z.t.m.EmotionRecordMapper.insert - <==    Updates: 1
2026-04-03 21:36:47.567 [chat-sse-2] DEBUG c.z.t.m.A.selectList - ==>  Preparing: SELECT id,session_id,message_role,content,token_estimate,deleted,create_time,update_time FROM ai_chat_message WHERE deleted=0 AND (session_id = ? AND deleted = ? AND message_role IN (?,?)) ORDER BY id DESC LIMIT 24
2026-04-03 21:36:47.567 [chat-sse-2] DEBUG c.z.t.m.A.selectList - ==> Parameters: 3(Long), 0(Integer), user(String), assistant(String)
2026-04-03 21:36:47.570 [chat-sse-2] DEBUG c.z.t.m.A.selectList - <==      Total: 1
2026-04-03 21:36:48.608 [chat-sse-2] DEBUG c.z.t.ai.impl.MockChatLanguageModel - mock stream done, len=63
2026-04-03 21:36:48.614 [chat-sse-2] DEBUG c.z.t.m.AiChatMessageMapper.insert - ==>  Preparing: INSERT INTO ai_chat_message ( session_id, message_role, content, create_time, update_time ) VALUES ( ?, ?, ?, ?, ? )
2026-04-03 21:36:48.614 [chat-sse-2] DEBUG c.z.t.m.AiChatMessageMapper.insert - ==> Parameters: 3(Long), assistant(String), （演示模式）学长/学姐听到啦～ 你说的是：「嗨」。先抱抱你，备考真的不容易。我们可以一点点聊，你现在最想被理解的是哪一部分呢？(String), 2026-04-03T21:36:48.612300900(LocalDateTime), 2026-04-03T21:36:48.612300900(LocalDateTime)
2026-04-03 21:36:48.621 [chat-sse-2] DEBUG c.z.t.m.AiChatMessageMapper.insert - <==    Updates: 1
2026-04-03 21:36:48.621 [chat-sse-2] DEBUG c.z.t.m.A.updateById - ==>  Preparing: UPDATE ai_chat_session SET user_id=?, title=?, last_message_at=?, create_time=?, update_time=? WHERE id=? AND deleted=0
2026-04-03 21:36:48.625 [chat-sse-2] DEBUG c.z.t.m.A.updateById - ==> Parameters: 5(Long), 嗨(String), 2026-04-03T21:36:48.621856300(LocalDateTime), 2026-04-03T21:36:47.521541300(LocalDateTime), 2026-04-03T21:36:47.521541300(LocalDateTime), 3(Long)
2026-04-03 21:36:48.637 [chat-sse-2] DEBUG c.z.t.m.A.updateById - <==    Updates: 1
2026-04-03 21:36:48.641 [http-nio-8080-exec-9] ERROR o.a.c.c.C.[.[.[.[dispatcherServlet] - Servlet.service() for servlet [dispatcherServlet] threw exception
org.springframework.security.access.AccessDeniedException: Access Denied
	at org.springframework.security.web.access.intercept.AuthorizationFilter.doFilter(AuthorizationFilter.java:98)
	at org.springframework.security.web.FilterChainProxy$VirtualFilterChain.doFilter(FilterChainProxy.java:374)
	at org.springframework.security.web.access.ExceptionTranslationFilter.doFilter(ExceptionTranslationFilter.java:126)
	at org.springframework.security.web.access.ExceptionTranslationFilter.doFilter(ExceptionTranslationFilter.java:120)
	at org.springframework.security.web.FilterChainProxy$VirtualFilterChain.doFilter(FilterChainProxy.java:374)
	at org.springframework.security.web.session.SessionManagementFilter.doFilter(SessionManagementFilter.java:91)
	at org.springframework.security.web.session.SessionManagementFilter.doFilter(SessionManagementFilter.java:85)
	at org.springframework.security.web.FilterChainProxy$VirtualFilterChain.doFilter(FilterChainProxy.java:374)
	at org.springframework.security.web.authentication.AnonymousAuthenticationFilter.doFilter(AnonymousAuthenticationFilter.java:100)
	at org.springframework.security.web.FilterChainProxy$VirtualFilterChain.doFilter(FilterChainProxy.java:374)
	at org.springframework.security.web.servletapi.SecurityContextHolderAwareRequestFilter.doFilter(SecurityContextHolderAwareRequestFilter.java:179)
	at org.springframework.security.web.FilterChainProxy$VirtualFilterChain.doFilter(FilterChainProxy.java:374)
	at org.springframework.security.web.savedrequest.RequestCacheAwareFilter.doFilter(RequestCacheAwareFilter.java:63)
	at org.springframework.security.web.FilterChainProxy$VirtualFilterChain.doFilter(FilterChainProxy.java:374)
	at org.springframework.web.filter.OncePerRequestFilter.doFilter(OncePerRequestFilter.java:101)
	at org.springframework.security.web.FilterChainProxy$VirtualFilterChain.doFilter(FilterChainProxy.java:374)
	at org.springframework.security.web.authentication.logout.LogoutFilter.doFilter(LogoutFilter.java:107)
	at org.springframework.security.web.authentication.logout.LogoutFilter.doFilter(LogoutFilter.java:93)
	at org.springframework.security.web.FilterChainProxy$VirtualFilterChain.doFilter(FilterChainProxy.java:374)
	at org.springframework.web.filter.OncePerRequestFilter.doFilter(OncePerRequestFilter.java:101)
	at org.springframework.security.web.FilterChainProxy$VirtualFilterChain.doFilter(FilterChainProxy.java:374)
	at org.springframework.web.filter.OncePerRequestFilter.doFilter(OncePerRequestFilter.java:101)
	at org.springframework.security.web.FilterChainProxy$VirtualFilterChain.doFilter(FilterChainProxy.java:374)
	at org.springframework.security.web.context.SecurityContextHolderFilter.doFilter(SecurityContextHolderFilter.java:82)
	at org.springframework.security.web.context.SecurityContextHolderFilter.doFilter(SecurityContextHolderFilter.java:69)
	at org.springframework.security.web.FilterChainProxy$VirtualFilterChain.doFilter(FilterChainProxy.java:374)
	at org.springframework.web.filter.OncePerRequestFilter.doFilter(OncePerRequestFilter.java:101)
	at org.springframework.security.web.FilterChainProxy$VirtualFilterChain.doFilter(FilterChainProxy.java:374)
	at org.springframework.web.filter.OncePerRequestFilter.doFilter(OncePerRequestFilter.java:101)
	at org.springframework.security.web.FilterChainProxy$VirtualFilterChain.doFilter(FilterChainProxy.java:374)
	at org.springframework.security.web.FilterChainProxy.doFilterInternal(FilterChainProxy.java:233)
	at org.springframework.security.web.FilterChainProxy.doFilter(FilterChainProxy.java:191)
	at org.springframework.web.filter.CompositeFilter$VirtualFilterChain.doFilter(CompositeFilter.java:113)
	at org.springframework.web.servlet.handler.HandlerMappingIntrospector.lambda$createCacheFilter$3(HandlerMappingIntrospector.java:195)
	at org.springframework.web.filter.CompositeFilter$VirtualFilterChain.doFilter(CompositeFilter.java:113)
	at org.springframework.web.filter.CompositeFilter.doFilter(CompositeFilter.java:74)
	at org.springframework.security.config.annotation.web.configuration.WebMvcSecurityConfiguration$CompositeFilterChainProxy.doFilter(WebMvcSecurityConfiguration.java:230)
	at org.springframework.web.filter.DelegatingFilterProxy.invokeDelegate(DelegatingFilterProxy.java:352)
	at org.springframework.web.filter.DelegatingFilterProxy.doFilter(DelegatingFilterProxy.java:268)
	at org.apache.catalina.core.ApplicationFilterChain.internalDoFilter(ApplicationFilterChain.java:175)
	at org.apache.catalina.core.ApplicationFilterChain.doFilter(ApplicationFilterChain.java:150)
	at org.springframework.web.filter.RequestContextFilter.doFilterInternal(RequestContextFilter.java:100)
	at org.springframework.web.filter.OncePerRequestFilter.doFilter(OncePerRequestFilter.java:116)
	at org.apache.catalina.core.ApplicationFilterChain.internalDoFilter(ApplicationFilterChain.java:175)
	at org.apache.catalina.core.ApplicationFilterChain.doFilter(ApplicationFilterChain.java:150)
	at org.springframework.web.filter.OncePerRequestFilter.doFilter(OncePerRequestFilter.java:101)
	at org.apache.catalina.core.ApplicationFilterChain.internalDoFilter(ApplicationFilterChain.java:175)
	at org.apache.catalina.core.ApplicationFilterChain.doFilter(ApplicationFilterChain.java:150)
	at org.springframework.web.filter.OncePerRequestFilter.doFilter(OncePerRequestFilter.java:101)
	at org.apache.catalina.core.ApplicationFilterChain.internalDoFilter(ApplicationFilterChain.java:175)
	at org.apache.catalina.core.ApplicationFilterChain.doFilter(ApplicationFilterChain.java:150)
	at org.apache.catalina.core.ApplicationDispatcher.invoke(ApplicationDispatcher.java:653)
	at org.apache.catalina.core.ApplicationDispatcher.doDispatch(ApplicationDispatcher.java:581)
	at org.apache.catalina.core.ApplicationDispatcher.dispatch(ApplicationDispatcher.java:552)
	at org.apache.catalina.core.AsyncContextImpl$AsyncRunnable.run(AsyncContextImpl.java:585)
	at org.apache.catalina.core.AsyncContextImpl.doInternalDispatch(AsyncContextImpl.java:344)
	at org.apache.catalina.core.StandardWrapperValve.invoke(StandardWrapperValve.java:165)
	at org.apache.catalina.core.StandardContextValve.invoke(StandardContextValve.java:90)
	at org.apache.catalina.authenticator.AuthenticatorBase.invoke(AuthenticatorBase.java:482)
	at org.apache.catalina.core.StandardHostValve.invoke(StandardHostValve.java:115)
	at org.apache.catalina.valves.ErrorReportValve.invoke(ErrorReportValve.java:93)
	at org.apache.catalina.core.StandardEngineValve.invoke(StandardEngineValve.java:74)
	at org.apache.catalina.connector.CoyoteAdapter.asyncDispatch(CoyoteAdapter.java:239)
	at org.apache.coyote.AbstractProcessor.dispatch(AbstractProcessor.java:243)
	at org.apache.coyote.AbstractProcessorLight.process(AbstractProcessorLight.java:57)
	at org.apache.coyote.AbstractProtocol$ConnectionHandler.process(AbstractProtocol.java:896)
	at org.apache.tomcat.util.net.NioEndpoint$SocketProcessor.doRun(NioEndpoint.java:1736)
	at org.apache.tomcat.util.net.SocketProcessorBase.run(SocketProcessorBase.java:52)
	at org.apache.tomcat.util.threads.ThreadPoolExecutor.runWorker(ThreadPoolExecutor.java:1191)
	at org.apache.tomcat.util.threads.ThreadPoolExecutor$Worker.run(ThreadPoolExecutor.java:659)
	at org.apache.tomcat.util.threads.TaskThread$WrappingRunnable.run(TaskThread.java:63)
	at java.base/java.lang.Thread.run(Unknown Source)
2026-04-03 21:36:48.643 [http-nio-8080-exec-9] ERROR o.a.c.c.C.[.[.[.[dispatcherServlet] - Servlet.service() for servlet [dispatcherServlet] in context with path [] threw exception [Unable to handle the Spring Security Exception because the response is already committed.] with root cause
org.springframework.security.access.AccessDeniedException: Access Denied
	at org.springframework.security.web.access.intercept.AuthorizationFilter.doFilter(AuthorizationFilter.java:98)
	at org.springframework.security.web.FilterChainProxy$VirtualFilterChain.doFilter(FilterChainProxy.java:374)
	at org.springframework.security.web.access.ExceptionTranslationFilter.doFilter(ExceptionTranslationFilter.java:126)
	at org.springframework.security.web.access.ExceptionTranslationFilter.doFilter(ExceptionTranslationFilter.java:120)
	at org.springframework.security.web.FilterChainProxy$VirtualFilterChain.doFilter(FilterChainProxy.java:374)
	at org.springframework.security.web.session.SessionManagementFilter.doFilter(SessionManagementFilter.java:91)
	at org.springframework.security.web.session.SessionManagementFilter.doFilter(SessionManagementFilter.java:85)
	at org.springframework.security.web.FilterChainProxy$VirtualFilterChain.doFilter(FilterChainProxy.java:374)
	at org.springframework.security.web.authentication.AnonymousAuthenticationFilter.doFilter(AnonymousAuthenticationFilter.java:100)
	at org.springframework.security.web.FilterChainProxy$VirtualFilterChain.doFilter(FilterChainProxy.java:374)
	at org.springframework.security.web.servletapi.SecurityContextHolderAwareRequestFilter.doFilter(SecurityContextHolderAwareRequestFilter.java:179)
	at org.springframework.security.web.FilterChainProxy$VirtualFilterChain.doFilter(FilterChainProxy.java:374)
	at org.springframework.security.web.savedrequest.RequestCacheAwareFilter.doFilter(RequestCacheAwareFilter.java:63)
	at org.springframework.security.web.FilterChainProxy$VirtualFilterChain.doFilter(FilterChainProxy.java:374)
	at org.springframework.web.filter.OncePerRequestFilter.doFilter(OncePerRequestFilter.java:101)
	at org.springframework.security.web.FilterChainProxy$VirtualFilterChain.doFilter(FilterChainProxy.java:374)
	at org.springframework.security.web.authentication.logout.LogoutFilter.doFilter(LogoutFilter.java:107)
	at org.springframework.security.web.authentication.logout.LogoutFilter.doFilter(LogoutFilter.java:93)
	at org.springframework.security.web.FilterChainProxy$VirtualFilterChain.doFilter(FilterChainProxy.java:374)
	at org.springframework.web.filter.OncePerRequestFilter.doFilter(OncePerRequestFilter.java:101)
	at org.springframework.security.web.FilterChainProxy$VirtualFilterChain.doFilter(FilterChainProxy.java:374)
	at org.springframework.web.filter.OncePerRequestFilter.doFilter(OncePerRequestFilter.java:101)
	at org.springframework.security.web.FilterChainProxy$VirtualFilterChain.doFilter(FilterChainProxy.java:374)
	at org.springframework.security.web.context.SecurityContextHolderFilter.doFilter(SecurityContextHolderFilter.java:82)
	at org.springframework.security.web.context.SecurityContextHolderFilter.doFilter(SecurityContextHolderFilter.java:69)
	at org.springframework.security.web.FilterChainProxy$VirtualFilterChain.doFilter(FilterChainProxy.java:374)
	at org.springframework.web.filter.OncePerRequestFilter.doFilter(OncePerRequestFilter.java:101)
	at org.springframework.security.web.FilterChainProxy$VirtualFilterChain.doFilter(FilterChainProxy.java:374)
	at org.springframework.web.filter.OncePerRequestFilter.doFilter(OncePerRequestFilter.java:101)
	at org.springframework.security.web.FilterChainProxy$VirtualFilterChain.doFilter(FilterChainProxy.java:374)
	at org.springframework.security.web.FilterChainProxy.doFilterInternal(FilterChainProxy.java:233)
	at org.springframework.security.web.FilterChainProxy.doFilter(FilterChainProxy.java:191)
	at org.springframework.web.filter.CompositeFilter$VirtualFilterChain.doFilter(CompositeFilter.java:113)
	at org.springframework.web.servlet.handler.HandlerMappingIntrospector.lambda$createCacheFilter$3(HandlerMappingIntrospector.java:195)
	at org.springframework.web.filter.CompositeFilter$VirtualFilterChain.doFilter(CompositeFilter.java:113)
	at org.springframework.web.filter.CompositeFilter.doFilter(CompositeFilter.java:74)
	at org.springframework.security.config.annotation.web.configuration.WebMvcSecurityConfiguration$CompositeFilterChainProxy.doFilter(WebMvcSecurityConfiguration.java:230)
	at org.springframework.web.filter.DelegatingFilterProxy.invokeDelegate(DelegatingFilterProxy.java:352)
	at org.springframework.web.filter.DelegatingFilterProxy.doFilter(DelegatingFilterProxy.java:268)
	at org.apache.catalina.core.ApplicationFilterChain.internalDoFilter(ApplicationFilterChain.java:175)
	at org.apache.catalina.core.ApplicationFilterChain.doFilter(ApplicationFilterChain.java:150)
	at org.springframework.web.filter.RequestContextFilter.doFilterInternal(RequestContextFilter.java:100)
	at org.springframework.web.filter.OncePerRequestFilter.doFilter(OncePerRequestFilter.java:116)
	at org.apache.catalina.core.ApplicationFilterChain.internalDoFilter(ApplicationFilterChain.java:175)
	at org.apache.catalina.core.ApplicationFilterChain.doFilter(ApplicationFilterChain.java:150)
	at org.springframework.web.filter.OncePerRequestFilter.doFilter(OncePerRequestFilter.java:101)
	at org.apache.catalina.core.ApplicationFilterChain.internalDoFilter(ApplicationFilterChain.java:175)
	at org.apache.catalina.core.ApplicationFilterChain.doFilter(ApplicationFilterChain.java:150)
	at org.springframework.web.filter.OncePerRequestFilter.doFilter(OncePerRequestFilter.java:101)
	at org.apache.catalina.core.ApplicationFilterChain.internalDoFilter(ApplicationFilterChain.java:175)
	at org.apache.catalina.core.ApplicationFilterChain.doFilter(ApplicationFilterChain.java:150)
	at org.apache.catalina.core.ApplicationDispatcher.invoke(ApplicationDispatcher.java:653)
	at org.apache.catalina.core.ApplicationDispatcher.doDispatch(ApplicationDispatcher.java:581)
	at org.apache.catalina.core.ApplicationDispatcher.dispatch(ApplicationDispatcher.java:552)
	at org.apache.catalina.core.AsyncContextImpl$AsyncRunnable.run(AsyncContextImpl.java:585)
	at org.apache.catalina.core.AsyncContextImpl.doInternalDispatch(AsyncContextImpl.java:344)
	at org.apache.catalina.core.StandardWrapperValve.invoke(StandardWrapperValve.java:165)
	at org.apache.catalina.core.StandardContextValve.invoke(StandardContextValve.java:90)
	at org.apache.catalina.authenticator.AuthenticatorBase.invoke(AuthenticatorBase.java:482)
	at org.apache.catalina.core.StandardHostValve.invoke(StandardHostValve.java:115)
	at org.apache.catalina.valves.ErrorReportValve.invoke(ErrorReportValve.java:93)
	at org.apache.catalina.core.StandardEngineValve.invoke(StandardEngineValve.java:74)
	at org.apache.catalina.connector.CoyoteAdapter.asyncDispatch(CoyoteAdapter.java:239)
	at org.apache.coyote.AbstractProcessor.dispatch(AbstractProcessor.java:243)
	at org.apache.coyote.AbstractProcessorLight.process(AbstractProcessorLight.java:57)
	at org.apache.coyote.AbstractProtocol$ConnectionHandler.process(AbstractProtocol.java:896)
	at org.apache.tomcat.util.net.NioEndpoint$SocketProcessor.doRun(NioEndpoint.java:1736)
	at org.apache.tomcat.util.net.SocketProcessorBase.run(SocketProcessorBase.java:52)
	at org.apache.tomcat.util.threads.ThreadPoolExecutor.runWorker(ThreadPoolExecutor.java:1191)
	at org.apache.tomcat.util.threads.ThreadPoolExecutor$Worker.run(ThreadPoolExecutor.java:659)
	at org.apache.tomcat.util.threads.TaskThread$WrappingRunnable.run(TaskThread.java:63)
	at java.base/java.lang.Thread.run(Unknown Source)
2026-04-03 21:36:48.650 [http-nio-8080-exec-9] ERROR o.a.c.c.C.[.[.[.[dispatcherServlet] - Servlet.service() for servlet [dispatcherServlet] threw exception
org.springframework.security.access.AccessDeniedException: Access Denied
	at org.springframework.security.web.access.intercept.AuthorizationFilter.doFilter(AuthorizationFilter.java:98)
	at org.springframework.security.web.FilterChainProxy$VirtualFilterChain.doFilter(FilterChainProxy.java:374)
	at org.springframework.security.web.access.ExceptionTranslationFilter.doFilter(ExceptionTranslationFilter.java:126)
	at org.springframework.security.web.access.ExceptionTranslationFilter.doFilter(ExceptionTranslationFilter.java:120)
	at org.springframework.security.web.FilterChainProxy$VirtualFilterChain.doFilter(FilterChainProxy.java:374)
	at org.springframework.security.web.session.SessionManagementFilter.doFilter(SessionManagementFilter.java:91)
	at org.springframework.security.web.session.SessionManagementFilter.doFilter(SessionManagementFilter.java:85)
	at org.springframework.security.web.FilterChainProxy$VirtualFilterChain.doFilter(FilterChainProxy.java:374)
	at org.springframework.security.web.authentication.AnonymousAuthenticationFilter.doFilter(AnonymousAuthenticationFilter.java:100)
	at org.springframework.security.web.FilterChainProxy$VirtualFilterChain.doFilter(FilterChainProxy.java:374)
	at org.springframework.security.web.servletapi.SecurityContextHolderAwareRequestFilter.doFilter(SecurityContextHolderAwareRequestFilter.java:179)
	at org.springframework.security.web.FilterChainProxy$VirtualFilterChain.doFilter(FilterChainProxy.java:374)
	at org.springframework.security.web.savedrequest.RequestCacheAwareFilter.doFilter(RequestCacheAwareFilter.java:63)
	at org.springframework.security.web.FilterChainProxy$VirtualFilterChain.doFilter(FilterChainProxy.java:374)
	at org.springframework.web.filter.OncePerRequestFilter.doFilter(OncePerRequestFilter.java:101)
	at org.springframework.security.web.FilterChainProxy$VirtualFilterChain.doFilter(FilterChainProxy.java:374)
	at org.springframework.security.web.authentication.logout.LogoutFilter.doFilter(LogoutFilter.java:107)
	at org.springframework.security.web.authentication.logout.LogoutFilter.doFilter(LogoutFilter.java:93)
	at org.springframework.security.web.FilterChainProxy$VirtualFilterChain.doFilter(FilterChainProxy.java:374)
	at org.springframework.web.filter.OncePerRequestFilter.doFilter(OncePerRequestFilter.java:101)
	at org.springframework.security.web.FilterChainProxy$VirtualFilterChain.doFilter(FilterChainProxy.java:374)
	at org.springframework.web.filter.OncePerRequestFilter.doFilter(OncePerRequestFilter.java:101)
	at org.springframework.security.web.FilterChainProxy$VirtualFilterChain.doFilter(FilterChainProxy.java:374)
	at org.springframework.security.web.context.SecurityContextHolderFilter.doFilter(SecurityContextHolderFilter.java:82)
	at org.springframework.security.web.context.SecurityContextHolderFilter.doFilter(SecurityContextHolderFilter.java:69)
	at org.springframework.security.web.FilterChainProxy$VirtualFilterChain.doFilter(FilterChainProxy.java:374)
	at org.springframework.web.filter.OncePerRequestFilter.doFilter(OncePerRequestFilter.java:101)
	at org.springframework.security.web.FilterChainProxy$VirtualFilterChain.doFilter(FilterChainProxy.java:374)
	at org.springframework.web.filter.OncePerRequestFilter.doFilter(OncePerRequestFilter.java:101)
	at org.springframework.security.web.FilterChainProxy$VirtualFilterChain.doFilter(FilterChainProxy.java:374)
	at org.springframework.security.web.FilterChainProxy.doFilterInternal(FilterChainProxy.java:233)
	at org.springframework.security.web.FilterChainProxy.doFilter(FilterChainProxy.java:191)
	at org.springframework.web.filter.CompositeFilter$VirtualFilterChain.doFilter(CompositeFilter.java:113)
	at org.springframework.web.servlet.handler.HandlerMappingIntrospector.lambda$createCacheFilter$3(HandlerMappingIntrospector.java:195)
	at org.springframework.web.filter.CompositeFilter$VirtualFilterChain.doFilter(CompositeFilter.java:113)
	at org.springframework.web.filter.CompositeFilter.doFilter(CompositeFilter.java:74)
	at org.springframework.security.config.annotation.web.configuration.WebMvcSecurityConfiguration$CompositeFilterChainProxy.doFilter(WebMvcSecurityConfiguration.java:230)
	at org.springframework.web.filter.DelegatingFilterProxy.invokeDelegate(DelegatingFilterProxy.java:352)
	at org.springframework.web.filter.DelegatingFilterProxy.doFilter(DelegatingFilterProxy.java:268)
	at org.apache.catalina.core.ApplicationFilterChain.internalDoFilter(ApplicationFilterChain.java:175)
	at org.apache.catalina.core.ApplicationFilterChain.doFilter(ApplicationFilterChain.java:150)
	at org.springframework.web.filter.RequestContextFilter.doFilterInternal(RequestContextFilter.java:100)
	at org.springframework.web.filter.OncePerRequestFilter.doFilter(OncePerRequestFilter.java:116)
	at org.apache.catalina.core.ApplicationFilterChain.internalDoFilter(ApplicationFilterChain.java:175)
	at org.apache.catalina.core.ApplicationFilterChain.doFilter(ApplicationFilterChain.java:150)
	at org.springframework.web.filter.OncePerRequestFilter.doFilter(OncePerRequestFilter.java:101)
	at org.apache.catalina.core.ApplicationFilterChain.internalDoFilter(ApplicationFilterChain.java:175)
	at org.apache.catalina.core.ApplicationFilterChain.doFilter(ApplicationFilterChain.java:150)
	at org.springframework.web.filter.OncePerRequestFilter.doFilter(OncePerRequestFilter.java:101)
	at org.apache.catalina.core.ApplicationFilterChain.internalDoFilter(ApplicationFilterChain.java:175)
	at org.apache.catalina.core.ApplicationFilterChain.doFilter(ApplicationFilterChain.java:150)
	at org.apache.catalina.core.ApplicationDispatcher.invoke(ApplicationDispatcher.java:653)
	at org.apache.catalina.core.ApplicationDispatcher.doInclude(ApplicationDispatcher.java:531)
	at org.apache.catalina.core.ApplicationDispatcher.include(ApplicationDispatcher.java:474)
	at org.apache.catalina.core.StandardHostValve.custom(StandardHostValve.java:343)
	at org.apache.catalina.core.StandardHostValve.status(StandardHostValve.java:222)
	at org.apache.catalina.core.StandardHostValve.throwable(StandardHostValve.java:308)
	at org.apache.catalina.core.StandardHostValve.invoke(StandardHostValve.java:149)
	at org.apache.catalina.valves.ErrorReportValve.invoke(ErrorReportValve.java:93)
	at org.apache.catalina.core.StandardEngineValve.invoke(StandardEngineValve.java:74)
	at org.apache.catalina.connector.CoyoteAdapter.asyncDispatch(CoyoteAdapter.java:239)
	at org.apache.coyote.AbstractProcessor.dispatch(AbstractProcessor.java:243)
	at org.apache.coyote.AbstractProcessorLight.process(AbstractProcessorLight.java:57)
	at org.apache.coyote.AbstractProtocol$ConnectionHandler.process(AbstractProtocol.java:896)
	at org.apache.tomcat.util.net.NioEndpoint$SocketProcessor.doRun(NioEndpoint.java:1736)
	at org.apache.tomcat.util.net.SocketProcessorBase.run(SocketProcessorBase.java:52)
	at org.apache.tomcat.util.threads.ThreadPoolExecutor.runWorker(ThreadPoolExecutor.java:1191)
	at org.apache.tomcat.util.threads.ThreadPoolExecutor$Worker.run(ThreadPoolExecutor.java:659)
	at org.apache.tomcat.util.threads.TaskThread$WrappingRunnable.run(TaskThread.java:63)
	at java.base/java.lang.Thread.run(Unknown Source)
2026-04-03 21:36:48.656 [http-nio-8080-exec-9] ERROR o.a.c.c.C.[Tomcat].[localhost] - Exception Processing [ErrorPage[errorCode=0, location=/error]]
jakarta.servlet.ServletException: Unable to handle the Spring Security Exception because the response is already committed.
	at org.springframework.security.web.access.ExceptionTranslationFilter.doFilter(ExceptionTranslationFilter.java:144)
	at org.springframework.security.web.access.ExceptionTranslationFilter.doFilter(ExceptionTranslationFilter.java:120)
	at org.springframework.security.web.FilterChainProxy$VirtualFilterChain.doFilter(FilterChainProxy.java:374)
	at org.springframework.security.web.session.SessionManagementFilter.doFilter(SessionManagementFilter.java:91)
	at org.springframework.security.web.session.SessionManagementFilter.doFilter(SessionManagementFilter.java:85)
	at org.springframework.security.web.FilterChainProxy$VirtualFilterChain.doFilter(FilterChainProxy.java:374)
	at org.springframework.security.web.authentication.AnonymousAuthenticationFilter.doFilter(AnonymousAuthenticationFilter.java:100)
	at org.springframework.security.web.FilterChainProxy$VirtualFilterChain.doFilter(FilterChainProxy.java:374)
	at org.springframework.security.web.servletapi.SecurityContextHolderAwareRequestFilter.doFilter(SecurityContextHolderAwareRequestFilter.java:179)
	at org.springframework.security.web.FilterChainProxy$VirtualFilterChain.doFilter(FilterChainProxy.java:374)
	at org.springframework.security.web.savedrequest.RequestCacheAwareFilter.doFilter(RequestCacheAwareFilter.java:63)
	at org.springframework.security.web.FilterChainProxy$VirtualFilterChain.doFilter(FilterChainProxy.java:374)
	at org.springframework.web.filter.OncePerRequestFilter.doFilter(OncePerRequestFilter.java:101)
	at org.springframework.security.web.FilterChainProxy$VirtualFilterChain.doFilter(FilterChainProxy.java:374)
	at org.springframework.security.web.authentication.logout.LogoutFilter.doFilter(LogoutFilter.java:107)
	at org.springframework.security.web.authentication.logout.LogoutFilter.doFilter(LogoutFilter.java:93)
	at org.springframework.security.web.FilterChainProxy$VirtualFilterChain.doFilter(FilterChainProxy.java:374)
	at org.springframework.web.filter.OncePerRequestFilter.doFilter(OncePerRequestFilter.java:101)
	at org.springframework.security.web.FilterChainProxy$VirtualFilterChain.doFilter(FilterChainProxy.java:374)
	at org.springframework.web.filter.OncePerRequestFilter.doFilter(OncePerRequestFilter.java:101)
	at org.springframework.security.web.FilterChainProxy$VirtualFilterChain.doFilter(FilterChainProxy.java:374)
	at org.springframework.security.web.context.SecurityContextHolderFilter.doFilter(SecurityContextHolderFilter.java:82)
	at org.springframework.security.web.context.SecurityContextHolderFilter.doFilter(SecurityContextHolderFilter.java:69)
	at org.springframework.security.web.FilterChainProxy$VirtualFilterChain.doFilter(FilterChainProxy.java:374)
	at org.springframework.web.filter.OncePerRequestFilter.doFilter(OncePerRequestFilter.java:101)
	at org.springframework.security.web.FilterChainProxy$VirtualFilterChain.doFilter(FilterChainProxy.java:374)
	at org.springframework.web.filter.OncePerRequestFilter.doFilter(OncePerRequestFilter.java:101)
	at org.springframework.security.web.FilterChainProxy$VirtualFilterChain.doFilter(FilterChainProxy.java:374)
	at org.springframework.security.web.FilterChainProxy.doFilterInternal(FilterChainProxy.java:233)
	at org.springframework.security.web.FilterChainProxy.doFilter(FilterChainProxy.java:191)
	at org.springframework.web.filter.CompositeFilter$VirtualFilterChain.doFilter(CompositeFilter.java:113)
	at org.springframework.web.servlet.handler.HandlerMappingIntrospector.lambda$createCacheFilter$3(HandlerMappingIntrospector.java:195)
	at org.springframework.web.filter.CompositeFilter$VirtualFilterChain.doFilter(CompositeFilter.java:113)
	at org.springframework.web.filter.CompositeFilter.doFilter(CompositeFilter.java:74)
	at org.springframework.security.config.annotation.web.configuration.WebMvcSecurityConfiguration$CompositeFilterChainProxy.doFilter(WebMvcSecurityConfiguration.java:230)
	at org.springframework.web.filter.DelegatingFilterProxy.invokeDelegate(DelegatingFilterProxy.java:352)
	at org.springframework.web.filter.DelegatingFilterProxy.doFilter(DelegatingFilterProxy.java:268)
	at org.apache.catalina.core.ApplicationFilterChain.internalDoFilter(ApplicationFilterChain.java:175)
	at org.apache.catalina.core.ApplicationFilterChain.doFilter(ApplicationFilterChain.java:150)
	at org.springframework.web.filter.RequestContextFilter.doFilterInternal(RequestContextFilter.java:100)
	at org.springframework.web.filter.OncePerRequestFilter.doFilter(OncePerRequestFilter.java:116)
	at org.apache.catalina.core.ApplicationFilterChain.internalDoFilter(ApplicationFilterChain.java:175)
	at org.apache.catalina.core.ApplicationFilterChain.doFilter(ApplicationFilterChain.java:150)
	at org.springframework.web.filter.OncePerRequestFilter.doFilter(OncePerRequestFilter.java:101)
	at org.apache.catalina.core.ApplicationFilterChain.internalDoFilter(ApplicationFilterChain.java:175)
	at org.apache.catalina.core.ApplicationFilterChain.doFilter(ApplicationFilterChain.java:150)
	at org.springframework.web.filter.OncePerRequestFilter.doFilter(OncePerRequestFilter.java:101)
	at org.apache.catalina.core.ApplicationFilterChain.internalDoFilter(ApplicationFilterChain.java:175)
	at org.apache.catalina.core.ApplicationFilterChain.doFilter(ApplicationFilterChain.java:150)
	at org.apache.catalina.core.ApplicationDispatcher.invoke(ApplicationDispatcher.java:653)
	at org.apache.catalina.core.ApplicationDispatcher.doInclude(ApplicationDispatcher.java:531)
	at org.apache.catalina.core.ApplicationDispatcher.include(ApplicationDispatcher.java:474)
	at org.apache.catalina.core.StandardHostValve.custom(StandardHostValve.java:343)
	at org.apache.catalina.core.StandardHostValve.status(StandardHostValve.java:222)
	at org.apache.catalina.core.StandardHostValve.throwable(StandardHostValve.java:308)
	at org.apache.catalina.core.StandardHostValve.invoke(StandardHostValve.java:149)
	at org.apache.catalina.valves.ErrorReportValve.invoke(ErrorReportValve.java:93)
	at org.apache.catalina.core.StandardEngineValve.invoke(StandardEngineValve.java:74)
	at org.apache.catalina.connector.CoyoteAdapter.asyncDispatch(CoyoteAdapter.java:239)
	at org.apache.coyote.AbstractProcessor.dispatch(AbstractProcessor.java:243)
	at org.apache.coyote.AbstractProcessorLight.process(AbstractProcessorLight.java:57)
	at org.apache.coyote.AbstractProtocol$ConnectionHandler.process(AbstractProtocol.java:896)
	at org.apache.tomcat.util.net.NioEndpoint$SocketProcessor.doRun(NioEndpoint.java:1736)
	at org.apache.tomcat.util.net.SocketProcessorBase.run(SocketProcessorBase.java:52)
	at org.apache.tomcat.util.threads.ThreadPoolExecutor.runWorker(ThreadPoolExecutor.java:1191)
	at org.apache.tomcat.util.threads.ThreadPoolExecutor$Worker.run(ThreadPoolExecutor.java:659)
	at org.apache.tomcat.util.threads.TaskThread$WrappingRunnable.run(TaskThread.java:63)
	at java.base/java.lang.Thread.run(Unknown Source)
Caused by: org.springframework.security.access.AccessDeniedException: Access Denied
	at org.springframework.security.web.access.intercept.AuthorizationFilter.doFilter(AuthorizationFilter.java:98)
	at org.springframework.security.web.FilterChainProxy$VirtualFilterChain.doFilter(FilterChainProxy.java:374)
	at org.springframework.security.web.access.ExceptionTranslationFilter.doFilter(ExceptionTranslationFilter.java:126)
	... 67 common frames omitted
2026-04-03 21:36:54.570 [http-nio-8080-exec-1] DEBUG c.z.t.m.SysUserMapper.selectList - ==>  Preparing: SELECT id,username,password,real_name,phone,email,student_no,class_name,counselor_id,avatar_url,status,deleted,create_time,update_time FROM sys_user WHERE deleted=0 AND (username = ? AND deleted = ?)
2026-04-03 21:36:54.572 [http-nio-8080-exec-1] DEBUG c.z.t.m.SysUserMapper.selectList - ==> Parameters: student(String), 0(Integer)
2026-04-03 21:36:54.572 [http-nio-8080-exec-1] DEBUG c.z.t.m.SysUserMapper.selectList - <==      Total: 1
2026-04-03 21:36:54.573 [http-nio-8080-exec-1] DEBUG c.z.t.m.SysUserRoleMapper.selectList - ==>  Preparing: SELECT id,user_id,role_id,create_time,update_time FROM sys_user_role WHERE (user_id = ?)
2026-04-03 21:36:54.573 [http-nio-8080-exec-1] DEBUG c.z.t.m.SysUserRoleMapper.selectList - ==> Parameters: 5(Long)
2026-04-03 21:36:54.575 [http-nio-8080-exec-1] DEBUG c.z.t.m.SysUserRoleMapper.selectList - <==      Total: 1
2026-04-03 21:36:54.575 [http-nio-8080-exec-1] DEBUG c.z.t.m.SysRoleMapper.selectList - ==>  Preparing: SELECT id,role_code,role_name,remark,create_time,update_time FROM sys_role WHERE (id IN (?))
2026-04-03 21:36:54.576 [http-nio-8080-exec-1] DEBUG c.z.t.m.SysRoleMapper.selectList - ==> Parameters: 3(Long)
2026-04-03 21:36:54.578 [http-nio-8080-exec-1] DEBUG c.z.t.m.SysRoleMapper.selectList - <==      Total: 1
2026-04-03 21:36:54.582 [http-nio-8080-exec-1] DEBUG c.z.t.m.SysUserMapper.selectById - ==>  Preparing: SELECT id,username,password,real_name,phone,email,student_no,class_name,counselor_id,avatar_url,status,deleted,create_time,update_time FROM sys_user WHERE id=? AND deleted=0
2026-04-03 21:36:54.583 [http-nio-8080-exec-1] DEBUG c.z.t.m.SysUserMapper.selectById - ==> Parameters: 5(Long)
2026-04-03 21:36:54.586 [http-nio-8080-exec-1] DEBUG c.z.t.m.SysUserMapper.selectById - <==      Total: 1
2026-04-03 21:36:54.586 [http-nio-8080-exec-1] DEBUG c.z.t.m.SysUserRoleMapper.selectList - ==>  Preparing: SELECT id,user_id,role_id,create_time,update_time FROM sys_user_role WHERE (user_id = ?)
2026-04-03 21:36:54.588 [http-nio-8080-exec-1] DEBUG c.z.t.m.SysUserRoleMapper.selectList - ==> Parameters: 5(Long)
2026-04-03 21:36:54.589 [http-nio-8080-exec-1] DEBUG c.z.t.m.SysUserRoleMapper.selectList - <==      Total: 1
2026-04-03 21:36:54.589 [http-nio-8080-exec-1] DEBUG c.z.t.m.SysRoleMapper.selectList - ==>  Preparing: SELECT id,role_code,role_name,remark,create_time,update_time FROM sys_role WHERE (id IN (?))
2026-04-03 21:36:54.590 [http-nio-8080-exec-1] DEBUG c.z.t.m.SysRoleMapper.selectList - ==> Parameters: 3(Long)
2026-04-03 21:36:54.590 [http-nio-8080-exec-1] DEBUG c.z.t.m.SysRoleMapper.selectList - <==      Total: 1
2026-04-03 21:36:54.592 [http-nio-8080-exec-1] DEBUG c.z.t.m.SysUserRoleMapper.selectList - ==>  Preparing: SELECT id,user_id,role_id,create_time,update_time FROM sys_user_role WHERE (user_id = ?)
2026-04-03 21:36:54.592 [http-nio-8080-exec-1] DEBUG c.z.t.m.SysUserRoleMapper.selectList - ==> Parameters: 5(Long)
2026-04-03 21:36:54.593 [http-nio-8080-exec-1] DEBUG c.z.t.m.SysUserRoleMapper.selectList - <==      Total: 1
2026-04-03 21:36:54.595 [http-nio-8080-exec-1] DEBUG c.z.t.m.SysRoleMapper.selectList - ==>  Preparing: SELECT id,role_code,role_name,remark,create_time,update_time FROM sys_role WHERE (id IN (?))
2026-04-03 21:36:54.595 [http-nio-8080-exec-1] DEBUG c.z.t.m.SysRoleMapper.selectList - ==> Parameters: 3(Long)
2026-04-03 21:36:54.598 [http-nio-8080-exec-1] DEBUG c.z.t.m.SysRoleMapper.selectList - <==      Total: 1
2026-04-03 21:37:02.314 [http-nio-8080-exec-2] DEBUG c.z.t.m.SysUserMapper.selectList - ==>  Preparing: SELECT id,username,password,real_name,phone,email,student_no,class_name,counselor_id,avatar_url,status,deleted,create_time,update_time FROM sys_user WHERE deleted=0 AND (username = ? AND deleted = ?)
2026-04-03 21:37:02.315 [http-nio-8080-exec-2] DEBUG c.z.t.m.SysUserMapper.selectList - ==> Parameters: student(String), 0(Integer)
2026-04-03 21:37:02.317 [http-nio-8080-exec-2] DEBUG c.z.t.m.SysUserMapper.selectList - <==      Total: 1
2026-04-03 21:37:02.317 [http-nio-8080-exec-2] DEBUG c.z.t.m.SysUserRoleMapper.selectList - ==>  Preparing: SELECT id,user_id,role_id,create_time,update_time FROM sys_user_role WHERE (user_id = ?)
2026-04-03 21:37:02.317 [http-nio-8080-exec-2] DEBUG c.z.t.m.SysUserRoleMapper.selectList - ==> Parameters: 5(Long)
2026-04-03 21:37:02.318 [http-nio-8080-exec-2] DEBUG c.z.t.m.SysUserRoleMapper.selectList - <==      Total: 1
2026-04-03 21:37:02.319 [http-nio-8080-exec-2] DEBUG c.z.t.m.SysRoleMapper.selectList - ==>  Preparing: SELECT id,role_code,role_name,remark,create_time,update_time FROM sys_role WHERE (id IN (?))
2026-04-03 21:37:02.320 [http-nio-8080-exec-2] DEBUG c.z.t.m.SysRoleMapper.selectList - ==> Parameters: 3(Long)
2026-04-03 21:37:02.320 [http-nio-8080-exec-2] DEBUG c.z.t.m.SysRoleMapper.selectList - <==      Total: 1
2026-04-03 21:37:02.323 [chat-sse-3] DEBUG c.z.t.m.AiChatSessionMapper.insert - ==>  Preparing: INSERT INTO ai_chat_session ( user_id, title, create_time, update_time ) VALUES ( ?, ?, ?, ? )
2026-04-03 21:37:02.324 [chat-sse-3] DEBUG c.z.t.m.AiChatSessionMapper.insert - ==> Parameters: 5(Long), 新对话(String), 2026-04-03T21:37:02.323201500(LocalDateTime), 2026-04-03T21:37:02.323201500(LocalDateTime)
2026-04-03 21:37:02.332 [chat-sse-3] DEBUG c.z.t.m.AiChatSessionMapper.insert - <==    Updates: 1
2026-04-03 21:37:02.335 [chat-sse-3] DEBUG c.z.t.m.AiChatMessageMapper.insert - ==>  Preparing: INSERT INTO ai_chat_message ( session_id, message_role, content, create_time, update_time ) VALUES ( ?, ?, ?, ?, ? )
2026-04-03 21:37:02.336 [chat-sse-3] DEBUG c.z.t.m.AiChatMessageMapper.insert - ==> Parameters: 4(Long), user(String), 哇哇哇哇哇哇哇哇哇哇哇哇哇哇哇哇哇哇哇哇哇哇哇哇哇哇哇哇哇哇哇哇哇哇哇哇哇哇(String), 2026-04-03T21:37:02.334748(LocalDateTime), 2026-04-03T21:37:02.334748(LocalDateTime)
2026-04-03 21:37:02.342 [chat-sse-3] DEBUG c.z.t.m.AiChatMessageMapper.insert - <==    Updates: 1
2026-04-03 21:37:02.343 [chat-sse-3] DEBUG c.z.t.m.AlertRuleMapper.selectList - ==>  Preparing: SELECT id,rule_code,medium_sentiment_threshold,high_sentiment_threshold,keyword_high_enabled,remark,deleted,create_time,update_time FROM alert_rule WHERE deleted=0 AND (rule_code = ? AND deleted = ?)
2026-04-03 21:37:02.344 [chat-sse-3] DEBUG c.z.t.m.AlertRuleMapper.selectList - ==> Parameters: DEFAULT(String), 0(Integer)
2026-04-03 21:37:02.345 [chat-sse-3] DEBUG c.z.t.m.AlertRuleMapper.selectList - <==      Total: 1
2026-04-03 21:37:02.346 [chat-sse-3] DEBUG c.z.t.m.EmotionRecordMapper.insert - ==>  Preparing: INSERT INTO emotion_record ( user_id, session_id, message_id, sentiment_score, emotion_label, risk_level, analysis_detail, create_time, update_time ) VALUES ( ?, ?, ?, ?, ?, ?, ?, ?, ? )
2026-04-03 21:37:02.346 [chat-sse-3] DEBUG c.z.t.m.EmotionRecordMapper.insert - ==> Parameters: 5(Long), 4(Long), 9(Long), 0.000(BigDecimal), NEUTRAL(String), LOW(String), {"finalRisk":"LOW","riskFromEmotion":"LOW","keywordHigh":false,"lexiconHits":{"positive":0,"negative":0,"anxious":0,"sad":0,"angry":0,"suppressed":0},"matchedKeywords":[],"mediumThreshold":-0.250,"highThreshold":-0.550}(String), 2026-04-03T21:37:02.346928(LocalDateTime), 2026-04-03T21:37:02.346928(LocalDateTime)
2026-04-03 21:37:02.349 [chat-sse-3] DEBUG c.z.t.m.EmotionRecordMapper.insert - <==    Updates: 1
2026-04-03 21:37:02.357 [chat-sse-3] DEBUG c.z.t.m.A.selectList - ==>  Preparing: SELECT id,session_id,message_role,content,token_estimate,deleted,create_time,update_time FROM ai_chat_message WHERE deleted=0 AND (session_id = ? AND deleted = ? AND message_role IN (?,?)) ORDER BY id DESC LIMIT 24
2026-04-03 21:37:02.359 [chat-sse-3] DEBUG c.z.t.m.A.selectList - ==> Parameters: 4(Long), 0(Integer), user(String), assistant(String)
2026-04-03 21:37:02.360 [chat-sse-3] DEBUG c.z.t.m.A.selectList - <==      Total: 1
2026-04-03 21:37:03.921 [chat-sse-3] DEBUG c.z.t.ai.impl.MockChatLanguageModel - mock stream done, len=100
2026-04-03 21:37:03.922 [chat-sse-3] DEBUG c.z.t.m.AiChatMessageMapper.insert - ==>  Preparing: INSERT INTO ai_chat_message ( session_id, message_role, content, create_time, update_time ) VALUES ( ?, ?, ?, ?, ? )
2026-04-03 21:37:03.922 [chat-sse-3] DEBUG c.z.t.m.AiChatMessageMapper.insert - ==> Parameters: 4(Long), assistant(String), （演示模式）学长/学姐听到啦～ 你说的是：「哇哇哇哇哇哇哇哇哇哇哇哇哇哇哇哇哇哇哇哇哇哇哇哇哇哇哇哇哇哇哇哇哇哇哇哇哇哇」。先抱抱你，备考真的不容易。我们可以一点点聊，你现在最想被理解的是哪一部分呢？(String), 2026-04-03T21:37:03.921888300(LocalDateTime), 2026-04-03T21:37:03.921888300(LocalDateTime)
2026-04-03 21:37:03.933 [chat-sse-3] DEBUG c.z.t.m.AiChatMessageMapper.insert - <==    Updates: 1
2026-04-03 21:37:03.935 [chat-sse-3] DEBUG c.z.t.m.A.updateById - ==>  Preparing: UPDATE ai_chat_session SET user_id=?, title=?, last_message_at=?, create_time=?, update_time=? WHERE id=? AND deleted=0
2026-04-03 21:37:03.938 [chat-sse-3] DEBUG c.z.t.m.A.updateById - ==> Parameters: 5(Long), 哇哇哇哇哇哇哇哇哇哇哇哇哇哇哇哇哇哇哇哇哇哇哇哇哇哇哇哇哇哇哇哇哇哇哇哇…(String), 2026-04-03T21:37:03.933648800(LocalDateTime), 2026-04-03T21:37:02.323201500(LocalDateTime), 2026-04-03T21:37:02.323201500(LocalDateTime), 4(Long)
2026-04-03 21:37:03.943 [chat-sse-3] DEBUG c.z.t.m.A.updateById - <==    Updates: 1
2026-04-03 21:37:03.944 [http-nio-8080-exec-3] ERROR o.a.c.c.C.[.[.[.[dispatcherServlet] - Servlet.service() for servlet [dispatcherServlet] threw exception
org.springframework.security.access.AccessDeniedException: Access Denied
	at org.springframework.security.web.access.intercept.AuthorizationFilter.doFilter(AuthorizationFilter.java:98)
	at org.springframework.security.web.FilterChainProxy$VirtualFilterChain.doFilter(FilterChainProxy.java:374)
	at org.springframework.security.web.access.ExceptionTranslationFilter.doFilter(ExceptionTranslationFilter.java:126)
	at org.springframework.security.web.access.ExceptionTranslationFilter.doFilter(ExceptionTranslationFilter.java:120)
	at org.springframework.security.web.FilterChainProxy$VirtualFilterChain.doFilter(FilterChainProxy.java:374)
	at org.springframework.security.web.session.SessionManagementFilter.doFilter(SessionManagementFilter.java:91)
	at org.springframework.security.web.session.SessionManagementFilter.doFilter(SessionManagementFilter.java:85)
	at org.springframework.security.web.FilterChainProxy$VirtualFilterChain.doFilter(FilterChainProxy.java:374)
	at org.springframework.security.web.authentication.AnonymousAuthenticationFilter.doFilter(AnonymousAuthenticationFilter.java:100)
	at org.springframework.security.web.FilterChainProxy$VirtualFilterChain.doFilter(FilterChainProxy.java:374)
	at org.springframework.security.web.servletapi.SecurityContextHolderAwareRequestFilter.doFilter(SecurityContextHolderAwareRequestFilter.java:179)
	at org.springframework.security.web.FilterChainProxy$VirtualFilterChain.doFilter(FilterChainProxy.java:374)
	at org.springframework.security.web.savedrequest.RequestCacheAwareFilter.doFilter(RequestCacheAwareFilter.java:63)
	at org.springframework.security.web.FilterChainProxy$VirtualFilterChain.doFilter(FilterChainProxy.java:374)
	at org.springframework.web.filter.OncePerRequestFilter.doFilter(OncePerRequestFilter.java:101)
	at org.springframework.security.web.FilterChainProxy$VirtualFilterChain.doFilter(FilterChainProxy.java:374)
	at org.springframework.security.web.authentication.logout.LogoutFilter.doFilter(LogoutFilter.java:107)
	at org.springframework.security.web.authentication.logout.LogoutFilter.doFilter(LogoutFilter.java:93)
	at org.springframework.security.web.FilterChainProxy$VirtualFilterChain.doFilter(FilterChainProxy.java:374)
	at org.springframework.web.filter.OncePerRequestFilter.doFilter(OncePerRequestFilter.java:101)
	at org.springframework.security.web.FilterChainProxy$VirtualFilterChain.doFilter(FilterChainProxy.java:374)
	at org.springframework.web.filter.OncePerRequestFilter.doFilter(OncePerRequestFilter.java:101)
	at org.springframework.security.web.FilterChainProxy$VirtualFilterChain.doFilter(FilterChainProxy.java:374)
	at org.springframework.security.web.context.SecurityContextHolderFilter.doFilter(SecurityContextHolderFilter.java:82)
	at org.springframework.security.web.context.SecurityContextHolderFilter.doFilter(SecurityContextHolderFilter.java:69)
	at org.springframework.security.web.FilterChainProxy$VirtualFilterChain.doFilter(FilterChainProxy.java:374)
	at org.springframework.web.filter.OncePerRequestFilter.doFilter(OncePerRequestFilter.java:101)
	at org.springframework.security.web.FilterChainProxy$VirtualFilterChain.doFilter(FilterChainProxy.java:374)
	at org.springframework.web.filter.OncePerRequestFilter.doFilter(OncePerRequestFilter.java:101)
	at org.springframework.security.web.FilterChainProxy$VirtualFilterChain.doFilter(FilterChainProxy.java:374)
	at org.springframework.security.web.FilterChainProxy.doFilterInternal(FilterChainProxy.java:233)
	at org.springframework.security.web.FilterChainProxy.doFilter(FilterChainProxy.java:191)
	at org.springframework.web.filter.CompositeFilter$VirtualFilterChain.doFilter(CompositeFilter.java:113)
	at org.springframework.web.servlet.handler.HandlerMappingIntrospector.lambda$createCacheFilter$3(HandlerMappingIntrospector.java:195)
	at org.springframework.web.filter.CompositeFilter$VirtualFilterChain.doFilter(CompositeFilter.java:113)
	at org.springframework.web.filter.CompositeFilter.doFilter(CompositeFilter.java:74)
	at org.springframework.security.config.annotation.web.configuration.WebMvcSecurityConfiguration$CompositeFilterChainProxy.doFilter(WebMvcSecurityConfiguration.java:230)
	at org.springframework.web.filter.DelegatingFilterProxy.invokeDelegate(DelegatingFilterProxy.java:352)
	at org.springframework.web.filter.DelegatingFilterProxy.doFilter(DelegatingFilterProxy.java:268)
	at org.apache.catalina.core.ApplicationFilterChain.internalDoFilter(ApplicationFilterChain.java:175)
	at org.apache.catalina.core.ApplicationFilterChain.doFilter(ApplicationFilterChain.java:150)
	at org.springframework.web.filter.RequestContextFilter.doFilterInternal(RequestContextFilter.java:100)
	at org.springframework.web.filter.OncePerRequestFilter.doFilter(OncePerRequestFilter.java:116)
	at org.apache.catalina.core.ApplicationFilterChain.internalDoFilter(ApplicationFilterChain.java:175)
	at org.apache.catalina.core.ApplicationFilterChain.doFilter(ApplicationFilterChain.java:150)
	at org.springframework.web.filter.OncePerRequestFilter.doFilter(OncePerRequestFilter.java:101)
	at org.apache.catalina.core.ApplicationFilterChain.internalDoFilter(ApplicationFilterChain.java:175)
	at org.apache.catalina.core.ApplicationFilterChain.doFilter(ApplicationFilterChain.java:150)
	at org.springframework.web.filter.OncePerRequestFilter.doFilter(OncePerRequestFilter.java:101)
	at org.apache.catalina.core.ApplicationFilterChain.internalDoFilter(ApplicationFilterChain.java:175)
	at org.apache.catalina.core.ApplicationFilterChain.doFilter(ApplicationFilterChain.java:150)
	at org.apache.catalina.core.ApplicationDispatcher.invoke(ApplicationDispatcher.java:653)
	at org.apache.catalina.core.ApplicationDispatcher.doDispatch(ApplicationDispatcher.java:581)
	at org.apache.catalina.core.ApplicationDispatcher.dispatch(ApplicationDispatcher.java:552)
	at org.apache.catalina.core.AsyncContextImpl$AsyncRunnable.run(AsyncContextImpl.java:585)
	at org.apache.catalina.core.AsyncContextImpl.doInternalDispatch(AsyncContextImpl.java:344)
	at org.apache.catalina.core.StandardWrapperValve.invoke(StandardWrapperValve.java:165)
	at org.apache.catalina.core.StandardContextValve.invoke(StandardContextValve.java:90)
	at org.apache.catalina.authenticator.AuthenticatorBase.invoke(AuthenticatorBase.java:482)
	at org.apache.catalina.core.StandardHostValve.invoke(StandardHostValve.java:115)
	at org.apache.catalina.valves.ErrorReportValve.invoke(ErrorReportValve.java:93)
	at org.apache.catalina.core.StandardEngineValve.invoke(StandardEngineValve.java:74)
	at org.apache.catalina.connector.CoyoteAdapter.asyncDispatch(CoyoteAdapter.java:239)
	at org.apache.coyote.AbstractProcessor.dispatch(AbstractProcessor.java:243)
	at org.apache.coyote.AbstractProcessorLight.process(AbstractProcessorLight.java:57)
	at org.apache.coyote.AbstractProtocol$ConnectionHandler.process(AbstractProtocol.java:896)
	at org.apache.tomcat.util.net.NioEndpoint$SocketProcessor.doRun(NioEndpoint.java:1736)
	at org.apache.tomcat.util.net.SocketProcessorBase.run(SocketProcessorBase.java:52)
	at org.apache.tomcat.util.threads.ThreadPoolExecutor.runWorker(ThreadPoolExecutor.java:1191)
	at org.apache.tomcat.util.threads.ThreadPoolExecutor$Worker.run(ThreadPoolExecutor.java:659)
	at org.apache.tomcat.util.threads.TaskThread$WrappingRunnable.run(TaskThread.java:63)
	at java.base/java.lang.Thread.run(Unknown Source)
2026-04-03 21:37:03.946 [http-nio-8080-exec-3] ERROR o.a.c.c.C.[.[.[.[dispatcherServlet] - Servlet.service() for servlet [dispatcherServlet] in context with path [] threw exception [Unable to handle the Spring Security Exception because the response is already committed.] with root cause
org.springframework.security.access.AccessDeniedException: Access Denied
	at org.springframework.security.web.access.intercept.AuthorizationFilter.doFilter(AuthorizationFilter.java:98)
	at org.springframework.security.web.FilterChainProxy$VirtualFilterChain.doFilter(FilterChainProxy.java:374)
	at org.springframework.security.web.access.ExceptionTranslationFilter.doFilter(ExceptionTranslationFilter.java:126)
	at org.springframework.security.web.access.ExceptionTranslationFilter.doFilter(ExceptionTranslationFilter.java:120)
	at org.springframework.security.web.FilterChainProxy$VirtualFilterChain.doFilter(FilterChainProxy.java:374)
	at org.springframework.security.web.session.SessionManagementFilter.doFilter(SessionManagementFilter.java:91)
	at org.springframework.security.web.session.SessionManagementFilter.doFilter(SessionManagementFilter.java:85)
	at org.springframework.security.web.FilterChainProxy$VirtualFilterChain.doFilter(FilterChainProxy.java:374)
	at org.springframework.security.web.authentication.AnonymousAuthenticationFilter.doFilter(AnonymousAuthenticationFilter.java:100)
	at org.springframework.security.web.FilterChainProxy$VirtualFilterChain.doFilter(FilterChainProxy.java:374)
	at org.springframework.security.web.servletapi.SecurityContextHolderAwareRequestFilter.doFilter(SecurityContextHolderAwareRequestFilter.java:179)
	at org.springframework.security.web.FilterChainProxy$VirtualFilterChain.doFilter(FilterChainProxy.java:374)
	at org.springframework.security.web.savedrequest.RequestCacheAwareFilter.doFilter(RequestCacheAwareFilter.java:63)
	at org.springframework.security.web.FilterChainProxy$VirtualFilterChain.doFilter(FilterChainProxy.java:374)
	at org.springframework.web.filter.OncePerRequestFilter.doFilter(OncePerRequestFilter.java:101)
	at org.springframework.security.web.FilterChainProxy$VirtualFilterChain.doFilter(FilterChainProxy.java:374)
	at org.springframework.security.web.authentication.logout.LogoutFilter.doFilter(LogoutFilter.java:107)
	at org.springframework.security.web.authentication.logout.LogoutFilter.doFilter(LogoutFilter.java:93)
	at org.springframework.security.web.FilterChainProxy$VirtualFilterChain.doFilter(FilterChainProxy.java:374)
	at org.springframework.web.filter.OncePerRequestFilter.doFilter(OncePerRequestFilter.java:101)
	at org.springframework.security.web.FilterChainProxy$VirtualFilterChain.doFilter(FilterChainProxy.java:374)
	at org.springframework.web.filter.OncePerRequestFilter.doFilter(OncePerRequestFilter.java:101)
	at org.springframework.security.web.FilterChainProxy$VirtualFilterChain.doFilter(FilterChainProxy.java:374)
	at org.springframework.security.web.context.SecurityContextHolderFilter.doFilter(SecurityContextHolderFilter.java:82)
	at org.springframework.security.web.context.SecurityContextHolderFilter.doFilter(SecurityContextHolderFilter.java:69)
	at org.springframework.security.web.FilterChainProxy$VirtualFilterChain.doFilter(FilterChainProxy.java:374)
	at org.springframework.web.filter.OncePerRequestFilter.doFilter(OncePerRequestFilter.java:101)
	at org.springframework.security.web.FilterChainProxy$VirtualFilterChain.doFilter(FilterChainProxy.java:374)
	at org.springframework.web.filter.OncePerRequestFilter.doFilter(OncePerRequestFilter.java:101)
	at org.springframework.security.web.FilterChainProxy$VirtualFilterChain.doFilter(FilterChainProxy.java:374)
	at org.springframework.security.web.FilterChainProxy.doFilterInternal(FilterChainProxy.java:233)
	at org.springframework.security.web.FilterChainProxy.doFilter(FilterChainProxy.java:191)
	at org.springframework.web.filter.CompositeFilter$VirtualFilterChain.doFilter(CompositeFilter.java:113)
	at org.springframework.web.servlet.handler.HandlerMappingIntrospector.lambda$createCacheFilter$3(HandlerMappingIntrospector.java:195)
	at org.springframework.web.filter.CompositeFilter$VirtualFilterChain.doFilter(CompositeFilter.java:113)
	at org.springframework.web.filter.CompositeFilter.doFilter(CompositeFilter.java:74)
	at org.springframework.security.config.annotation.web.configuration.WebMvcSecurityConfiguration$CompositeFilterChainProxy.doFilter(WebMvcSecurityConfiguration.java:230)
	at org.springframework.web.filter.DelegatingFilterProxy.invokeDelegate(DelegatingFilterProxy.java:352)
	at org.springframework.web.filter.DelegatingFilterProxy.doFilter(DelegatingFilterProxy.java:268)
	at org.apache.catalina.core.ApplicationFilterChain.internalDoFilter(ApplicationFilterChain.java:175)
	at org.apache.catalina.core.ApplicationFilterChain.doFilter(ApplicationFilterChain.java:150)
	at org.springframework.web.filter.RequestContextFilter.doFilterInternal(RequestContextFilter.java:100)
	at org.springframework.web.filter.OncePerRequestFilter.doFilter(OncePerRequestFilter.java:116)
	at org.apache.catalina.core.ApplicationFilterChain.internalDoFilter(ApplicationFilterChain.java:175)
	at org.apache.catalina.core.ApplicationFilterChain.doFilter(ApplicationFilterChain.java:150)
	at org.springframework.web.filter.OncePerRequestFilter.doFilter(OncePerRequestFilter.java:101)
	at org.apache.catalina.core.ApplicationFilterChain.internalDoFilter(ApplicationFilterChain.java:175)
	at org.apache.catalina.core.ApplicationFilterChain.doFilter(ApplicationFilterChain.java:150)
	at org.springframework.web.filter.OncePerRequestFilter.doFilter(OncePerRequestFilter.java:101)
	at org.apache.catalina.core.ApplicationFilterChain.internalDoFilter(ApplicationFilterChain.java:175)
	at org.apache.catalina.core.ApplicationFilterChain.doFilter(ApplicationFilterChain.java:150)
	at org.apache.catalina.core.ApplicationDispatcher.invoke(ApplicationDispatcher.java:653)
	at org.apache.catalina.core.ApplicationDispatcher.doDispatch(ApplicationDispatcher.java:581)
	at org.apache.catalina.core.ApplicationDispatcher.dispatch(ApplicationDispatcher.java:552)
	at org.apache.catalina.core.AsyncContextImpl$AsyncRunnable.run(AsyncContextImpl.java:585)
	at org.apache.catalina.core.AsyncContextImpl.doInternalDispatch(AsyncContextImpl.java:344)
	at org.apache.catalina.core.StandardWrapperValve.invoke(StandardWrapperValve.java:165)
	at org.apache.catalina.core.StandardContextValve.invoke(StandardContextValve.java:90)
	at org.apache.catalina.authenticator.AuthenticatorBase.invoke(AuthenticatorBase.java:482)
	at org.apache.catalina.core.StandardHostValve.invoke(StandardHostValve.java:115)
	at org.apache.catalina.valves.ErrorReportValve.invoke(ErrorReportValve.java:93)
	at org.apache.catalina.core.StandardEngineValve.invoke(StandardEngineValve.java:74)
	at org.apache.catalina.connector.CoyoteAdapter.asyncDispatch(CoyoteAdapter.java:239)
	at org.apache.coyote.AbstractProcessor.dispatch(AbstractProcessor.java:243)
	at org.apache.coyote.AbstractProcessorLight.process(AbstractProcessorLight.java:57)
	at org.apache.coyote.AbstractProtocol$ConnectionHandler.process(AbstractProtocol.java:896)
	at org.apache.tomcat.util.net.NioEndpoint$SocketProcessor.doRun(NioEndpoint.java:1736)
	at org.apache.tomcat.util.net.SocketProcessorBase.run(SocketProcessorBase.java:52)
	at org.apache.tomcat.util.threads.ThreadPoolExecutor.runWorker(ThreadPoolExecutor.java:1191)
	at org.apache.tomcat.util.threads.ThreadPoolExecutor$Worker.run(ThreadPoolExecutor.java:659)
	at org.apache.tomcat.util.threads.TaskThread$WrappingRunnable.run(TaskThread.java:63)
	at java.base/java.lang.Thread.run(Unknown Source)
2026-04-03 21:37:03.952 [http-nio-8080-exec-3] ERROR o.a.c.c.C.[.[.[.[dispatcherServlet] - Servlet.service() for servlet [dispatcherServlet] threw exception
org.springframework.security.access.AccessDeniedException: Access Denied
	at org.springframework.security.web.access.intercept.AuthorizationFilter.doFilter(AuthorizationFilter.java:98)
	at org.springframework.security.web.FilterChainProxy$VirtualFilterChain.doFilter(FilterChainProxy.java:374)
	at org.springframework.security.web.access.ExceptionTranslationFilter.doFilter(ExceptionTranslationFilter.java:126)
	at org.springframework.security.web.access.ExceptionTranslationFilter.doFilter(ExceptionTranslationFilter.java:120)
	at org.springframework.security.web.FilterChainProxy$VirtualFilterChain.doFilter(FilterChainProxy.java:374)
	at org.springframework.security.web.session.SessionManagementFilter.doFilter(SessionManagementFilter.java:91)
	at org.springframework.security.web.session.SessionManagementFilter.doFilter(SessionManagementFilter.java:85)
	at org.springframework.security.web.FilterChainProxy$VirtualFilterChain.doFilter(FilterChainProxy.java:374)
	at org.springframework.security.web.authentication.AnonymousAuthenticationFilter.doFilter(AnonymousAuthenticationFilter.java:100)
	at org.springframework.security.web.FilterChainProxy$VirtualFilterChain.doFilter(FilterChainProxy.java:374)
	at org.springframework.security.web.servletapi.SecurityContextHolderAwareRequestFilter.doFilter(SecurityContextHolderAwareRequestFilter.java:179)
	at org.springframework.security.web.FilterChainProxy$VirtualFilterChain.doFilter(FilterChainProxy.java:374)
	at org.springframework.security.web.savedrequest.RequestCacheAwareFilter.doFilter(RequestCacheAwareFilter.java:63)
	at org.springframework.security.web.FilterChainProxy$VirtualFilterChain.doFilter(FilterChainProxy.java:374)
	at org.springframework.web.filter.OncePerRequestFilter.doFilter(OncePerRequestFilter.java:101)
	at org.springframework.security.web.FilterChainProxy$VirtualFilterChain.doFilter(FilterChainProxy.java:374)
	at org.springframework.security.web.authentication.logout.LogoutFilter.doFilter(LogoutFilter.java:107)
	at org.springframework.security.web.authentication.logout.LogoutFilter.doFilter(LogoutFilter.java:93)
	at org.springframework.security.web.FilterChainProxy$VirtualFilterChain.doFilter(FilterChainProxy.java:374)
	at org.springframework.web.filter.OncePerRequestFilter.doFilter(OncePerRequestFilter.java:101)
	at org.springframework.security.web.FilterChainProxy$VirtualFilterChain.doFilter(FilterChainProxy.java:374)
	at org.springframework.web.filter.OncePerRequestFilter.doFilter(OncePerRequestFilter.java:101)
	at org.springframework.security.web.FilterChainProxy$VirtualFilterChain.doFilter(FilterChainProxy.java:374)
	at org.springframework.security.web.context.SecurityContextHolderFilter.doFilter(SecurityContextHolderFilter.java:82)
	at org.springframework.security.web.context.SecurityContextHolderFilter.doFilter(SecurityContextHolderFilter.java:69)
	at org.springframework.security.web.FilterChainProxy$VirtualFilterChain.doFilter(FilterChainProxy.java:374)
	at org.springframework.web.filter.OncePerRequestFilter.doFilter(OncePerRequestFilter.java:101)
	at org.springframework.security.web.FilterChainProxy$VirtualFilterChain.doFilter(FilterChainProxy.java:374)
	at org.springframework.web.filter.OncePerRequestFilter.doFilter(OncePerRequestFilter.java:101)
	at org.springframework.security.web.FilterChainProxy$VirtualFilterChain.doFilter(FilterChainProxy.java:374)
	at org.springframework.security.web.FilterChainProxy.doFilterInternal(FilterChainProxy.java:233)
	at org.springframework.security.web.FilterChainProxy.doFilter(FilterChainProxy.java:191)
	at org.springframework.web.filter.CompositeFilter$VirtualFilterChain.doFilter(CompositeFilter.java:113)
	at org.springframework.web.servlet.handler.HandlerMappingIntrospector.lambda$createCacheFilter$3(HandlerMappingIntrospector.java:195)
	at org.springframework.web.filter.CompositeFilter$VirtualFilterChain.doFilter(CompositeFilter.java:113)
	at org.springframework.web.filter.CompositeFilter.doFilter(CompositeFilter.java:74)
	at org.springframework.security.config.annotation.web.configuration.WebMvcSecurityConfiguration$CompositeFilterChainProxy.doFilter(WebMvcSecurityConfiguration.java:230)
	at org.springframework.web.filter.DelegatingFilterProxy.invokeDelegate(DelegatingFilterProxy.java:352)
	at org.springframework.web.filter.DelegatingFilterProxy.doFilter(DelegatingFilterProxy.java:268)
	at org.apache.catalina.core.ApplicationFilterChain.internalDoFilter(ApplicationFilterChain.java:175)
	at org.apache.catalina.core.ApplicationFilterChain.doFilter(ApplicationFilterChain.java:150)
	at org.springframework.web.filter.RequestContextFilter.doFilterInternal(RequestContextFilter.java:100)
	at org.springframework.web.filter.OncePerRequestFilter.doFilter(OncePerRequestFilter.java:116)
	at org.apache.catalina.core.ApplicationFilterChain.internalDoFilter(ApplicationFilterChain.java:175)
	at org.apache.catalina.core.ApplicationFilterChain.doFilter(ApplicationFilterChain.java:150)
	at org.springframework.web.filter.OncePerRequestFilter.doFilter(OncePerRequestFilter.java:101)
	at org.apache.catalina.core.ApplicationFilterChain.internalDoFilter(ApplicationFilterChain.java:175)
	at org.apache.catalina.core.ApplicationFilterChain.doFilter(ApplicationFilterChain.java:150)
	at org.springframework.web.filter.OncePerRequestFilter.doFilter(OncePerRequestFilter.java:101)
	at org.apache.catalina.core.ApplicationFilterChain.internalDoFilter(ApplicationFilterChain.java:175)
	at org.apache.catalina.core.ApplicationFilterChain.doFilter(ApplicationFilterChain.java:150)
	at org.apache.catalina.core.ApplicationDispatcher.invoke(ApplicationDispatcher.java:653)
	at org.apache.catalina.core.ApplicationDispatcher.doInclude(ApplicationDispatcher.java:531)
	at org.apache.catalina.core.ApplicationDispatcher.include(ApplicationDispatcher.java:474)
	at org.apache.catalina.core.StandardHostValve.custom(StandardHostValve.java:343)
	at org.apache.catalina.core.StandardHostValve.status(StandardHostValve.java:222)
	at org.apache.catalina.core.StandardHostValve.throwable(StandardHostValve.java:308)
	at org.apache.catalina.core.StandardHostValve.invoke(StandardHostValve.java:149)
	at org.apache.catalina.valves.ErrorReportValve.invoke(ErrorReportValve.java:93)
	at org.apache.catalina.core.StandardEngineValve.invoke(StandardEngineValve.java:74)
	at org.apache.catalina.connector.CoyoteAdapter.asyncDispatch(CoyoteAdapter.java:239)
	at org.apache.coyote.AbstractProcessor.dispatch(AbstractProcessor.java:243)
	at org.apache.coyote.AbstractProcessorLight.process(AbstractProcessorLight.java:57)
	at org.apache.coyote.AbstractProtocol$ConnectionHandler.process(AbstractProtocol.java:896)
	at org.apache.tomcat.util.net.NioEndpoint$SocketProcessor.doRun(NioEndpoint.java:1736)
	at org.apache.tomcat.util.net.SocketProcessorBase.run(SocketProcessorBase.java:52)
	at org.apache.tomcat.util.threads.ThreadPoolExecutor.runWorker(ThreadPoolExecutor.java:1191)
	at org.apache.tomcat.util.threads.ThreadPoolExecutor$Worker.run(ThreadPoolExecutor.java:659)
	at org.apache.tomcat.util.threads.TaskThread$WrappingRunnable.run(TaskThread.java:63)
	at java.base/java.lang.Thread.run(Unknown Source)
2026-04-03 21:37:03.953 [http-nio-8080-exec-3] ERROR o.a.c.c.C.[Tomcat].[localhost] - Exception Processing [ErrorPage[errorCode=0, location=/error]]
jakarta.servlet.ServletException: Unable to handle the Spring Security Exception because the response is already committed.
	at org.springframework.security.web.access.ExceptionTranslationFilter.doFilter(ExceptionTranslationFilter.java:144)
	at org.springframework.security.web.access.ExceptionTranslationFilter.doFilter(ExceptionTranslationFilter.java:120)
	at org.springframework.security.web.FilterChainProxy$VirtualFilterChain.doFilter(FilterChainProxy.java:374)
	at org.springframework.security.web.session.SessionManagementFilter.doFilter(SessionManagementFilter.java:91)
	at org.springframework.security.web.session.SessionManagementFilter.doFilter(SessionManagementFilter.java:85)
	at org.springframework.security.web.FilterChainProxy$VirtualFilterChain.doFilter(FilterChainProxy.java:374)
	at org.springframework.security.web.authentication.AnonymousAuthenticationFilter.doFilter(AnonymousAuthenticationFilter.java:100)
	at org.springframework.security.web.FilterChainProxy$VirtualFilterChain.doFilter(FilterChainProxy.java:374)
	at org.springframework.security.web.servletapi.SecurityContextHolderAwareRequestFilter.doFilter(SecurityContextHolderAwareRequestFilter.java:179)
	at org.springframework.security.web.FilterChainProxy$VirtualFilterChain.doFilter(FilterChainProxy.java:374)
	at org.springframework.security.web.savedrequest.RequestCacheAwareFilter.doFilter(RequestCacheAwareFilter.java:63)
	at org.springframework.security.web.FilterChainProxy$VirtualFilterChain.doFilter(FilterChainProxy.java:374)
	at org.springframework.web.filter.OncePerRequestFilter.doFilter(OncePerRequestFilter.java:101)
	at org.springframework.security.web.FilterChainProxy$VirtualFilterChain.doFilter(FilterChainProxy.java:374)
	at org.springframework.security.web.authentication.logout.LogoutFilter.doFilter(LogoutFilter.java:107)
	at org.springframework.security.web.authentication.logout.LogoutFilter.doFilter(LogoutFilter.java:93)
	at org.springframework.security.web.FilterChainProxy$VirtualFilterChain.doFilter(FilterChainProxy.java:374)
	at org.springframework.web.filter.OncePerRequestFilter.doFilter(OncePerRequestFilter.java:101)
	at org.springframework.security.web.FilterChainProxy$VirtualFilterChain.doFilter(FilterChainProxy.java:374)
	at org.springframework.web.filter.OncePerRequestFilter.doFilter(OncePerRequestFilter.java:101)
	at org.springframework.security.web.FilterChainProxy$VirtualFilterChain.doFilter(FilterChainProxy.java:374)
	at org.springframework.security.web.context.SecurityContextHolderFilter.doFilter(SecurityContextHolderFilter.java:82)
	at org.springframework.security.web.context.SecurityContextHolderFilter.doFilter(SecurityContextHolderFilter.java:69)
	at org.springframework.security.web.FilterChainProxy$VirtualFilterChain.doFilter(FilterChainProxy.java:374)
	at org.springframework.web.filter.OncePerRequestFilter.doFilter(OncePerRequestFilter.java:101)
	at org.springframework.security.web.FilterChainProxy$VirtualFilterChain.doFilter(FilterChainProxy.java:374)
	at org.springframework.web.filter.OncePerRequestFilter.doFilter(OncePerRequestFilter.java:101)
	at org.springframework.security.web.FilterChainProxy$VirtualFilterChain.doFilter(FilterChainProxy.java:374)
	at org.springframework.security.web.FilterChainProxy.doFilterInternal(FilterChainProxy.java:233)
	at org.springframework.security.web.FilterChainProxy.doFilter(FilterChainProxy.java:191)
	at org.springframework.web.filter.CompositeFilter$VirtualFilterChain.doFilter(CompositeFilter.java:113)
	at org.springframework.web.servlet.handler.HandlerMappingIntrospector.lambda$createCacheFilter$3(HandlerMappingIntrospector.java:195)
	at org.springframework.web.filter.CompositeFilter$VirtualFilterChain.doFilter(CompositeFilter.java:113)
	at org.springframework.web.filter.CompositeFilter.doFilter(CompositeFilter.java:74)
	at org.springframework.security.config.annotation.web.configuration.WebMvcSecurityConfiguration$CompositeFilterChainProxy.doFilter(WebMvcSecurityConfiguration.java:230)
	at org.springframework.web.filter.DelegatingFilterProxy.invokeDelegate(DelegatingFilterProxy.java:352)
	at org.springframework.web.filter.DelegatingFilterProxy.doFilter(DelegatingFilterProxy.java:268)
	at org.apache.catalina.core.ApplicationFilterChain.internalDoFilter(ApplicationFilterChain.java:175)
	at org.apache.catalina.core.ApplicationFilterChain.doFilter(ApplicationFilterChain.java:150)
	at org.springframework.web.filter.RequestContextFilter.doFilterInternal(RequestContextFilter.java:100)
	at org.springframework.web.filter.OncePerRequestFilter.doFilter(OncePerRequestFilter.java:116)
	at org.apache.catalina.core.ApplicationFilterChain.internalDoFilter(ApplicationFilterChain.java:175)
	at org.apache.catalina.core.ApplicationFilterChain.doFilter(ApplicationFilterChain.java:150)
	at org.springframework.web.filter.OncePerRequestFilter.doFilter(OncePerRequestFilter.java:101)
	at org.apache.catalina.core.ApplicationFilterChain.internalDoFilter(ApplicationFilterChain.java:175)
	at org.apache.catalina.core.ApplicationFilterChain.doFilter(ApplicationFilterChain.java:150)
	at org.springframework.web.filter.OncePerRequestFilter.doFilter(OncePerRequestFilter.java:101)
	at org.apache.catalina.core.ApplicationFilterChain.internalDoFilter(ApplicationFilterChain.java:175)
	at org.apache.catalina.core.ApplicationFilterChain.doFilter(ApplicationFilterChain.java:150)
	at org.apache.catalina.core.ApplicationDispatcher.invoke(ApplicationDispatcher.java:653)
	at org.apache.catalina.core.ApplicationDispatcher.doInclude(ApplicationDispatcher.java:531)
	at org.apache.catalina.core.ApplicationDispatcher.include(ApplicationDispatcher.java:474)
	at org.apache.catalina.core.StandardHostValve.custom(StandardHostValve.java:343)
	at org.apache.catalina.core.StandardHostValve.status(StandardHostValve.java:222)
	at org.apache.catalina.core.StandardHostValve.throwable(StandardHostValve.java:308)
	at org.apache.catalina.core.StandardHostValve.invoke(StandardHostValve.java:149)
	at org.apache.catalina.valves.ErrorReportValve.invoke(ErrorReportValve.java:93)
	at org.apache.catalina.core.StandardEngineValve.invoke(StandardEngineValve.java:74)
	at org.apache.catalina.connector.CoyoteAdapter.asyncDispatch(CoyoteAdapter.java:239)
	at org.apache.coyote.AbstractProcessor.dispatch(AbstractProcessor.java:243)
	at org.apache.coyote.AbstractProcessorLight.process(AbstractProcessorLight.java:57)
	at org.apache.coyote.AbstractProtocol$ConnectionHandler.process(AbstractProtocol.java:896)
	at org.apache.tomcat.util.net.NioEndpoint$SocketProcessor.doRun(NioEndpoint.java:1736)
	at org.apache.tomcat.util.net.SocketProcessorBase.run(SocketProcessorBase.java:52)
	at org.apache.tomcat.util.threads.ThreadPoolExecutor.runWorker(ThreadPoolExecutor.java:1191)
	at org.apache.tomcat.util.threads.ThreadPoolExecutor$Worker.run(ThreadPoolExecutor.java:659)
	at org.apache.tomcat.util.threads.TaskThread$WrappingRunnable.run(TaskThread.java:63)
	at java.base/java.lang.Thread.run(Unknown Source)
Caused by: org.springframework.security.access.AccessDeniedException: Access Denied
	at org.springframework.security.web.access.intercept.AuthorizationFilter.doFilter(AuthorizationFilter.java:98)
	at org.springframework.security.web.FilterChainProxy$VirtualFilterChain.doFilter(FilterChainProxy.java:374)
	at org.springframework.security.web.access.ExceptionTranslationFilter.doFilter(ExceptionTranslationFilter.java:126)
	... 67 common frames omitted
2026-04-03 21:37:12.148 [http-nio-8080-exec-4] DEBUG c.z.t.m.SysUserMapper.selectList - ==>  Preparing: SELECT id,username,password,real_name,phone,email,student_no,class_name,counselor_id,avatar_url,status,deleted,create_time,update_time FROM sys_user WHERE deleted=0 AND (username = ? AND deleted = ?)
2026-04-03 21:37:12.149 [http-nio-8080-exec-4] DEBUG c.z.t.m.SysUserMapper.selectList - ==> Parameters: student(String), 0(Integer)
2026-04-03 21:37:12.150 [http-nio-8080-exec-4] DEBUG c.z.t.m.SysUserMapper.selectList - <==      Total: 1
2026-04-03 21:37:12.152 [http-nio-8080-exec-4] DEBUG c.z.t.m.SysUserRoleMapper.selectList - ==>  Preparing: SELECT id,user_id,role_id,create_time,update_time FROM sys_user_role WHERE (user_id = ?)
2026-04-03 21:37:12.152 [http-nio-8080-exec-4] DEBUG c.z.t.m.SysUserRoleMapper.selectList - ==> Parameters: 5(Long)
2026-04-03 21:37:12.153 [http-nio-8080-exec-4] DEBUG c.z.t.m.SysUserRoleMapper.selectList - <==      Total: 1
2026-04-03 21:37:12.153 [http-nio-8080-exec-4] DEBUG c.z.t.m.SysRoleMapper.selectList - ==>  Preparing: SELECT id,role_code,role_name,remark,create_time,update_time FROM sys_role WHERE (id IN (?))
2026-04-03 21:37:12.155 [http-nio-8080-exec-4] DEBUG c.z.t.m.SysRoleMapper.selectList - ==> Parameters: 3(Long)
2026-04-03 21:37:12.156 [http-nio-8080-exec-4] DEBUG c.z.t.m.SysRoleMapper.selectList - <==      Total: 1
2026-04-03 21:37:12.156 [http-nio-8080-exec-4] DEBUG c.z.t.m.SysUserMapper.selectById - ==>  Preparing: SELECT id,username,password,real_name,phone,email,student_no,class_name,counselor_id,avatar_url,status,deleted,create_time,update_time FROM sys_user WHERE id=? AND deleted=0
2026-04-03 21:37:12.157 [http-nio-8080-exec-4] DEBUG c.z.t.m.SysUserMapper.selectById - ==> Parameters: 5(Long)
2026-04-03 21:37:12.158 [http-nio-8080-exec-4] DEBUG c.z.t.m.SysUserMapper.selectById - <==      Total: 1
2026-04-03 21:37:12.159 [http-nio-8080-exec-4] DEBUG c.z.t.m.SysUserRoleMapper.selectList - ==>  Preparing: SELECT id,user_id,role_id,create_time,update_time FROM sys_user_role WHERE (user_id = ?)
2026-04-03 21:37:12.159 [http-nio-8080-exec-4] DEBUG c.z.t.m.SysUserRoleMapper.selectList - ==> Parameters: 5(Long)
2026-04-03 21:37:12.161 [http-nio-8080-exec-4] DEBUG c.z.t.m.SysUserRoleMapper.selectList - <==      Total: 1
2026-04-03 21:37:12.162 [http-nio-8080-exec-4] DEBUG c.z.t.m.SysRoleMapper.selectList - ==>  Preparing: SELECT id,role_code,role_name,remark,create_time,update_time FROM sys_role WHERE (id IN (?))
2026-04-03 21:37:12.163 [http-nio-8080-exec-4] DEBUG c.z.t.m.SysRoleMapper.selectList - ==> Parameters: 3(Long)
2026-04-03 21:37:12.165 [http-nio-8080-exec-4] DEBUG c.z.t.m.SysRoleMapper.selectList - <==      Total: 1
2026-04-03 21:37:12.165 [http-nio-8080-exec-4] DEBUG c.z.t.m.SysUserRoleMapper.selectList - ==>  Preparing: SELECT id,user_id,role_id,create_time,update_time FROM sys_user_role WHERE (user_id = ?)
2026-04-03 21:37:12.165 [http-nio-8080-exec-4] DEBUG c.z.t.m.SysUserRoleMapper.selectList - ==> Parameters: 5(Long)
2026-04-03 21:37:12.166 [http-nio-8080-exec-4] DEBUG c.z.t.m.SysUserRoleMapper.selectList - <==      Total: 1
2026-04-03 21:37:12.166 [http-nio-8080-exec-4] DEBUG c.z.t.m.SysRoleMapper.selectList - ==>  Preparing: SELECT id,role_code,role_name,remark,create_time,update_time FROM sys_role WHERE (id IN (?))
2026-04-03 21:37:12.168 [http-nio-8080-exec-4] DEBUG c.z.t.m.SysRoleMapper.selectList - ==> Parameters: 3(Long)
2026-04-03 21:37:12.168 [http-nio-8080-exec-4] DEBUG c.z.t.m.SysRoleMapper.selectList - <==      Total: 1
2026-04-03 21:39:06.778 [http-nio-8080-exec-5] DEBUG c.z.t.m.SysUserMapper.selectList - ==>  Preparing: SELECT id,username,password,real_name,phone,email,student_no,class_name,counselor_id,avatar_url,status,deleted,create_time,update_time FROM sys_user WHERE deleted=0 AND (username = ? AND deleted = ?)
2026-04-03 21:39:06.778 [http-nio-8080-exec-5] DEBUG c.z.t.m.SysUserMapper.selectList - ==> Parameters: student(String), 0(Integer)
2026-04-03 21:39:06.780 [http-nio-8080-exec-5] DEBUG c.z.t.m.SysUserMapper.selectList - <==      Total: 1
2026-04-03 21:39:06.782 [http-nio-8080-exec-5] DEBUG c.z.t.m.SysUserRoleMapper.selectList - ==>  Preparing: SELECT id,user_id,role_id,create_time,update_time FROM sys_user_role WHERE (user_id = ?)
2026-04-03 21:39:06.782 [http-nio-8080-exec-5] DEBUG c.z.t.m.SysUserRoleMapper.selectList - ==> Parameters: 5(Long)
2026-04-03 21:39:06.782 [http-nio-8080-exec-5] DEBUG c.z.t.m.SysUserRoleMapper.selectList - <==      Total: 1
2026-04-03 21:39:06.783 [http-nio-8080-exec-5] DEBUG c.z.t.m.SysRoleMapper.selectList - ==>  Preparing: SELECT id,role_code,role_name,remark,create_time,update_time FROM sys_role WHERE (id IN (?))
2026-04-03 21:39:06.783 [http-nio-8080-exec-5] DEBUG c.z.t.m.SysRoleMapper.selectList - ==> Parameters: 3(Long)
2026-04-03 21:39:06.783 [http-nio-8080-exec-5] DEBUG c.z.t.m.SysRoleMapper.selectList - <==      Total: 1
2026-04-03 21:39:07.162 [http-nio-8080-exec-6] DEBUG c.z.t.m.SysUserMapper.selectList - ==>  Preparing: SELECT id,username,password,real_name,phone,email,student_no,class_name,counselor_id,avatar_url,status,deleted,create_time,update_time FROM sys_user WHERE deleted=0 AND (username = ? AND deleted = ?)
2026-04-03 21:39:07.162 [http-nio-8080-exec-6] DEBUG c.z.t.m.SysUserMapper.selectList - ==> Parameters: student(String), 0(Integer)
2026-04-03 21:39:07.163 [http-nio-8080-exec-6] DEBUG c.z.t.m.SysUserMapper.selectList - <==      Total: 1
2026-04-03 21:39:07.163 [http-nio-8080-exec-6] DEBUG c.z.t.m.SysUserRoleMapper.selectList - ==>  Preparing: SELECT id,user_id,role_id,create_time,update_time FROM sys_user_role WHERE (user_id = ?)
2026-04-03 21:39:07.165 [http-nio-8080-exec-6] DEBUG c.z.t.m.SysUserRoleMapper.selectList - ==> Parameters: 5(Long)
2026-04-03 21:39:07.165 [http-nio-8080-exec-6] DEBUG c.z.t.m.SysUserRoleMapper.selectList - <==      Total: 1
2026-04-03 21:39:07.165 [http-nio-8080-exec-6] DEBUG c.z.t.m.SysRoleMapper.selectList - ==>  Preparing: SELECT id,role_code,role_name,remark,create_time,update_time FROM sys_role WHERE (id IN (?))
2026-04-03 21:39:07.165 [http-nio-8080-exec-6] DEBUG c.z.t.m.SysRoleMapper.selectList - ==> Parameters: 3(Long)
2026-04-03 21:39:07.166 [http-nio-8080-exec-6] DEBUG c.z.t.m.SysRoleMapper.selectList - <==      Total: 1
2026-04-03 21:39:07.166 [http-nio-8080-exec-6] DEBUG c.z.t.m.SysUserMapper.selectById - ==>  Preparing: SELECT id,username,password,real_name,phone,email,student_no,class_name,counselor_id,avatar_url,status,deleted,create_time,update_time FROM sys_user WHERE id=? AND deleted=0
2026-04-03 21:39:07.166 [http-nio-8080-exec-6] DEBUG c.z.t.m.SysUserMapper.selectById - ==> Parameters: 5(Long)
2026-04-03 21:39:07.168 [http-nio-8080-exec-6] DEBUG c.z.t.m.SysUserMapper.selectById - <==      Total: 1
2026-04-03 21:39:07.168 [http-nio-8080-exec-6] DEBUG c.z.t.m.SysUserRoleMapper.selectList - ==>  Preparing: SELECT id,user_id,role_id,create_time,update_time FROM sys_user_role WHERE (user_id = ?)
2026-04-03 21:39:07.168 [http-nio-8080-exec-6] DEBUG c.z.t.m.SysUserRoleMapper.selectList - ==> Parameters: 5(Long)
2026-04-03 21:39:07.169 [http-nio-8080-exec-6] DEBUG c.z.t.m.SysUserRoleMapper.selectList - <==      Total: 1
2026-04-03 21:39:07.170 [http-nio-8080-exec-6] DEBUG c.z.t.m.SysRoleMapper.selectList - ==>  Preparing: SELECT id,role_code,role_name,remark,create_time,update_time FROM sys_role WHERE (id IN (?))
2026-04-03 21:39:07.170 [http-nio-8080-exec-6] DEBUG c.z.t.m.SysRoleMapper.selectList - ==> Parameters: 3(Long)
2026-04-03 21:39:07.170 [http-nio-8080-exec-6] DEBUG c.z.t.m.SysRoleMapper.selectList - <==      Total: 1
2026-04-03 21:39:07.171 [http-nio-8080-exec-6] DEBUG c.z.t.m.SysUserRoleMapper.selectList - ==>  Preparing: SELECT id,user_id,role_id,create_time,update_time FROM sys_user_role WHERE (user_id = ?)
2026-04-03 21:39:07.173 [http-nio-8080-exec-6] DEBUG c.z.t.m.SysUserRoleMapper.selectList - ==> Parameters: 5(Long)
2026-04-03 21:39:07.175 [http-nio-8080-exec-6] DEBUG c.z.t.m.SysUserRoleMapper.selectList - <==      Total: 1
2026-04-03 21:39:07.177 [http-nio-8080-exec-6] DEBUG c.z.t.m.SysRoleMapper.selectList - ==>  Preparing: SELECT id,role_code,role_name,remark,create_time,update_time FROM sys_role WHERE (id IN (?))
2026-04-03 21:39:07.178 [http-nio-8080-exec-6] DEBUG c.z.t.m.SysRoleMapper.selectList - ==> Parameters: 3(Long)
2026-04-03 21:39:07.180 [http-nio-8080-exec-6] DEBUG c.z.t.m.SysRoleMapper.selectList - <==      Total: 1
2026-04-03 21:45:52.306 [http-nio-8080-exec-7] DEBUG c.z.t.m.SysUserMapper.selectList - ==>  Preparing: SELECT id,username,password,real_name,phone,email,student_no,class_name,counselor_id,avatar_url,status,deleted,create_time,update_time FROM sys_user WHERE deleted=0 AND (username = ? AND deleted = ?)
2026-04-03 21:45:52.307 [http-nio-8080-exec-7] DEBUG c.z.t.m.SysUserMapper.selectList - ==> Parameters: student(String), 0(Integer)
2026-04-03 21:45:52.308 [http-nio-8080-exec-7] DEBUG c.z.t.m.SysUserMapper.selectList - <==      Total: 1
2026-04-03 21:45:52.309 [http-nio-8080-exec-7] DEBUG c.z.t.m.SysUserRoleMapper.selectList - ==>  Preparing: SELECT id,user_id,role_id,create_time,update_time FROM sys_user_role WHERE (user_id = ?)
2026-04-03 21:45:52.310 [http-nio-8080-exec-7] DEBUG c.z.t.m.SysUserRoleMapper.selectList - ==> Parameters: 5(Long)
2026-04-03 21:45:52.310 [http-nio-8080-exec-7] DEBUG c.z.t.m.SysUserRoleMapper.selectList - <==      Total: 1
2026-04-03 21:45:52.312 [http-nio-8080-exec-7] DEBUG c.z.t.m.SysRoleMapper.selectList - ==>  Preparing: SELECT id,role_code,role_name,remark,create_time,update_time FROM sys_role WHERE (id IN (?))
2026-04-03 21:45:52.312 [http-nio-8080-exec-7] DEBUG c.z.t.m.SysRoleMapper.selectList - ==> Parameters: 3(Long)
2026-04-03 21:45:52.313 [http-nio-8080-exec-7] DEBUG c.z.t.m.SysRoleMapper.selectList - <==      Total: 1
2026-04-03 21:45:52.315 [http-nio-8080-exec-7] DEBUG c.z.t.m.SysUserMapper.selectById - ==>  Preparing: SELECT id,username,password,real_name,phone,email,student_no,class_name,counselor_id,avatar_url,status,deleted,create_time,update_time FROM sys_user WHERE id=? AND deleted=0
2026-04-03 21:45:52.315 [http-nio-8080-exec-7] DEBUG c.z.t.m.SysUserMapper.selectById - ==> Parameters: 5(Long)
2026-04-03 21:45:52.317 [http-nio-8080-exec-7] DEBUG c.z.t.m.SysUserMapper.selectById - <==      Total: 1
2026-04-03 21:45:52.318 [http-nio-8080-exec-7] DEBUG c.z.t.m.SysUserRoleMapper.selectList - ==>  Preparing: SELECT id,user_id,role_id,create_time,update_time FROM sys_user_role WHERE (user_id = ?)
2026-04-03 21:45:52.318 [http-nio-8080-exec-7] DEBUG c.z.t.m.SysUserRoleMapper.selectList - ==> Parameters: 5(Long)
2026-04-03 21:45:52.319 [http-nio-8080-exec-7] DEBUG c.z.t.m.SysUserRoleMapper.selectList - <==      Total: 1
2026-04-03 21:45:52.319 [http-nio-8080-exec-7] DEBUG c.z.t.m.SysRoleMapper.selectList - ==>  Preparing: SELECT id,role_code,role_name,remark,create_time,update_time FROM sys_role WHERE (id IN (?))
2026-04-03 21:45:52.321 [http-nio-8080-exec-7] DEBUG c.z.t.m.SysRoleMapper.selectList - ==> Parameters: 3(Long)
2026-04-03 21:45:52.321 [http-nio-8080-exec-7] DEBUG c.z.t.m.SysRoleMapper.selectList - <==      Total: 1
2026-04-03 21:45:52.322 [http-nio-8080-exec-7] DEBUG c.z.t.m.SysUserRoleMapper.selectList - ==>  Preparing: SELECT id,user_id,role_id,create_time,update_time FROM sys_user_role WHERE (user_id = ?)
2026-04-03 21:45:52.322 [http-nio-8080-exec-7] DEBUG c.z.t.m.SysUserRoleMapper.selectList - ==> Parameters: 5(Long)
2026-04-03 21:45:52.324 [http-nio-8080-exec-7] DEBUG c.z.t.m.SysUserRoleMapper.selectList - <==      Total: 1
2026-04-03 21:45:52.324 [http-nio-8080-exec-7] DEBUG c.z.t.m.SysRoleMapper.selectList - ==>  Preparing: SELECT id,role_code,role_name,remark,create_time,update_time FROM sys_role WHERE (id IN (?))
2026-04-03 21:45:52.325 [http-nio-8080-exec-7] DEBUG c.z.t.m.SysRoleMapper.selectList - ==> Parameters: 3(Long)
2026-04-03 21:45:52.326 [http-nio-8080-exec-7] DEBUG c.z.t.m.SysRoleMapper.selectList - <==      Total: 1
2026-04-03 21:45:54.773 [http-nio-8080-exec-8] DEBUG c.z.t.m.SysUserMapper.selectList - ==>  Preparing: SELECT id,username,password,real_name,phone,email,student_no,class_name,counselor_id,avatar_url,status,deleted,create_time,update_time FROM sys_user WHERE deleted=0 AND (username = ? AND deleted = ?)
2026-04-03 21:45:54.774 [http-nio-8080-exec-8] DEBUG c.z.t.m.SysUserMapper.selectList - ==> Parameters: student(String), 0(Integer)
2026-04-03 21:45:54.776 [http-nio-8080-exec-8] DEBUG c.z.t.m.SysUserMapper.selectList - <==      Total: 1
2026-04-03 21:45:54.776 [http-nio-8080-exec-8] DEBUG c.z.t.m.SysUserRoleMapper.selectList - ==>  Preparing: SELECT id,user_id,role_id,create_time,update_time FROM sys_user_role WHERE (user_id = ?)
2026-04-03 21:45:54.777 [http-nio-8080-exec-8] DEBUG c.z.t.m.SysUserRoleMapper.selectList - ==> Parameters: 5(Long)
2026-04-03 21:45:54.779 [http-nio-8080-exec-8] DEBUG c.z.t.m.SysUserRoleMapper.selectList - <==      Total: 1
2026-04-03 21:45:54.779 [http-nio-8080-exec-8] DEBUG c.z.t.m.SysRoleMapper.selectList - ==>  Preparing: SELECT id,role_code,role_name,remark,create_time,update_time FROM sys_role WHERE (id IN (?))
2026-04-03 21:45:54.779 [http-nio-8080-exec-8] DEBUG c.z.t.m.SysRoleMapper.selectList - ==> Parameters: 3(Long)
2026-04-03 21:45:54.781 [http-nio-8080-exec-8] DEBUG c.z.t.m.SysRoleMapper.selectList - <==      Total: 1
2026-04-03 21:45:54.782 [http-nio-8080-exec-8] DEBUG c.z.t.m.SysUserMapper.selectById - ==>  Preparing: SELECT id,username,password,real_name,phone,email,student_no,class_name,counselor_id,avatar_url,status,deleted,create_time,update_time FROM sys_user WHERE id=? AND deleted=0
2026-04-03 21:45:54.782 [http-nio-8080-exec-8] DEBUG c.z.t.m.SysUserMapper.selectById - ==> Parameters: 5(Long)
2026-04-03 21:45:54.783 [http-nio-8080-exec-8] DEBUG c.z.t.m.SysUserMapper.selectById - <==      Total: 1
2026-04-03 21:45:54.784 [http-nio-8080-exec-8] DEBUG c.z.t.m.SysUserRoleMapper.selectList - ==>  Preparing: SELECT id,user_id,role_id,create_time,update_time FROM sys_user_role WHERE (user_id = ?)
2026-04-03 21:45:54.785 [http-nio-8080-exec-8] DEBUG c.z.t.m.SysUserRoleMapper.selectList - ==> Parameters: 5(Long)
2026-04-03 21:45:54.785 [http-nio-8080-exec-8] DEBUG c.z.t.m.SysUserRoleMapper.selectList - <==      Total: 1
2026-04-03 21:45:54.786 [http-nio-8080-exec-8] DEBUG c.z.t.m.SysRoleMapper.selectList - ==>  Preparing: SELECT id,role_code,role_name,remark,create_time,update_time FROM sys_role WHERE (id IN (?))
2026-04-03 21:45:54.787 [http-nio-8080-exec-8] DEBUG c.z.t.m.SysRoleMapper.selectList - ==> Parameters: 3(Long)
2026-04-03 21:45:54.788 [http-nio-8080-exec-8] DEBUG c.z.t.m.SysRoleMapper.selectList - <==      Total: 1
2026-04-03 21:45:54.788 [http-nio-8080-exec-8] DEBUG c.z.t.m.SysUserRoleMapper.selectList - ==>  Preparing: SELECT id,user_id,role_id,create_time,update_time FROM sys_user_role WHERE (user_id = ?)
2026-04-03 21:45:54.789 [http-nio-8080-exec-8] DEBUG c.z.t.m.SysUserRoleMapper.selectList - ==> Parameters: 5(Long)
2026-04-03 21:45:54.790 [http-nio-8080-exec-8] DEBUG c.z.t.m.SysUserRoleMapper.selectList - <==      Total: 1
2026-04-03 21:45:54.791 [http-nio-8080-exec-8] DEBUG c.z.t.m.SysRoleMapper.selectList - ==>  Preparing: SELECT id,role_code,role_name,remark,create_time,update_time FROM sys_role WHERE (id IN (?))
2026-04-03 21:45:54.791 [http-nio-8080-exec-8] DEBUG c.z.t.m.SysRoleMapper.selectList - ==> Parameters: 3(Long)
2026-04-03 21:45:54.792 [http-nio-8080-exec-8] DEBUG c.z.t.m.SysRoleMapper.selectList - <==      Total: 1
2026-04-03 21:46:09.570 [http-nio-8080-exec-10] DEBUG c.z.t.m.SysUserMapper.selectList - ==>  Preparing: SELECT id,username,password,real_name,phone,email,student_no,class_name,counselor_id,avatar_url,status,deleted,create_time,update_time FROM sys_user WHERE deleted=0 AND (username = ? AND deleted = ?)
2026-04-03 21:46:09.572 [http-nio-8080-exec-10] DEBUG c.z.t.m.SysUserMapper.selectList - ==> Parameters: student(String), 0(Integer)
2026-04-03 21:46:09.573 [http-nio-8080-exec-10] DEBUG c.z.t.m.SysUserMapper.selectList - <==      Total: 1
2026-04-03 21:46:09.573 [http-nio-8080-exec-10] DEBUG c.z.t.m.SysUserRoleMapper.selectList - ==>  Preparing: SELECT id,user_id,role_id,create_time,update_time FROM sys_user_role WHERE (user_id = ?)
2026-04-03 21:46:09.573 [http-nio-8080-exec-10] DEBUG c.z.t.m.SysUserRoleMapper.selectList - ==> Parameters: 5(Long)
2026-04-03 21:46:09.574 [http-nio-8080-exec-10] DEBUG c.z.t.m.SysUserRoleMapper.selectList - <==      Total: 1
2026-04-03 21:46:09.574 [http-nio-8080-exec-10] DEBUG c.z.t.m.SysRoleMapper.selectList - ==>  Preparing: SELECT id,role_code,role_name,remark,create_time,update_time FROM sys_role WHERE (id IN (?))
2026-04-03 21:46:09.575 [http-nio-8080-exec-10] DEBUG c.z.t.m.SysRoleMapper.selectList - ==> Parameters: 3(Long)
2026-04-03 21:46:09.575 [http-nio-8080-exec-10] DEBUG c.z.t.m.SysRoleMapper.selectList - <==      Total: 1
2026-04-03 21:46:09.959 [http-nio-8080-exec-9] DEBUG c.z.t.m.SysUserMapper.selectList - ==>  Preparing: SELECT id,username,password,real_name,phone,email,student_no,class_name,counselor_id,avatar_url,status,deleted,create_time,update_time FROM sys_user WHERE deleted=0 AND (username = ? AND deleted = ?)
2026-04-03 21:46:09.959 [http-nio-8080-exec-9] DEBUG c.z.t.m.SysUserMapper.selectList - ==> Parameters: student(String), 0(Integer)
2026-04-03 21:46:09.962 [http-nio-8080-exec-9] DEBUG c.z.t.m.SysUserMapper.selectList - <==      Total: 1
2026-04-03 21:46:09.962 [http-nio-8080-exec-9] DEBUG c.z.t.m.SysUserRoleMapper.selectList - ==>  Preparing: SELECT id,user_id,role_id,create_time,update_time FROM sys_user_role WHERE (user_id = ?)
2026-04-03 21:46:09.963 [http-nio-8080-exec-9] DEBUG c.z.t.m.SysUserRoleMapper.selectList - ==> Parameters: 5(Long)
2026-04-03 21:46:09.964 [http-nio-8080-exec-9] DEBUG c.z.t.m.SysUserRoleMapper.selectList - <==      Total: 1
2026-04-03 21:46:09.966 [http-nio-8080-exec-9] DEBUG c.z.t.m.SysRoleMapper.selectList - ==>  Preparing: SELECT id,role_code,role_name,remark,create_time,update_time FROM sys_role WHERE (id IN (?))
2026-04-03 21:46:09.966 [http-nio-8080-exec-9] DEBUG c.z.t.m.SysRoleMapper.selectList - ==> Parameters: 3(Long)
2026-04-03 21:46:09.968 [http-nio-8080-exec-9] DEBUG c.z.t.m.SysRoleMapper.selectList - <==      Total: 1
2026-04-03 21:46:09.968 [http-nio-8080-exec-9] DEBUG c.z.t.m.SysUserMapper.selectById - ==>  Preparing: SELECT id,username,password,real_name,phone,email,student_no,class_name,counselor_id,avatar_url,status,deleted,create_time,update_time FROM sys_user WHERE id=? AND deleted=0
2026-04-03 21:46:09.970 [http-nio-8080-exec-9] DEBUG c.z.t.m.SysUserMapper.selectById - ==> Parameters: 5(Long)
2026-04-03 21:46:09.970 [http-nio-8080-exec-9] DEBUG c.z.t.m.SysUserMapper.selectById - <==      Total: 1
2026-04-03 21:46:09.972 [http-nio-8080-exec-9] DEBUG c.z.t.m.SysUserRoleMapper.selectList - ==>  Preparing: SELECT id,user_id,role_id,create_time,update_time FROM sys_user_role WHERE (user_id = ?)
2026-04-03 21:46:09.974 [http-nio-8080-exec-9] DEBUG c.z.t.m.SysUserRoleMapper.selectList - ==> Parameters: 5(Long)
2026-04-03 21:46:09.976 [http-nio-8080-exec-9] DEBUG c.z.t.m.SysUserRoleMapper.selectList - <==      Total: 1
2026-04-03 21:46:09.977 [http-nio-8080-exec-9] DEBUG c.z.t.m.SysRoleMapper.selectList - ==>  Preparing: SELECT id,role_code,role_name,remark,create_time,update_time FROM sys_role WHERE (id IN (?))
2026-04-03 21:46:09.978 [http-nio-8080-exec-9] DEBUG c.z.t.m.SysRoleMapper.selectList - ==> Parameters: 3(Long)
2026-04-03 21:46:09.982 [http-nio-8080-exec-9] DEBUG c.z.t.m.SysRoleMapper.selectList - <==      Total: 1
2026-04-03 21:46:09.984 [http-nio-8080-exec-9] DEBUG c.z.t.m.SysUserRoleMapper.selectList - ==>  Preparing: SELECT id,user_id,role_id,create_time,update_time FROM sys_user_role WHERE (user_id = ?)
2026-04-03 21:46:09.985 [http-nio-8080-exec-9] DEBUG c.z.t.m.SysUserRoleMapper.selectList - ==> Parameters: 5(Long)
2026-04-03 21:46:09.986 [http-nio-8080-exec-9] DEBUG c.z.t.m.SysUserRoleMapper.selectList - <==      Total: 1
2026-04-03 21:46:09.986 [http-nio-8080-exec-9] DEBUG c.z.t.m.SysRoleMapper.selectList - ==>  Preparing: SELECT id,role_code,role_name,remark,create_time,update_time FROM sys_role WHERE (id IN (?))
2026-04-03 21:46:09.986 [http-nio-8080-exec-9] DEBUG c.z.t.m.SysRoleMapper.selectList - ==> Parameters: 3(Long)
2026-04-03 21:46:09.986 [http-nio-8080-exec-9] DEBUG c.z.t.m.SysRoleMapper.selectList - <==      Total: 1
2026-04-03 21:46:18.865 [http-nio-8080-exec-1] DEBUG c.z.t.m.SysUserMapper.selectList - ==>  Preparing: SELECT id,username,password,real_name,phone,email,student_no,class_name,counselor_id,avatar_url,status,deleted,create_time,update_time FROM sys_user WHERE deleted=0 AND (username = ? AND deleted = ?)
2026-04-03 21:46:18.865 [http-nio-8080-exec-1] DEBUG c.z.t.m.SysUserMapper.selectList - ==> Parameters: student(String), 0(Integer)
2026-04-03 21:46:18.868 [http-nio-8080-exec-1] DEBUG c.z.t.m.SysUserMapper.selectList - <==      Total: 1
2026-04-03 21:46:18.870 [http-nio-8080-exec-1] DEBUG c.z.t.m.SysUserRoleMapper.selectList - ==>  Preparing: SELECT id,user_id,role_id,create_time,update_time FROM sys_user_role WHERE (user_id = ?)
2026-04-03 21:46:18.872 [http-nio-8080-exec-1] DEBUG c.z.t.m.SysUserRoleMapper.selectList - ==> Parameters: 5(Long)
2026-04-03 21:46:18.873 [http-nio-8080-exec-1] DEBUG c.z.t.m.SysUserRoleMapper.selectList - <==      Total: 1
2026-04-03 21:46:18.876 [http-nio-8080-exec-1] DEBUG c.z.t.m.SysRoleMapper.selectList - ==>  Preparing: SELECT id,role_code,role_name,remark,create_time,update_time FROM sys_role WHERE (id IN (?))
2026-04-03 21:46:18.877 [http-nio-8080-exec-1] DEBUG c.z.t.m.SysRoleMapper.selectList - ==> Parameters: 3(Long)
2026-04-03 21:46:18.881 [http-nio-8080-exec-1] DEBUG c.z.t.m.SysRoleMapper.selectList - <==      Total: 1
2026-04-03 21:46:18.885 [http-nio-8080-exec-1] DEBUG c.z.t.m.SysUserMapper.selectList - ==>  Preparing: SELECT id,username,password,real_name,phone,email,student_no,class_name,counselor_id,avatar_url,status,deleted,create_time,update_time FROM sys_user WHERE deleted=0 AND (username = ? AND deleted = ?)
2026-04-03 21:46:18.885 [http-nio-8080-exec-1] DEBUG c.z.t.m.SysUserMapper.selectList - ==> Parameters: student(String), 0(Integer)
2026-04-03 21:46:18.888 [http-nio-8080-exec-1] DEBUG c.z.t.m.SysUserMapper.selectList - <==      Total: 1
2026-04-03 21:46:18.889 [http-nio-8080-exec-1] DEBUG c.z.t.m.SysUserRoleMapper.selectList - ==>  Preparing: SELECT id,user_id,role_id,create_time,update_time FROM sys_user_role WHERE (user_id = ?)
2026-04-03 21:46:18.890 [http-nio-8080-exec-1] DEBUG c.z.t.m.SysUserRoleMapper.selectList - ==> Parameters: 5(Long)
2026-04-03 21:46:18.891 [http-nio-8080-exec-1] DEBUG c.z.t.m.SysUserRoleMapper.selectList - <==      Total: 1
2026-04-03 21:46:18.894 [http-nio-8080-exec-1] DEBUG c.z.t.m.SysRoleMapper.selectList - ==>  Preparing: SELECT id,role_code,role_name,remark,create_time,update_time FROM sys_role WHERE (id IN (?))
2026-04-03 21:46:18.895 [http-nio-8080-exec-1] DEBUG c.z.t.m.SysRoleMapper.selectList - ==> Parameters: 3(Long)
2026-04-03 21:46:18.896 [http-nio-8080-exec-1] DEBUG c.z.t.m.SysRoleMapper.selectList - <==      Total: 1
2026-04-03 21:46:19.267 [http-nio-8080-exec-2] DEBUG c.z.t.m.SysUserMapper.selectList - ==>  Preparing: SELECT id,username,password,real_name,phone,email,student_no,class_name,counselor_id,avatar_url,status,deleted,create_time,update_time FROM sys_user WHERE deleted=0 AND (username = ? AND deleted = ?)
2026-04-03 21:46:19.267 [http-nio-8080-exec-2] DEBUG c.z.t.m.SysUserMapper.selectList - ==> Parameters: student(String), 0(Integer)
2026-04-03 21:46:19.268 [http-nio-8080-exec-2] DEBUG c.z.t.m.SysUserMapper.selectList - <==      Total: 1
2026-04-03 21:46:19.268 [http-nio-8080-exec-2] DEBUG c.z.t.m.SysUserRoleMapper.selectList - ==>  Preparing: SELECT id,user_id,role_id,create_time,update_time FROM sys_user_role WHERE (user_id = ?)
2026-04-03 21:46:19.268 [http-nio-8080-exec-2] DEBUG c.z.t.m.SysUserRoleMapper.selectList - ==> Parameters: 5(Long)
2026-04-03 21:46:19.270 [http-nio-8080-exec-2] DEBUG c.z.t.m.SysUserRoleMapper.selectList - <==      Total: 1
2026-04-03 21:46:19.270 [http-nio-8080-exec-2] DEBUG c.z.t.m.SysRoleMapper.selectList - ==>  Preparing: SELECT id,role_code,role_name,remark,create_time,update_time FROM sys_role WHERE (id IN (?))
2026-04-03 21:46:19.270 [http-nio-8080-exec-2] DEBUG c.z.t.m.SysRoleMapper.selectList - ==> Parameters: 3(Long)
2026-04-03 21:46:19.271 [http-nio-8080-exec-2] DEBUG c.z.t.m.SysRoleMapper.selectList - <==      Total: 1
2026-04-03 21:46:19.271 [http-nio-8080-exec-2] DEBUG c.z.t.m.SysUserMapper.selectById - ==>  Preparing: SELECT id,username,password,real_name,phone,email,student_no,class_name,counselor_id,avatar_url,status,deleted,create_time,update_time FROM sys_user WHERE id=? AND deleted=0
2026-04-03 21:46:19.273 [http-nio-8080-exec-2] DEBUG c.z.t.m.SysUserMapper.selectById - ==> Parameters: 5(Long)
2026-04-03 21:46:19.273 [http-nio-8080-exec-2] DEBUG c.z.t.m.SysUserMapper.selectById - <==      Total: 1
2026-04-03 21:46:19.273 [http-nio-8080-exec-2] DEBUG c.z.t.m.SysUserRoleMapper.selectList - ==>  Preparing: SELECT id,user_id,role_id,create_time,update_time FROM sys_user_role WHERE (user_id = ?)
2026-04-03 21:46:19.273 [http-nio-8080-exec-2] DEBUG c.z.t.m.SysUserRoleMapper.selectList - ==> Parameters: 5(Long)
2026-04-03 21:46:19.275 [http-nio-8080-exec-2] DEBUG c.z.t.m.SysUserRoleMapper.selectList - <==      Total: 1
2026-04-03 21:46:19.275 [http-nio-8080-exec-2] DEBUG c.z.t.m.SysRoleMapper.selectList - ==>  Preparing: SELECT id,role_code,role_name,remark,create_time,update_time FROM sys_role WHERE (id IN (?))
2026-04-03 21:46:19.276 [http-nio-8080-exec-2] DEBUG c.z.t.m.SysRoleMapper.selectList - ==> Parameters: 3(Long)
2026-04-03 21:46:19.276 [http-nio-8080-exec-2] DEBUG c.z.t.m.SysRoleMapper.selectList - <==      Total: 1
2026-04-03 21:46:19.276 [http-nio-8080-exec-2] DEBUG c.z.t.m.SysUserRoleMapper.selectList - ==>  Preparing: SELECT id,user_id,role_id,create_time,update_time FROM sys_user_role WHERE (user_id = ?)
2026-04-03 21:46:19.277 [http-nio-8080-exec-2] DEBUG c.z.t.m.SysUserRoleMapper.selectList - ==> Parameters: 5(Long)
2026-04-03 21:46:19.277 [http-nio-8080-exec-2] DEBUG c.z.t.m.SysUserRoleMapper.selectList - <==      Total: 1
2026-04-03 21:46:19.277 [http-nio-8080-exec-2] DEBUG c.z.t.m.SysRoleMapper.selectList - ==>  Preparing: SELECT id,role_code,role_name,remark,create_time,update_time FROM sys_role WHERE (id IN (?))
2026-04-03 21:46:19.277 [http-nio-8080-exec-2] DEBUG c.z.t.m.SysRoleMapper.selectList - ==> Parameters: 3(Long)
2026-04-03 21:46:19.279 [http-nio-8080-exec-2] DEBUG c.z.t.m.SysRoleMapper.selectList - <==      Total: 1
2026-04-03 21:46:29.966 [http-nio-8080-exec-3] DEBUG c.z.t.m.SysUserMapper.selectList - ==>  Preparing: SELECT id,username,password,real_name,phone,email,student_no,class_name,counselor_id,avatar_url,status,deleted,create_time,update_time FROM sys_user WHERE deleted=0 AND (username = ? AND deleted = ?)
2026-04-03 21:46:29.966 [http-nio-8080-exec-3] DEBUG c.z.t.m.SysUserMapper.selectList - ==> Parameters: student(String), 0(Integer)
2026-04-03 21:46:29.967 [http-nio-8080-exec-3] DEBUG c.z.t.m.SysUserMapper.selectList - <==      Total: 1
2026-04-03 21:46:29.968 [http-nio-8080-exec-3] DEBUG c.z.t.m.SysUserRoleMapper.selectList - ==>  Preparing: SELECT id,user_id,role_id,create_time,update_time FROM sys_user_role WHERE (user_id = ?)
2026-04-03 21:46:29.969 [http-nio-8080-exec-3] DEBUG c.z.t.m.SysUserRoleMapper.selectList - ==> Parameters: 5(Long)
2026-04-03 21:46:29.969 [http-nio-8080-exec-3] DEBUG c.z.t.m.SysUserRoleMapper.selectList - <==      Total: 1
2026-04-03 21:46:29.970 [http-nio-8080-exec-3] DEBUG c.z.t.m.SysRoleMapper.selectList - ==>  Preparing: SELECT id,role_code,role_name,remark,create_time,update_time FROM sys_role WHERE (id IN (?))
2026-04-03 21:46:29.971 [http-nio-8080-exec-3] DEBUG c.z.t.m.SysRoleMapper.selectList - ==> Parameters: 3(Long)
2026-04-03 21:46:29.972 [http-nio-8080-exec-3] DEBUG c.z.t.m.SysRoleMapper.selectList - <==      Total: 1
2026-04-03 21:46:29.976 [http-nio-8080-exec-3] DEBUG c.z.t.m.SysUserMapper.selectList - ==>  Preparing: SELECT id,username,password,real_name,phone,email,student_no,class_name,counselor_id,avatar_url,status,deleted,create_time,update_time FROM sys_user WHERE deleted=0 AND (username = ? AND deleted = ?)
2026-04-03 21:46:29.977 [http-nio-8080-exec-3] DEBUG c.z.t.m.SysUserMapper.selectList - ==> Parameters: student(String), 0(Integer)
2026-04-03 21:46:29.979 [http-nio-8080-exec-3] DEBUG c.z.t.m.SysUserMapper.selectList - <==      Total: 1
2026-04-03 21:46:29.981 [http-nio-8080-exec-3] DEBUG c.z.t.m.SysUserRoleMapper.selectList - ==>  Preparing: SELECT id,user_id,role_id,create_time,update_time FROM sys_user_role WHERE (user_id = ?)
2026-04-03 21:46:29.985 [http-nio-8080-exec-3] DEBUG c.z.t.m.SysUserRoleMapper.selectList - ==> Parameters: 5(Long)
2026-04-03 21:46:29.986 [http-nio-8080-exec-3] DEBUG c.z.t.m.SysUserRoleMapper.selectList - <==      Total: 1
2026-04-03 21:46:29.986 [http-nio-8080-exec-3] DEBUG c.z.t.m.SysRoleMapper.selectList - ==>  Preparing: SELECT id,role_code,role_name,remark,create_time,update_time FROM sys_role WHERE (id IN (?))
2026-04-03 21:46:29.988 [http-nio-8080-exec-3] DEBUG c.z.t.m.SysRoleMapper.selectList - ==> Parameters: 3(Long)
2026-04-03 21:46:29.988 [http-nio-8080-exec-3] DEBUG c.z.t.m.SysRoleMapper.selectList - <==      Total: 1
2026-04-03 21:46:30.372 [http-nio-8080-exec-4] DEBUG c.z.t.m.SysUserMapper.selectList - ==>  Preparing: SELECT id,username,password,real_name,phone,email,student_no,class_name,counselor_id,avatar_url,status,deleted,create_time,update_time FROM sys_user WHERE deleted=0 AND (username = ? AND deleted = ?)
2026-04-03 21:46:30.373 [http-nio-8080-exec-4] DEBUG c.z.t.m.SysUserMapper.selectList - ==> Parameters: student(String), 0(Integer)
2026-04-03 21:46:30.375 [http-nio-8080-exec-4] DEBUG c.z.t.m.SysUserMapper.selectList - <==      Total: 1
2026-04-03 21:46:30.375 [http-nio-8080-exec-4] DEBUG c.z.t.m.SysUserRoleMapper.selectList - ==>  Preparing: SELECT id,user_id,role_id,create_time,update_time FROM sys_user_role WHERE (user_id = ?)
2026-04-03 21:46:30.375 [http-nio-8080-exec-4] DEBUG c.z.t.m.SysUserRoleMapper.selectList - ==> Parameters: 5(Long)
2026-04-03 21:46:30.376 [http-nio-8080-exec-4] DEBUG c.z.t.m.SysUserRoleMapper.selectList - <==      Total: 1
2026-04-03 21:46:30.376 [http-nio-8080-exec-4] DEBUG c.z.t.m.SysRoleMapper.selectList - ==>  Preparing: SELECT id,role_code,role_name,remark,create_time,update_time FROM sys_role WHERE (id IN (?))
2026-04-03 21:46:30.376 [http-nio-8080-exec-4] DEBUG c.z.t.m.SysRoleMapper.selectList - ==> Parameters: 3(Long)
2026-04-03 21:46:30.377 [http-nio-8080-exec-4] DEBUG c.z.t.m.SysRoleMapper.selectList - <==      Total: 1
2026-04-03 21:46:30.378 [http-nio-8080-exec-4] DEBUG c.z.t.m.SysUserMapper.selectById - ==>  Preparing: SELECT id,username,password,real_name,phone,email,student_no,class_name,counselor_id,avatar_url,status,deleted,create_time,update_time FROM sys_user WHERE id=? AND deleted=0
2026-04-03 21:46:30.378 [http-nio-8080-exec-4] DEBUG c.z.t.m.SysUserMapper.selectById - ==> Parameters: 5(Long)
2026-04-03 21:46:30.379 [http-nio-8080-exec-4] DEBUG c.z.t.m.SysUserMapper.selectById - <==      Total: 1
2026-04-03 21:46:30.382 [http-nio-8080-exec-4] DEBUG c.z.t.m.SysUserRoleMapper.selectList - ==>  Preparing: SELECT id,user_id,role_id,create_time,update_time FROM sys_user_role WHERE (user_id = ?)
2026-04-03 21:46:30.383 [http-nio-8080-exec-4] DEBUG c.z.t.m.SysUserRoleMapper.selectList - ==> Parameters: 5(Long)
2026-04-03 21:46:30.384 [http-nio-8080-exec-4] DEBUG c.z.t.m.SysUserRoleMapper.selectList - <==      Total: 1
2026-04-03 21:46:30.385 [http-nio-8080-exec-4] DEBUG c.z.t.m.SysRoleMapper.selectList - ==>  Preparing: SELECT id,role_code,role_name,remark,create_time,update_time FROM sys_role WHERE (id IN (?))
2026-04-03 21:46:30.386 [http-nio-8080-exec-4] DEBUG c.z.t.m.SysRoleMapper.selectList - ==> Parameters: 3(Long)
2026-04-03 21:46:30.387 [http-nio-8080-exec-4] DEBUG c.z.t.m.SysRoleMapper.selectList - <==      Total: 1
2026-04-03 21:46:30.389 [http-nio-8080-exec-4] DEBUG c.z.t.m.SysUserRoleMapper.selectList - ==>  Preparing: SELECT id,user_id,role_id,create_time,update_time FROM sys_user_role WHERE (user_id = ?)
2026-04-03 21:46:30.389 [http-nio-8080-exec-4] DEBUG c.z.t.m.SysUserRoleMapper.selectList - ==> Parameters: 5(Long)
2026-04-03 21:46:30.391 [http-nio-8080-exec-4] DEBUG c.z.t.m.SysUserRoleMapper.selectList - <==      Total: 1
2026-04-03 21:46:30.394 [http-nio-8080-exec-4] DEBUG c.z.t.m.SysRoleMapper.selectList - ==>  Preparing: SELECT id,role_code,role_name,remark,create_time,update_time FROM sys_role WHERE (id IN (?))
2026-04-03 21:46:30.398 [http-nio-8080-exec-4] DEBUG c.z.t.m.SysRoleMapper.selectList - ==> Parameters: 3(Long)
2026-04-03 21:46:30.399 [http-nio-8080-exec-4] DEBUG c.z.t.m.SysRoleMapper.selectList - <==      Total: 1
2026-04-03 21:46:40.426 [http-nio-8080-exec-5] DEBUG c.z.t.m.SysUserMapper.selectList - ==>  Preparing: SELECT id,username,password,real_name,phone,email,student_no,class_name,counselor_id,avatar_url,status,deleted,create_time,update_time FROM sys_user WHERE deleted=0 AND (username = ? AND deleted = ?)
2026-04-03 21:46:40.426 [http-nio-8080-exec-5] DEBUG c.z.t.m.SysUserMapper.selectList - ==> Parameters: student(String), 0(Integer)
2026-04-03 21:46:40.428 [http-nio-8080-exec-5] DEBUG c.z.t.m.SysUserMapper.selectList - <==      Total: 1
2026-04-03 21:46:40.428 [http-nio-8080-exec-5] DEBUG c.z.t.m.SysUserRoleMapper.selectList - ==>  Preparing: SELECT id,user_id,role_id,create_time,update_time FROM sys_user_role WHERE (user_id = ?)
2026-04-03 21:46:40.428 [http-nio-8080-exec-5] DEBUG c.z.t.m.SysUserRoleMapper.selectList - ==> Parameters: 5(Long)
2026-04-03 21:46:40.429 [http-nio-8080-exec-5] DEBUG c.z.t.m.SysUserRoleMapper.selectList - <==      Total: 1
2026-04-03 21:46:40.429 [http-nio-8080-exec-5] DEBUG c.z.t.m.SysRoleMapper.selectList - ==>  Preparing: SELECT id,role_code,role_name,remark,create_time,update_time FROM sys_role WHERE (id IN (?))
2026-04-03 21:46:40.429 [http-nio-8080-exec-5] DEBUG c.z.t.m.SysRoleMapper.selectList - ==> Parameters: 3(Long)
2026-04-03 21:46:40.429 [http-nio-8080-exec-5] DEBUG c.z.t.m.SysRoleMapper.selectList - <==      Total: 1
2026-04-03 21:46:40.431 [http-nio-8080-exec-5] DEBUG c.z.t.m.SysUserMapper.selectById - ==>  Preparing: SELECT id,username,password,real_name,phone,email,student_no,class_name,counselor_id,avatar_url,status,deleted,create_time,update_time FROM sys_user WHERE id=? AND deleted=0
2026-04-03 21:46:40.431 [http-nio-8080-exec-5] DEBUG c.z.t.m.SysUserMapper.selectById - ==> Parameters: 5(Long)
2026-04-03 21:46:40.433 [http-nio-8080-exec-5] DEBUG c.z.t.m.SysUserMapper.selectById - <==      Total: 1
2026-04-03 21:46:40.434 [http-nio-8080-exec-5] DEBUG c.z.t.m.SysUserRoleMapper.selectList - ==>  Preparing: SELECT id,user_id,role_id,create_time,update_time FROM sys_user_role WHERE (user_id = ?)
2026-04-03 21:46:40.434 [http-nio-8080-exec-5] DEBUG c.z.t.m.SysUserRoleMapper.selectList - ==> Parameters: 5(Long)
2026-04-03 21:46:40.434 [http-nio-8080-exec-5] DEBUG c.z.t.m.SysUserRoleMapper.selectList - <==      Total: 1
2026-04-03 21:46:40.436 [http-nio-8080-exec-5] DEBUG c.z.t.m.SysRoleMapper.selectList - ==>  Preparing: SELECT id,role_code,role_name,remark,create_time,update_time FROM sys_role WHERE (id IN (?))
2026-04-03 21:46:40.436 [http-nio-8080-exec-5] DEBUG c.z.t.m.SysRoleMapper.selectList - ==> Parameters: 3(Long)
2026-04-03 21:46:40.436 [http-nio-8080-exec-5] DEBUG c.z.t.m.SysRoleMapper.selectList - <==      Total: 1
2026-04-03 21:46:40.437 [http-nio-8080-exec-5] DEBUG c.z.t.m.SysUserRoleMapper.selectList - ==>  Preparing: SELECT id,user_id,role_id,create_time,update_time FROM sys_user_role WHERE (user_id = ?)
2026-04-03 21:46:40.437 [http-nio-8080-exec-5] DEBUG c.z.t.m.SysUserRoleMapper.selectList - ==> Parameters: 5(Long)
2026-04-03 21:46:40.439 [http-nio-8080-exec-5] DEBUG c.z.t.m.SysUserRoleMapper.selectList - <==      Total: 1
2026-04-03 21:46:40.439 [http-nio-8080-exec-5] DEBUG c.z.t.m.SysRoleMapper.selectList - ==>  Preparing: SELECT id,role_code,role_name,remark,create_time,update_time FROM sys_role WHERE (id IN (?))
2026-04-03 21:46:40.439 [http-nio-8080-exec-5] DEBUG c.z.t.m.SysRoleMapper.selectList - ==> Parameters: 3(Long)
2026-04-03 21:46:40.440 [http-nio-8080-exec-5] DEBUG c.z.t.m.SysRoleMapper.selectList - <==      Total: 1
2026-04-03 21:47:12.352 [http-nio-8080-exec-6] DEBUG c.z.t.m.SysUserMapper.selectList - ==>  Preparing: SELECT id,username,password,real_name,phone,email,student_no,class_name,counselor_id,avatar_url,status,deleted,create_time,update_time FROM sys_user WHERE deleted=0 AND (username = ? AND deleted = ?)
2026-04-03 21:47:12.353 [http-nio-8080-exec-6] DEBUG c.z.t.m.SysUserMapper.selectList - ==> Parameters: student(String), 0(Integer)
2026-04-03 21:47:12.353 [http-nio-8080-exec-6] DEBUG c.z.t.m.SysUserMapper.selectList - <==      Total: 1
2026-04-03 21:47:12.355 [http-nio-8080-exec-6] DEBUG c.z.t.m.SysUserRoleMapper.selectList - ==>  Preparing: SELECT id,user_id,role_id,create_time,update_time FROM sys_user_role WHERE (user_id = ?)
2026-04-03 21:47:12.355 [http-nio-8080-exec-6] DEBUG c.z.t.m.SysUserRoleMapper.selectList - ==> Parameters: 5(Long)
2026-04-03 21:47:12.355 [http-nio-8080-exec-6] DEBUG c.z.t.m.SysUserRoleMapper.selectList - <==      Total: 1
2026-04-03 21:47:12.357 [http-nio-8080-exec-6] DEBUG c.z.t.m.SysRoleMapper.selectList - ==>  Preparing: SELECT id,role_code,role_name,remark,create_time,update_time FROM sys_role WHERE (id IN (?))
2026-04-03 21:47:12.357 [http-nio-8080-exec-6] DEBUG c.z.t.m.SysRoleMapper.selectList - ==> Parameters: 3(Long)
2026-04-03 21:47:12.357 [http-nio-8080-exec-6] DEBUG c.z.t.m.SysRoleMapper.selectList - <==      Total: 1
2026-04-03 21:47:12.358 [http-nio-8080-exec-6] DEBUG c.z.t.m.SysUserMapper.selectById - ==>  Preparing: SELECT id,username,password,real_name,phone,email,student_no,class_name,counselor_id,avatar_url,status,deleted,create_time,update_time FROM sys_user WHERE id=? AND deleted=0
2026-04-03 21:47:12.358 [http-nio-8080-exec-6] DEBUG c.z.t.m.SysUserMapper.selectById - ==> Parameters: 5(Long)
2026-04-03 21:47:12.358 [http-nio-8080-exec-6] DEBUG c.z.t.m.SysUserMapper.selectById - <==      Total: 1
2026-04-03 21:47:12.360 [http-nio-8080-exec-6] DEBUG c.z.t.m.SysUserRoleMapper.selectList - ==>  Preparing: SELECT id,user_id,role_id,create_time,update_time FROM sys_user_role WHERE (user_id = ?)
2026-04-03 21:47:12.360 [http-nio-8080-exec-6] DEBUG c.z.t.m.SysUserRoleMapper.selectList - ==> Parameters: 5(Long)
2026-04-03 21:47:12.360 [http-nio-8080-exec-6] DEBUG c.z.t.m.SysUserRoleMapper.selectList - <==      Total: 1
2026-04-03 21:47:12.361 [http-nio-8080-exec-6] DEBUG c.z.t.m.SysRoleMapper.selectList - ==>  Preparing: SELECT id,role_code,role_name,remark,create_time,update_time FROM sys_role WHERE (id IN (?))
2026-04-03 21:47:12.361 [http-nio-8080-exec-6] DEBUG c.z.t.m.SysRoleMapper.selectList - ==> Parameters: 3(Long)
2026-04-03 21:47:12.362 [http-nio-8080-exec-6] DEBUG c.z.t.m.SysRoleMapper.selectList - <==      Total: 1
2026-04-03 21:47:12.362 [http-nio-8080-exec-6] DEBUG c.z.t.m.SysUserRoleMapper.selectList - ==>  Preparing: SELECT id,user_id,role_id,create_time,update_time FROM sys_user_role WHERE (user_id = ?)
2026-04-03 21:47:12.363 [http-nio-8080-exec-6] DEBUG c.z.t.m.SysUserRoleMapper.selectList - ==> Parameters: 5(Long)
2026-04-03 21:47:12.363 [http-nio-8080-exec-6] DEBUG c.z.t.m.SysUserRoleMapper.selectList - <==      Total: 1
2026-04-03 21:47:12.364 [http-nio-8080-exec-6] DEBUG c.z.t.m.SysRoleMapper.selectList - ==>  Preparing: SELECT id,role_code,role_name,remark,create_time,update_time FROM sys_role WHERE (id IN (?))
2026-04-03 21:47:12.365 [http-nio-8080-exec-6] DEBUG c.z.t.m.SysRoleMapper.selectList - ==> Parameters: 3(Long)
2026-04-03 21:47:12.366 [http-nio-8080-exec-6] DEBUG c.z.t.m.SysRoleMapper.selectList - <==      Total: 1
2026-04-03 21:47:16.882 [http-nio-8080-exec-7] DEBUG c.z.t.m.SysUserMapper.selectList - ==>  Preparing: SELECT id,username,password,real_name,phone,email,student_no,class_name,counselor_id,avatar_url,status,deleted,create_time,update_time FROM sys_user WHERE deleted=0 AND (username = ? AND deleted = ?)
2026-04-03 21:47:16.882 [http-nio-8080-exec-7] DEBUG c.z.t.m.SysUserMapper.selectList - ==> Parameters: student(String), 0(Integer)
2026-04-03 21:47:16.883 [http-nio-8080-exec-7] DEBUG c.z.t.m.SysUserMapper.selectList - <==      Total: 1
2026-04-03 21:47:16.884 [http-nio-8080-exec-7] DEBUG c.z.t.m.SysUserRoleMapper.selectList - ==>  Preparing: SELECT id,user_id,role_id,create_time,update_time FROM sys_user_role WHERE (user_id = ?)
2026-04-03 21:47:16.885 [http-nio-8080-exec-7] DEBUG c.z.t.m.SysUserRoleMapper.selectList - ==> Parameters: 5(Long)
2026-04-03 21:47:16.885 [http-nio-8080-exec-7] DEBUG c.z.t.m.SysUserRoleMapper.selectList - <==      Total: 1
2026-04-03 21:47:16.886 [http-nio-8080-exec-7] DEBUG c.z.t.m.SysRoleMapper.selectList - ==>  Preparing: SELECT id,role_code,role_name,remark,create_time,update_time FROM sys_role WHERE (id IN (?))
2026-04-03 21:47:16.886 [http-nio-8080-exec-7] DEBUG c.z.t.m.SysRoleMapper.selectList - ==> Parameters: 3(Long)
2026-04-03 21:47:16.887 [http-nio-8080-exec-7] DEBUG c.z.t.m.SysRoleMapper.selectList - <==      Total: 1
2026-04-03 21:47:16.888 [http-nio-8080-exec-7] DEBUG c.z.t.m.SysUserMapper.selectById - ==>  Preparing: SELECT id,username,password,real_name,phone,email,student_no,class_name,counselor_id,avatar_url,status,deleted,create_time,update_time FROM sys_user WHERE id=? AND deleted=0
2026-04-03 21:47:16.889 [http-nio-8080-exec-7] DEBUG c.z.t.m.SysUserMapper.selectById - ==> Parameters: 5(Long)
2026-04-03 21:47:16.889 [http-nio-8080-exec-7] DEBUG c.z.t.m.SysUserMapper.selectById - <==      Total: 1
2026-04-03 21:47:16.890 [http-nio-8080-exec-7] DEBUG c.z.t.m.SysUserRoleMapper.selectList - ==>  Preparing: SELECT id,user_id,role_id,create_time,update_time FROM sys_user_role WHERE (user_id = ?)
2026-04-03 21:47:16.890 [http-nio-8080-exec-7] DEBUG c.z.t.m.SysUserRoleMapper.selectList - ==> Parameters: 5(Long)
2026-04-03 21:47:16.892 [http-nio-8080-exec-7] DEBUG c.z.t.m.SysUserRoleMapper.selectList - <==      Total: 1
2026-04-03 21:47:16.892 [http-nio-8080-exec-7] DEBUG c.z.t.m.SysRoleMapper.selectList - ==>  Preparing: SELECT id,role_code,role_name,remark,create_time,update_time FROM sys_role WHERE (id IN (?))
2026-04-03 21:47:16.892 [http-nio-8080-exec-7] DEBUG c.z.t.m.SysRoleMapper.selectList - ==> Parameters: 3(Long)
2026-04-03 21:47:16.893 [http-nio-8080-exec-7] DEBUG c.z.t.m.SysRoleMapper.selectList - <==      Total: 1
2026-04-03 21:47:16.893 [http-nio-8080-exec-7] DEBUG c.z.t.m.SysUserRoleMapper.selectList - ==>  Preparing: SELECT id,user_id,role_id,create_time,update_time FROM sys_user_role WHERE (user_id = ?)
2026-04-03 21:47:16.895 [http-nio-8080-exec-7] DEBUG c.z.t.m.SysUserRoleMapper.selectList - ==> Parameters: 5(Long)
2026-04-03 21:47:16.896 [http-nio-8080-exec-7] DEBUG c.z.t.m.SysUserRoleMapper.selectList - <==      Total: 1
2026-04-03 21:47:16.896 [http-nio-8080-exec-7] DEBUG c.z.t.m.SysRoleMapper.selectList - ==>  Preparing: SELECT id,role_code,role_name,remark,create_time,update_time FROM sys_role WHERE (id IN (?))
2026-04-03 21:47:16.896 [http-nio-8080-exec-7] DEBUG c.z.t.m.SysRoleMapper.selectList - ==> Parameters: 3(Long)
2026-04-03 21:47:16.898 [http-nio-8080-exec-7] DEBUG c.z.t.m.SysRoleMapper.selectList - <==      Total: 1
2026-04-03 21:48:14.343 [http-nio-8080-exec-8] DEBUG c.z.t.m.SysUserMapper.selectList - ==>  Preparing: SELECT id,username,password,real_name,phone,email,student_no,class_name,counselor_id,avatar_url,status,deleted,create_time,update_time FROM sys_user WHERE deleted=0 AND (username = ? AND deleted = ?)
2026-04-03 21:48:14.344 [http-nio-8080-exec-8] DEBUG c.z.t.m.SysUserMapper.selectList - ==> Parameters: student(String), 0(Integer)
2026-04-03 21:48:14.346 [http-nio-8080-exec-8] DEBUG c.z.t.m.SysUserMapper.selectList - <==      Total: 1
2026-04-03 21:48:14.346 [http-nio-8080-exec-8] DEBUG c.z.t.m.SysUserRoleMapper.selectList - ==>  Preparing: SELECT id,user_id,role_id,create_time,update_time FROM sys_user_role WHERE (user_id = ?)
2026-04-03 21:48:14.348 [http-nio-8080-exec-8] DEBUG c.z.t.m.SysUserRoleMapper.selectList - ==> Parameters: 5(Long)
2026-04-03 21:48:14.349 [http-nio-8080-exec-8] DEBUG c.z.t.m.SysUserRoleMapper.selectList - <==      Total: 1
2026-04-03 21:48:14.349 [http-nio-8080-exec-8] DEBUG c.z.t.m.SysRoleMapper.selectList - ==>  Preparing: SELECT id,role_code,role_name,remark,create_time,update_time FROM sys_role WHERE (id IN (?))
2026-04-03 21:48:14.349 [http-nio-8080-exec-8] DEBUG c.z.t.m.SysRoleMapper.selectList - ==> Parameters: 3(Long)
2026-04-03 21:48:14.351 [http-nio-8080-exec-8] DEBUG c.z.t.m.SysRoleMapper.selectList - <==      Total: 1
2026-04-03 21:48:14.351 [http-nio-8080-exec-8] DEBUG c.z.t.m.SysUserMapper.selectById - ==>  Preparing: SELECT id,username,password,real_name,phone,email,student_no,class_name,counselor_id,avatar_url,status,deleted,create_time,update_time FROM sys_user WHERE id=? AND deleted=0
2026-04-03 21:48:14.352 [http-nio-8080-exec-8] DEBUG c.z.t.m.SysUserMapper.selectById - ==> Parameters: 5(Long)
2026-04-03 21:48:14.352 [http-nio-8080-exec-8] DEBUG c.z.t.m.SysUserMapper.selectById - <==      Total: 1
2026-04-03 21:48:14.354 [http-nio-8080-exec-8] DEBUG c.z.t.m.SysUserRoleMapper.selectList - ==>  Preparing: SELECT id,user_id,role_id,create_time,update_time FROM sys_user_role WHERE (user_id = ?)
2026-04-03 21:48:14.354 [http-nio-8080-exec-8] DEBUG c.z.t.m.SysUserRoleMapper.selectList - ==> Parameters: 5(Long)
2026-04-03 21:48:14.355 [http-nio-8080-exec-8] DEBUG c.z.t.m.SysUserRoleMapper.selectList - <==      Total: 1
2026-04-03 21:48:14.355 [http-nio-8080-exec-8] DEBUG c.z.t.m.SysRoleMapper.selectList - ==>  Preparing: SELECT id,role_code,role_name,remark,create_time,update_time FROM sys_role WHERE (id IN (?))
2026-04-03 21:48:14.356 [http-nio-8080-exec-8] DEBUG c.z.t.m.SysRoleMapper.selectList - ==> Parameters: 3(Long)
2026-04-03 21:48:14.357 [http-nio-8080-exec-8] DEBUG c.z.t.m.SysRoleMapper.selectList - <==      Total: 1
2026-04-03 21:48:14.357 [http-nio-8080-exec-8] DEBUG c.z.t.m.SysUserRoleMapper.selectList - ==>  Preparing: SELECT id,user_id,role_id,create_time,update_time FROM sys_user_role WHERE (user_id = ?)
2026-04-03 21:48:14.358 [http-nio-8080-exec-8] DEBUG c.z.t.m.SysUserRoleMapper.selectList - ==> Parameters: 5(Long)
2026-04-03 21:48:14.358 [http-nio-8080-exec-8] DEBUG c.z.t.m.SysUserRoleMapper.selectList - <==      Total: 1
2026-04-03 21:48:14.360 [http-nio-8080-exec-8] DEBUG c.z.t.m.SysRoleMapper.selectList - ==>  Preparing: SELECT id,role_code,role_name,remark,create_time,update_time FROM sys_role WHERE (id IN (?))
2026-04-03 21:48:14.360 [http-nio-8080-exec-8] DEBUG c.z.t.m.SysRoleMapper.selectList - ==> Parameters: 3(Long)
2026-04-03 21:48:14.360 [http-nio-8080-exec-8] DEBUG c.z.t.m.SysRoleMapper.selectList - <==      Total: 1
2026-04-03 21:48:18.683 [http-nio-8080-exec-10] DEBUG c.z.t.m.SysUserMapper.selectList - ==>  Preparing: SELECT id,username,password,real_name,phone,email,student_no,class_name,counselor_id,avatar_url,status,deleted,create_time,update_time FROM sys_user WHERE deleted=0 AND (username = ? AND deleted = ?)
2026-04-03 21:48:18.683 [http-nio-8080-exec-10] DEBUG c.z.t.m.SysUserMapper.selectList - ==> Parameters: student(String), 0(Integer)
2026-04-03 21:48:18.685 [http-nio-8080-exec-10] DEBUG c.z.t.m.SysUserMapper.selectList - <==      Total: 1
2026-04-03 21:48:18.686 [http-nio-8080-exec-10] DEBUG c.z.t.m.SysUserRoleMapper.selectList - ==>  Preparing: SELECT id,user_id,role_id,create_time,update_time FROM sys_user_role WHERE (user_id = ?)
2026-04-03 21:48:18.686 [http-nio-8080-exec-10] DEBUG c.z.t.m.SysUserRoleMapper.selectList - ==> Parameters: 5(Long)
2026-04-03 21:48:18.686 [http-nio-8080-exec-10] DEBUG c.z.t.m.SysUserRoleMapper.selectList - <==      Total: 1
2026-04-03 21:48:18.688 [http-nio-8080-exec-10] DEBUG c.z.t.m.SysRoleMapper.selectList - ==>  Preparing: SELECT id,role_code,role_name,remark,create_time,update_time FROM sys_role WHERE (id IN (?))
2026-04-03 21:48:18.688 [http-nio-8080-exec-10] DEBUG c.z.t.m.SysRoleMapper.selectList - ==> Parameters: 3(Long)
2026-04-03 21:48:18.688 [http-nio-8080-exec-10] DEBUG c.z.t.m.SysRoleMapper.selectList - <==      Total: 1
2026-04-03 21:48:18.691 [http-nio-8080-exec-10] DEBUG c.z.t.m.SysUserMapper.selectById - ==>  Preparing: SELECT id,username,password,real_name,phone,email,student_no,class_name,counselor_id,avatar_url,status,deleted,create_time,update_time FROM sys_user WHERE id=? AND deleted=0
2026-04-03 21:48:18.692 [http-nio-8080-exec-10] DEBUG c.z.t.m.SysUserMapper.selectById - ==> Parameters: 5(Long)
2026-04-03 21:48:18.694 [http-nio-8080-exec-10] DEBUG c.z.t.m.SysUserMapper.selectById - <==      Total: 1
2026-04-03 21:48:18.694 [http-nio-8080-exec-10] DEBUG c.z.t.m.SysUserRoleMapper.selectList - ==>  Preparing: SELECT id,user_id,role_id,create_time,update_time FROM sys_user_role WHERE (user_id = ?)
2026-04-03 21:48:18.695 [http-nio-8080-exec-10] DEBUG c.z.t.m.SysUserRoleMapper.selectList - ==> Parameters: 5(Long)
2026-04-03 21:48:18.696 [http-nio-8080-exec-10] DEBUG c.z.t.m.SysUserRoleMapper.selectList - <==      Total: 1
2026-04-03 21:48:18.696 [http-nio-8080-exec-10] DEBUG c.z.t.m.SysRoleMapper.selectList - ==>  Preparing: SELECT id,role_code,role_name,remark,create_time,update_time FROM sys_role WHERE (id IN (?))
2026-04-03 21:48:18.697 [http-nio-8080-exec-10] DEBUG c.z.t.m.SysRoleMapper.selectList - ==> Parameters: 3(Long)
2026-04-03 21:48:18.698 [http-nio-8080-exec-10] DEBUG c.z.t.m.SysRoleMapper.selectList - <==      Total: 1
2026-04-03 21:48:18.699 [http-nio-8080-exec-10] DEBUG c.z.t.m.SysUserRoleMapper.selectList - ==>  Preparing: SELECT id,user_id,role_id,create_time,update_time FROM sys_user_role WHERE (user_id = ?)
2026-04-03 21:48:18.699 [http-nio-8080-exec-10] DEBUG c.z.t.m.SysUserRoleMapper.selectList - ==> Parameters: 5(Long)
2026-04-03 21:48:18.700 [http-nio-8080-exec-10] DEBUG c.z.t.m.SysUserRoleMapper.selectList - <==      Total: 1
2026-04-03 21:48:18.700 [http-nio-8080-exec-10] DEBUG c.z.t.m.SysRoleMapper.selectList - ==>  Preparing: SELECT id,role_code,role_name,remark,create_time,update_time FROM sys_role WHERE (id IN (?))
2026-04-03 21:48:18.700 [http-nio-8080-exec-10] DEBUG c.z.t.m.SysRoleMapper.selectList - ==> Parameters: 3(Long)
2026-04-03 21:48:18.702 [http-nio-8080-exec-10] DEBUG c.z.t.m.SysRoleMapper.selectList - <==      Total: 1
2026-04-03 21:50:35.913 [http-nio-8080-exec-9] DEBUG c.z.t.m.SysUserMapper.selectList - ==>  Preparing: SELECT id,username,password,real_name,phone,email,student_no,class_name,counselor_id,avatar_url,status,deleted,create_time,update_time FROM sys_user WHERE deleted=0 AND (username = ? AND deleted = ?)
2026-04-03 21:50:35.913 [http-nio-8080-exec-9] DEBUG c.z.t.m.SysUserMapper.selectList - ==> Parameters: student(String), 0(Integer)
2026-04-03 21:50:35.914 [http-nio-8080-exec-9] DEBUG c.z.t.m.SysUserMapper.selectList - <==      Total: 1
2026-04-03 21:50:35.916 [http-nio-8080-exec-9] DEBUG c.z.t.m.SysUserRoleMapper.selectList - ==>  Preparing: SELECT id,user_id,role_id,create_time,update_time FROM sys_user_role WHERE (user_id = ?)
2026-04-03 21:50:35.916 [http-nio-8080-exec-9] DEBUG c.z.t.m.SysUserRoleMapper.selectList - ==> Parameters: 5(Long)
2026-04-03 21:50:35.917 [http-nio-8080-exec-9] DEBUG c.z.t.m.SysUserRoleMapper.selectList - <==      Total: 1
2026-04-03 21:50:35.918 [http-nio-8080-exec-9] DEBUG c.z.t.m.SysRoleMapper.selectList - ==>  Preparing: SELECT id,role_code,role_name,remark,create_time,update_time FROM sys_role WHERE (id IN (?))
2026-04-03 21:50:35.918 [http-nio-8080-exec-9] DEBUG c.z.t.m.SysRoleMapper.selectList - ==> Parameters: 3(Long)
2026-04-03 21:50:35.919 [http-nio-8080-exec-9] DEBUG c.z.t.m.SysRoleMapper.selectList - <==      Total: 1
2026-04-03 21:50:35.919 [http-nio-8080-exec-9] DEBUG c.z.t.m.SysUserMapper.selectById - ==>  Preparing: SELECT id,username,password,real_name,phone,email,student_no,class_name,counselor_id,avatar_url,status,deleted,create_time,update_time FROM sys_user WHERE id=? AND deleted=0
2026-04-03 21:50:35.919 [http-nio-8080-exec-9] DEBUG c.z.t.m.SysUserMapper.selectById - ==> Parameters: 5(Long)
2026-04-03 21:50:35.921 [http-nio-8080-exec-9] DEBUG c.z.t.m.SysUserMapper.selectById - <==      Total: 1
2026-04-03 21:50:35.922 [http-nio-8080-exec-9] DEBUG c.z.t.m.SysUserRoleMapper.selectList - ==>  Preparing: SELECT id,user_id,role_id,create_time,update_time FROM sys_user_role WHERE (user_id = ?)
2026-04-03 21:50:35.922 [http-nio-8080-exec-9] DEBUG c.z.t.m.SysUserRoleMapper.selectList - ==> Parameters: 5(Long)
2026-04-03 21:50:35.924 [http-nio-8080-exec-9] DEBUG c.z.t.m.SysUserRoleMapper.selectList - <==      Total: 1
2026-04-03 21:50:35.924 [http-nio-8080-exec-9] DEBUG c.z.t.m.SysRoleMapper.selectList - ==>  Preparing: SELECT id,role_code,role_name,remark,create_time,update_time FROM sys_role WHERE (id IN (?))
2026-04-03 21:50:35.925 [http-nio-8080-exec-9] DEBUG c.z.t.m.SysRoleMapper.selectList - ==> Parameters: 3(Long)
2026-04-03 21:50:35.925 [http-nio-8080-exec-9] DEBUG c.z.t.m.SysRoleMapper.selectList - <==      Total: 1
2026-04-03 21:50:35.928 [http-nio-8080-exec-9] DEBUG c.z.t.m.SysUserRoleMapper.selectList - ==>  Preparing: SELECT id,user_id,role_id,create_time,update_time FROM sys_user_role WHERE (user_id = ?)
2026-04-03 21:50:35.928 [http-nio-8080-exec-9] DEBUG c.z.t.m.SysUserRoleMapper.selectList - ==> Parameters: 5(Long)
2026-04-03 21:50:35.929 [http-nio-8080-exec-9] DEBUG c.z.t.m.SysUserRoleMapper.selectList - <==      Total: 1
2026-04-03 21:50:35.929 [http-nio-8080-exec-9] DEBUG c.z.t.m.SysRoleMapper.selectList - ==>  Preparing: SELECT id,role_code,role_name,remark,create_time,update_time FROM sys_role WHERE (id IN (?))
2026-04-03 21:50:35.929 [http-nio-8080-exec-9] DEBUG c.z.t.m.SysRoleMapper.selectList - ==> Parameters: 3(Long)
2026-04-03 21:50:35.931 [http-nio-8080-exec-9] DEBUG c.z.t.m.SysRoleMapper.selectList - <==      Total: 1
2026-04-03 21:50:36.680 [http-nio-8080-exec-1] DEBUG c.z.t.m.SysUserMapper.selectList - ==>  Preparing: SELECT id,username,password,real_name,phone,email,student_no,class_name,counselor_id,avatar_url,status,deleted,create_time,update_time FROM sys_user WHERE deleted=0 AND (username = ? AND deleted = ?)
2026-04-03 21:50:36.680 [http-nio-8080-exec-1] DEBUG c.z.t.m.SysUserMapper.selectList - ==> Parameters: student(String), 0(Integer)
2026-04-03 21:50:36.682 [http-nio-8080-exec-1] DEBUG c.z.t.m.SysUserMapper.selectList - <==      Total: 1
2026-04-03 21:50:36.683 [http-nio-8080-exec-1] DEBUG c.z.t.m.SysUserRoleMapper.selectList - ==>  Preparing: SELECT id,user_id,role_id,create_time,update_time FROM sys_user_role WHERE (user_id = ?)
2026-04-03 21:50:36.683 [http-nio-8080-exec-1] DEBUG c.z.t.m.SysUserRoleMapper.selectList - ==> Parameters: 5(Long)
2026-04-03 21:50:36.684 [http-nio-8080-exec-1] DEBUG c.z.t.m.SysUserRoleMapper.selectList - <==      Total: 1
2026-04-03 21:50:36.685 [http-nio-8080-exec-1] DEBUG c.z.t.m.SysRoleMapper.selectList - ==>  Preparing: SELECT id,role_code,role_name,remark,create_time,update_time FROM sys_role WHERE (id IN (?))
2026-04-03 21:50:36.686 [http-nio-8080-exec-1] DEBUG c.z.t.m.SysRoleMapper.selectList - ==> Parameters: 3(Long)
2026-04-03 21:50:36.686 [http-nio-8080-exec-1] DEBUG c.z.t.m.SysRoleMapper.selectList - <==      Total: 1
2026-04-03 21:50:36.687 [http-nio-8080-exec-1] DEBUG c.z.t.m.SysUserMapper.selectById - ==>  Preparing: SELECT id,username,password,real_name,phone,email,student_no,class_name,counselor_id,avatar_url,status,deleted,create_time,update_time FROM sys_user WHERE id=? AND deleted=0
2026-04-03 21:50:36.687 [http-nio-8080-exec-1] DEBUG c.z.t.m.SysUserMapper.selectById - ==> Parameters: 5(Long)
2026-04-03 21:50:36.688 [http-nio-8080-exec-1] DEBUG c.z.t.m.SysUserMapper.selectById - <==      Total: 1
2026-04-03 21:50:36.688 [http-nio-8080-exec-1] DEBUG c.z.t.m.SysUserRoleMapper.selectList - ==>  Preparing: SELECT id,user_id,role_id,create_time,update_time FROM sys_user_role WHERE (user_id = ?)
2026-04-03 21:50:36.688 [http-nio-8080-exec-1] DEBUG c.z.t.m.SysUserRoleMapper.selectList - ==> Parameters: 5(Long)
2026-04-03 21:50:36.690 [http-nio-8080-exec-1] DEBUG c.z.t.m.SysUserRoleMapper.selectList - <==      Total: 1
2026-04-03 21:50:36.690 [http-nio-8080-exec-1] DEBUG c.z.t.m.SysRoleMapper.selectList - ==>  Preparing: SELECT id,role_code,role_name,remark,create_time,update_time FROM sys_role WHERE (id IN (?))
2026-04-03 21:50:36.692 [http-nio-8080-exec-1] DEBUG c.z.t.m.SysRoleMapper.selectList - ==> Parameters: 3(Long)
2026-04-03 21:50:36.692 [http-nio-8080-exec-1] DEBUG c.z.t.m.SysRoleMapper.selectList - <==      Total: 1
2026-04-03 21:50:36.693 [http-nio-8080-exec-1] DEBUG c.z.t.m.SysUserRoleMapper.selectList - ==>  Preparing: SELECT id,user_id,role_id,create_time,update_time FROM sys_user_role WHERE (user_id = ?)
2026-04-03 21:50:36.694 [http-nio-8080-exec-1] DEBUG c.z.t.m.SysUserRoleMapper.selectList - ==> Parameters: 5(Long)
2026-04-03 21:50:36.695 [http-nio-8080-exec-1] DEBUG c.z.t.m.SysUserRoleMapper.selectList - <==      Total: 1
2026-04-03 21:50:36.695 [http-nio-8080-exec-1] DEBUG c.z.t.m.SysRoleMapper.selectList - ==>  Preparing: SELECT id,role_code,role_name,remark,create_time,update_time FROM sys_role WHERE (id IN (?))
2026-04-03 21:50:36.696 [http-nio-8080-exec-1] DEBUG c.z.t.m.SysRoleMapper.selectList - ==> Parameters: 3(Long)
2026-04-03 21:50:36.696 [http-nio-8080-exec-1] DEBUG c.z.t.m.SysRoleMapper.selectList - <==      Total: 1
2026-04-03 21:53:32.014 [http-nio-8080-exec-2] DEBUG c.z.t.m.SysUserMapper.selectList - ==>  Preparing: SELECT id,username,password,real_name,phone,email,student_no,class_name,counselor_id,avatar_url,status,deleted,create_time,update_time FROM sys_user WHERE deleted=0 AND (username = ? AND deleted = ?)
2026-04-03 21:53:32.015 [http-nio-8080-exec-2] DEBUG c.z.t.m.SysUserMapper.selectList - ==> Parameters: student(String), 0(Integer)
2026-04-03 21:53:32.016 [http-nio-8080-exec-2] DEBUG c.z.t.m.SysUserMapper.selectList - <==      Total: 1
2026-04-03 21:53:32.016 [http-nio-8080-exec-2] DEBUG c.z.t.m.SysUserRoleMapper.selectList - ==>  Preparing: SELECT id,user_id,role_id,create_time,update_time FROM sys_user_role WHERE (user_id = ?)
2026-04-03 21:53:32.016 [http-nio-8080-exec-2] DEBUG c.z.t.m.SysUserRoleMapper.selectList - ==> Parameters: 5(Long)
2026-04-03 21:53:32.018 [http-nio-8080-exec-2] DEBUG c.z.t.m.SysUserRoleMapper.selectList - <==      Total: 1
2026-04-03 21:53:32.018 [http-nio-8080-exec-2] DEBUG c.z.t.m.SysRoleMapper.selectList - ==>  Preparing: SELECT id,role_code,role_name,remark,create_time,update_time FROM sys_role WHERE (id IN (?))
2026-04-03 21:53:32.018 [http-nio-8080-exec-2] DEBUG c.z.t.m.SysRoleMapper.selectList - ==> Parameters: 3(Long)
2026-04-03 21:53:32.018 [http-nio-8080-exec-2] DEBUG c.z.t.m.SysRoleMapper.selectList - <==      Total: 1
2026-04-03 21:53:32.402 [http-nio-8080-exec-3] DEBUG c.z.t.m.SysUserMapper.selectList - ==>  Preparing: SELECT id,username,password,real_name,phone,email,student_no,class_name,counselor_id,avatar_url,status,deleted,create_time,update_time FROM sys_user WHERE deleted=0 AND (username = ? AND deleted = ?)
2026-04-03 21:53:32.417 [http-nio-8080-exec-3] DEBUG c.z.t.m.SysUserMapper.selectList - ==> Parameters: student(String), 0(Integer)
2026-04-03 21:53:32.418 [http-nio-8080-exec-3] DEBUG c.z.t.m.SysUserMapper.selectList - <==      Total: 1
2026-04-03 21:53:32.420 [http-nio-8080-exec-3] DEBUG c.z.t.m.SysUserRoleMapper.selectList - ==>  Preparing: SELECT id,user_id,role_id,create_time,update_time FROM sys_user_role WHERE (user_id = ?)
2026-04-03 21:53:32.420 [http-nio-8080-exec-3] DEBUG c.z.t.m.SysUserRoleMapper.selectList - ==> Parameters: 5(Long)
2026-04-03 21:53:32.420 [http-nio-8080-exec-3] DEBUG c.z.t.m.SysUserRoleMapper.selectList - <==      Total: 1
2026-04-03 21:53:32.422 [http-nio-8080-exec-3] DEBUG c.z.t.m.SysRoleMapper.selectList - ==>  Preparing: SELECT id,role_code,role_name,remark,create_time,update_time FROM sys_role WHERE (id IN (?))
2026-04-03 21:53:32.425 [http-nio-8080-exec-3] DEBUG c.z.t.m.SysRoleMapper.selectList - ==> Parameters: 3(Long)
2026-04-03 21:53:32.426 [http-nio-8080-exec-3] DEBUG c.z.t.m.SysRoleMapper.selectList - <==      Total: 1
2026-04-03 21:53:32.430 [http-nio-8080-exec-3] DEBUG c.z.t.m.SysUserMapper.selectById - ==>  Preparing: SELECT id,username,password,real_name,phone,email,student_no,class_name,counselor_id,avatar_url,status,deleted,create_time,update_time FROM sys_user WHERE id=? AND deleted=0
2026-04-03 21:53:32.431 [http-nio-8080-exec-3] DEBUG c.z.t.m.SysUserMapper.selectById - ==> Parameters: 5(Long)
2026-04-03 21:53:32.432 [http-nio-8080-exec-3] DEBUG c.z.t.m.SysUserMapper.selectById - <==      Total: 1
2026-04-03 21:53:32.433 [http-nio-8080-exec-3] DEBUG c.z.t.m.SysUserRoleMapper.selectList - ==>  Preparing: SELECT id,user_id,role_id,create_time,update_time FROM sys_user_role WHERE (user_id = ?)
2026-04-03 21:53:32.433 [http-nio-8080-exec-3] DEBUG c.z.t.m.SysUserRoleMapper.selectList - ==> Parameters: 5(Long)
2026-04-03 21:53:32.435 [http-nio-8080-exec-3] DEBUG c.z.t.m.SysUserRoleMapper.selectList - <==      Total: 1
2026-04-03 21:53:32.435 [http-nio-8080-exec-3] DEBUG c.z.t.m.SysRoleMapper.selectList - ==>  Preparing: SELECT id,role_code,role_name,remark,create_time,update_time FROM sys_role WHERE (id IN (?))
2026-04-03 21:53:32.435 [http-nio-8080-exec-3] DEBUG c.z.t.m.SysRoleMapper.selectList - ==> Parameters: 3(Long)
2026-04-03 21:53:32.437 [http-nio-8080-exec-3] DEBUG c.z.t.m.SysRoleMapper.selectList - <==      Total: 1
2026-04-03 21:53:32.442 [http-nio-8080-exec-3] DEBUG c.z.t.m.SysUserRoleMapper.selectList - ==>  Preparing: SELECT id,user_id,role_id,create_time,update_time FROM sys_user_role WHERE (user_id = ?)
2026-04-03 21:53:32.442 [http-nio-8080-exec-3] DEBUG c.z.t.m.SysUserRoleMapper.selectList - ==> Parameters: 5(Long)
2026-04-03 21:53:32.443 [http-nio-8080-exec-3] DEBUG c.z.t.m.SysUserRoleMapper.selectList - <==      Total: 1
2026-04-03 21:53:32.446 [http-nio-8080-exec-3] DEBUG c.z.t.m.SysRoleMapper.selectList - ==>  Preparing: SELECT id,role_code,role_name,remark,create_time,update_time FROM sys_role WHERE (id IN (?))
2026-04-03 21:53:32.447 [http-nio-8080-exec-3] DEBUG c.z.t.m.SysRoleMapper.selectList - ==> Parameters: 3(Long)
2026-04-03 21:53:32.447 [http-nio-8080-exec-3] DEBUG c.z.t.m.SysRoleMapper.selectList - <==      Total: 1
2026-04-03 21:53:36.740 [http-nio-8080-exec-4] DEBUG c.z.t.m.SysUserMapper.selectList - ==>  Preparing: SELECT id,username,password,real_name,phone,email,student_no,class_name,counselor_id,avatar_url,status,deleted,create_time,update_time FROM sys_user WHERE deleted=0 AND (username = ? AND deleted = ?)
2026-04-03 21:53:36.740 [http-nio-8080-exec-4] DEBUG c.z.t.m.SysUserMapper.selectList - ==> Parameters: student(String), 0(Integer)
2026-04-03 21:53:36.742 [http-nio-8080-exec-4] DEBUG c.z.t.m.SysUserMapper.selectList - <==      Total: 1
2026-04-03 21:53:36.742 [http-nio-8080-exec-4] DEBUG c.z.t.m.SysUserRoleMapper.selectList - ==>  Preparing: SELECT id,user_id,role_id,create_time,update_time FROM sys_user_role WHERE (user_id = ?)
2026-04-03 21:53:36.743 [http-nio-8080-exec-4] DEBUG c.z.t.m.SysUserRoleMapper.selectList - ==> Parameters: 5(Long)
2026-04-03 21:53:36.743 [http-nio-8080-exec-4] DEBUG c.z.t.m.SysUserRoleMapper.selectList - <==      Total: 1
2026-04-03 21:53:36.745 [http-nio-8080-exec-4] DEBUG c.z.t.m.SysRoleMapper.selectList - ==>  Preparing: SELECT id,role_code,role_name,remark,create_time,update_time FROM sys_role WHERE (id IN (?))
2026-04-03 21:53:36.745 [http-nio-8080-exec-4] DEBUG c.z.t.m.SysRoleMapper.selectList - ==> Parameters: 3(Long)
2026-04-03 21:53:36.746 [http-nio-8080-exec-4] DEBUG c.z.t.m.SysRoleMapper.selectList - <==      Total: 1
2026-04-03 21:53:36.748 [http-nio-8080-exec-4] DEBUG c.z.t.m.SysUserMapper.selectById - ==>  Preparing: SELECT id,username,password,real_name,phone,email,student_no,class_name,counselor_id,avatar_url,status,deleted,create_time,update_time FROM sys_user WHERE id=? AND deleted=0
2026-04-03 21:53:36.748 [http-nio-8080-exec-4] DEBUG c.z.t.m.SysUserMapper.selectById - ==> Parameters: 5(Long)
2026-04-03 21:53:36.749 [http-nio-8080-exec-4] DEBUG c.z.t.m.SysUserMapper.selectById - <==      Total: 1
2026-04-03 21:53:36.749 [http-nio-8080-exec-4] DEBUG c.z.t.m.SysUserRoleMapper.selectList - ==>  Preparing: SELECT id,user_id,role_id,create_time,update_time FROM sys_user_role WHERE (user_id = ?)
2026-04-03 21:53:36.751 [http-nio-8080-exec-4] DEBUG c.z.t.m.SysUserRoleMapper.selectList - ==> Parameters: 5(Long)
2026-04-03 21:53:36.752 [http-nio-8080-exec-4] DEBUG c.z.t.m.SysUserRoleMapper.selectList - <==      Total: 1
2026-04-03 21:53:36.754 [http-nio-8080-exec-4] DEBUG c.z.t.m.SysRoleMapper.selectList - ==>  Preparing: SELECT id,role_code,role_name,remark,create_time,update_time FROM sys_role WHERE (id IN (?))
2026-04-03 21:53:36.754 [http-nio-8080-exec-4] DEBUG c.z.t.m.SysRoleMapper.selectList - ==> Parameters: 3(Long)
2026-04-03 21:53:36.755 [http-nio-8080-exec-4] DEBUG c.z.t.m.SysRoleMapper.selectList - <==      Total: 1
2026-04-03 21:53:36.755 [http-nio-8080-exec-4] DEBUG c.z.t.m.SysUserRoleMapper.selectList - ==>  Preparing: SELECT id,user_id,role_id,create_time,update_time FROM sys_user_role WHERE (user_id = ?)
2026-04-03 21:53:36.757 [http-nio-8080-exec-4] DEBUG c.z.t.m.SysUserRoleMapper.selectList - ==> Parameters: 5(Long)
2026-04-03 21:53:36.758 [http-nio-8080-exec-4] DEBUG c.z.t.m.SysUserRoleMapper.selectList - <==      Total: 1
2026-04-03 21:53:36.759 [http-nio-8080-exec-4] DEBUG c.z.t.m.SysRoleMapper.selectList - ==>  Preparing: SELECT id,role_code,role_name,remark,create_time,update_time FROM sys_role WHERE (id IN (?))
2026-04-03 21:53:36.761 [http-nio-8080-exec-4] DEBUG c.z.t.m.SysRoleMapper.selectList - ==> Parameters: 3(Long)
2026-04-03 21:53:36.763 [http-nio-8080-exec-4] DEBUG c.z.t.m.SysRoleMapper.selectList - <==      Total: 1
2026-04-03 21:53:37.998 [http-nio-8080-exec-5] DEBUG c.z.t.m.SysUserMapper.selectList - ==>  Preparing: SELECT id,username,password,real_name,phone,email,student_no,class_name,counselor_id,avatar_url,status,deleted,create_time,update_time FROM sys_user WHERE deleted=0 AND (username = ? AND deleted = ?)
2026-04-03 21:53:37.998 [http-nio-8080-exec-5] DEBUG c.z.t.m.SysUserMapper.selectList - ==> Parameters: student(String), 0(Integer)
2026-04-03 21:53:37.999 [http-nio-8080-exec-5] DEBUG c.z.t.m.SysUserMapper.selectList - <==      Total: 1
2026-04-03 21:53:37.999 [http-nio-8080-exec-5] DEBUG c.z.t.m.SysUserRoleMapper.selectList - ==>  Preparing: SELECT id,user_id,role_id,create_time,update_time FROM sys_user_role WHERE (user_id = ?)
2026-04-03 21:53:38.000 [http-nio-8080-exec-5] DEBUG c.z.t.m.SysUserRoleMapper.selectList - ==> Parameters: 5(Long)
2026-04-03 21:53:38.000 [http-nio-8080-exec-5] DEBUG c.z.t.m.SysUserRoleMapper.selectList - <==      Total: 1
2026-04-03 21:53:38.000 [http-nio-8080-exec-5] DEBUG c.z.t.m.SysRoleMapper.selectList - ==>  Preparing: SELECT id,role_code,role_name,remark,create_time,update_time FROM sys_role WHERE (id IN (?))
2026-04-03 21:53:38.000 [http-nio-8080-exec-5] DEBUG c.z.t.m.SysRoleMapper.selectList - ==> Parameters: 3(Long)
2026-04-03 21:53:38.001 [http-nio-8080-exec-5] DEBUG c.z.t.m.SysRoleMapper.selectList - <==      Total: 1
2026-04-03 21:53:38.002 [http-nio-8080-exec-5] DEBUG c.z.t.m.SysUserMapper.selectById - ==>  Preparing: SELECT id,username,password,real_name,phone,email,student_no,class_name,counselor_id,avatar_url,status,deleted,create_time,update_time FROM sys_user WHERE id=? AND deleted=0
2026-04-03 21:53:38.002 [http-nio-8080-exec-5] DEBUG c.z.t.m.SysUserMapper.selectById - ==> Parameters: 5(Long)
2026-04-03 21:53:38.003 [http-nio-8080-exec-5] DEBUG c.z.t.m.SysUserMapper.selectById - <==      Total: 1
2026-04-03 21:53:38.003 [http-nio-8080-exec-5] DEBUG c.z.t.m.SysUserRoleMapper.selectList - ==>  Preparing: SELECT id,user_id,role_id,create_time,update_time FROM sys_user_role WHERE (user_id = ?)
2026-04-03 21:53:38.003 [http-nio-8080-exec-5] DEBUG c.z.t.m.SysUserRoleMapper.selectList - ==> Parameters: 5(Long)
2026-04-03 21:53:38.003 [http-nio-8080-exec-5] DEBUG c.z.t.m.SysUserRoleMapper.selectList - <==      Total: 1
2026-04-03 21:53:38.003 [http-nio-8080-exec-5] DEBUG c.z.t.m.SysRoleMapper.selectList - ==>  Preparing: SELECT id,role_code,role_name,remark,create_time,update_time FROM sys_role WHERE (id IN (?))
2026-04-03 21:53:38.004 [http-nio-8080-exec-5] DEBUG c.z.t.m.SysRoleMapper.selectList - ==> Parameters: 3(Long)
2026-04-03 21:53:38.005 [http-nio-8080-exec-5] DEBUG c.z.t.m.SysRoleMapper.selectList - <==      Total: 1
2026-04-03 21:53:38.007 [http-nio-8080-exec-5] DEBUG c.z.t.m.SysUserRoleMapper.selectList - ==>  Preparing: SELECT id,user_id,role_id,create_time,update_time FROM sys_user_role WHERE (user_id = ?)
2026-04-03 21:53:38.007 [http-nio-8080-exec-5] DEBUG c.z.t.m.SysUserRoleMapper.selectList - ==> Parameters: 5(Long)
2026-04-03 21:53:38.008 [http-nio-8080-exec-5] DEBUG c.z.t.m.SysUserRoleMapper.selectList - <==      Total: 1
2026-04-03 21:53:38.008 [http-nio-8080-exec-5] DEBUG c.z.t.m.SysRoleMapper.selectList - ==>  Preparing: SELECT id,role_code,role_name,remark,create_time,update_time FROM sys_role WHERE (id IN (?))
2026-04-03 21:53:38.011 [http-nio-8080-exec-5] DEBUG c.z.t.m.SysRoleMapper.selectList - ==> Parameters: 3(Long)
2026-04-03 21:53:38.011 [http-nio-8080-exec-5] DEBUG c.z.t.m.SysRoleMapper.selectList - <==      Total: 1
2026-04-03 21:53:40.039 [http-nio-8080-exec-6] DEBUG c.z.t.m.SysUserMapper.selectList - ==>  Preparing: SELECT id,username,password,real_name,phone,email,student_no,class_name,counselor_id,avatar_url,status,deleted,create_time,update_time FROM sys_user WHERE deleted=0 AND (username = ? AND deleted = ?)
2026-04-03 21:53:40.039 [http-nio-8080-exec-6] DEBUG c.z.t.m.SysUserMapper.selectList - ==> Parameters: student(String), 0(Integer)
2026-04-03 21:53:40.040 [http-nio-8080-exec-6] DEBUG c.z.t.m.SysUserMapper.selectList - <==      Total: 1
2026-04-03 21:53:40.042 [http-nio-8080-exec-6] DEBUG c.z.t.m.SysUserRoleMapper.selectList - ==>  Preparing: SELECT id,user_id,role_id,create_time,update_time FROM sys_user_role WHERE (user_id = ?)
2026-04-03 21:53:40.042 [http-nio-8080-exec-6] DEBUG c.z.t.m.SysUserRoleMapper.selectList - ==> Parameters: 5(Long)
2026-04-03 21:53:40.043 [http-nio-8080-exec-6] DEBUG c.z.t.m.SysUserRoleMapper.selectList - <==      Total: 1
2026-04-03 21:53:40.044 [http-nio-8080-exec-6] DEBUG c.z.t.m.SysRoleMapper.selectList - ==>  Preparing: SELECT id,role_code,role_name,remark,create_time,update_time FROM sys_role WHERE (id IN (?))
2026-04-03 21:53:40.044 [http-nio-8080-exec-6] DEBUG c.z.t.m.SysRoleMapper.selectList - ==> Parameters: 3(Long)
2026-04-03 21:53:40.044 [http-nio-8080-exec-6] DEBUG c.z.t.m.SysRoleMapper.selectList - <==      Total: 1
2026-04-03 21:53:40.045 [http-nio-8080-exec-6] DEBUG c.z.t.m.SysUserMapper.selectById - ==>  Preparing: SELECT id,username,password,real_name,phone,email,student_no,class_name,counselor_id,avatar_url,status,deleted,create_time,update_time FROM sys_user WHERE id=? AND deleted=0
2026-04-03 21:53:40.045 [http-nio-8080-exec-6] DEBUG c.z.t.m.SysUserMapper.selectById - ==> Parameters: 5(Long)
2026-04-03 21:53:40.047 [http-nio-8080-exec-6] DEBUG c.z.t.m.SysUserMapper.selectById - <==      Total: 1
2026-04-03 21:53:40.047 [http-nio-8080-exec-6] DEBUG c.z.t.m.SysUserRoleMapper.selectList - ==>  Preparing: SELECT id,user_id,role_id,create_time,update_time FROM sys_user_role WHERE (user_id = ?)
2026-04-03 21:53:40.048 [http-nio-8080-exec-6] DEBUG c.z.t.m.SysUserRoleMapper.selectList - ==> Parameters: 5(Long)
2026-04-03 21:53:40.048 [http-nio-8080-exec-6] DEBUG c.z.t.m.SysUserRoleMapper.selectList - <==      Total: 1
2026-04-03 21:53:40.048 [http-nio-8080-exec-6] DEBUG c.z.t.m.SysRoleMapper.selectList - ==>  Preparing: SELECT id,role_code,role_name,remark,create_time,update_time FROM sys_role WHERE (id IN (?))
2026-04-03 21:53:40.050 [http-nio-8080-exec-6] DEBUG c.z.t.m.SysRoleMapper.selectList - ==> Parameters: 3(Long)
2026-04-03 21:53:40.050 [http-nio-8080-exec-6] DEBUG c.z.t.m.SysRoleMapper.selectList - <==      Total: 1
2026-04-03 21:53:40.052 [http-nio-8080-exec-6] DEBUG c.z.t.m.SysUserRoleMapper.selectList - ==>  Preparing: SELECT id,user_id,role_id,create_time,update_time FROM sys_user_role WHERE (user_id = ?)
2026-04-03 21:53:40.052 [http-nio-8080-exec-6] DEBUG c.z.t.m.SysUserRoleMapper.selectList - ==> Parameters: 5(Long)
2026-04-03 21:53:40.053 [http-nio-8080-exec-6] DEBUG c.z.t.m.SysUserRoleMapper.selectList - <==      Total: 1
2026-04-03 21:53:40.053 [http-nio-8080-exec-6] DEBUG c.z.t.m.SysRoleMapper.selectList - ==>  Preparing: SELECT id,role_code,role_name,remark,create_time,update_time FROM sys_role WHERE (id IN (?))
2026-04-03 21:53:40.053 [http-nio-8080-exec-6] DEBUG c.z.t.m.SysRoleMapper.selectList - ==> Parameters: 3(Long)
2026-04-03 21:53:40.055 [http-nio-8080-exec-6] DEBUG c.z.t.m.SysRoleMapper.selectList - <==      Total: 1
2026-04-03 21:53:41.327 [http-nio-8080-exec-7] DEBUG c.z.t.m.SysUserMapper.selectList - ==>  Preparing: SELECT id,username,password,real_name,phone,email,student_no,class_name,counselor_id,avatar_url,status,deleted,create_time,update_time FROM sys_user WHERE deleted=0 AND (username = ? AND deleted = ?)
2026-04-03 21:53:41.328 [http-nio-8080-exec-7] DEBUG c.z.t.m.SysUserMapper.selectList - ==> Parameters: student(String), 0(Integer)
2026-04-03 21:53:41.328 [http-nio-8080-exec-7] DEBUG c.z.t.m.SysUserMapper.selectList - <==      Total: 1
2026-04-03 21:53:41.329 [http-nio-8080-exec-7] DEBUG c.z.t.m.SysUserRoleMapper.selectList - ==>  Preparing: SELECT id,user_id,role_id,create_time,update_time FROM sys_user_role WHERE (user_id = ?)
2026-04-03 21:53:41.330 [http-nio-8080-exec-7] DEBUG c.z.t.m.SysUserRoleMapper.selectList - ==> Parameters: 5(Long)
2026-04-03 21:53:41.331 [http-nio-8080-exec-7] DEBUG c.z.t.m.SysUserRoleMapper.selectList - <==      Total: 1
2026-04-03 21:53:41.331 [http-nio-8080-exec-7] DEBUG c.z.t.m.SysRoleMapper.selectList - ==>  Preparing: SELECT id,role_code,role_name,remark,create_time,update_time FROM sys_role WHERE (id IN (?))
2026-04-03 21:53:41.332 [http-nio-8080-exec-7] DEBUG c.z.t.m.SysRoleMapper.selectList - ==> Parameters: 3(Long)
2026-04-03 21:53:41.334 [http-nio-8080-exec-7] DEBUG c.z.t.m.SysRoleMapper.selectList - <==      Total: 1
2026-04-03 21:53:41.336 [http-nio-8080-exec-7] DEBUG c.z.t.m.SysUserMapper.selectById - ==>  Preparing: SELECT id,username,password,real_name,phone,email,student_no,class_name,counselor_id,avatar_url,status,deleted,create_time,update_time FROM sys_user WHERE id=? AND deleted=0
2026-04-03 21:53:41.336 [http-nio-8080-exec-7] DEBUG c.z.t.m.SysUserMapper.selectById - ==> Parameters: 5(Long)
2026-04-03 21:53:41.337 [http-nio-8080-exec-7] DEBUG c.z.t.m.SysUserMapper.selectById - <==      Total: 1
2026-04-03 21:53:41.340 [http-nio-8080-exec-7] DEBUG c.z.t.m.SysUserRoleMapper.selectList - ==>  Preparing: SELECT id,user_id,role_id,create_time,update_time FROM sys_user_role WHERE (user_id = ?)
2026-04-03 21:53:41.340 [http-nio-8080-exec-7] DEBUG c.z.t.m.SysUserRoleMapper.selectList - ==> Parameters: 5(Long)
2026-04-03 21:53:41.341 [http-nio-8080-exec-7] DEBUG c.z.t.m.SysUserRoleMapper.selectList - <==      Total: 1
2026-04-03 21:53:41.344 [http-nio-8080-exec-7] DEBUG c.z.t.m.SysRoleMapper.selectList - ==>  Preparing: SELECT id,role_code,role_name,remark,create_time,update_time FROM sys_role WHERE (id IN (?))
2026-04-03 21:53:41.344 [http-nio-8080-exec-7] DEBUG c.z.t.m.SysRoleMapper.selectList - ==> Parameters: 3(Long)
2026-04-03 21:53:41.346 [http-nio-8080-exec-7] DEBUG c.z.t.m.SysRoleMapper.selectList - <==      Total: 1
2026-04-03 21:53:41.347 [http-nio-8080-exec-7] DEBUG c.z.t.m.SysUserRoleMapper.selectList - ==>  Preparing: SELECT id,user_id,role_id,create_time,update_time FROM sys_user_role WHERE (user_id = ?)
2026-04-03 21:53:41.347 [http-nio-8080-exec-7] DEBUG c.z.t.m.SysUserRoleMapper.selectList - ==> Parameters: 5(Long)
2026-04-03 21:53:41.349 [http-nio-8080-exec-7] DEBUG c.z.t.m.SysUserRoleMapper.selectList - <==      Total: 1
2026-04-03 21:53:41.349 [http-nio-8080-exec-7] DEBUG c.z.t.m.SysRoleMapper.selectList - ==>  Preparing: SELECT id,role_code,role_name,remark,create_time,update_time FROM sys_role WHERE (id IN (?))
2026-04-03 21:53:41.349 [http-nio-8080-exec-7] DEBUG c.z.t.m.SysRoleMapper.selectList - ==> Parameters: 3(Long)
2026-04-03 21:53:41.350 [http-nio-8080-exec-7] DEBUG c.z.t.m.SysRoleMapper.selectList - <==      Total: 1
2026-04-03 21:58:26.642 [http-nio-8080-exec-8] DEBUG c.z.t.m.SysUserMapper.selectList - ==>  Preparing: SELECT id,username,password,real_name,phone,email,student_no,class_name,counselor_id,avatar_url,status,deleted,create_time,update_time FROM sys_user WHERE deleted=0 AND (username = ? AND deleted = ?)
2026-04-03 21:58:26.645 [http-nio-8080-exec-8] DEBUG c.z.t.m.SysUserMapper.selectList - ==> Parameters: student(String), 0(Integer)
2026-04-03 21:58:26.646 [http-nio-8080-exec-8] DEBUG c.z.t.m.SysUserMapper.selectList - <==      Total: 1
2026-04-03 21:58:26.648 [http-nio-8080-exec-8] DEBUG c.z.t.m.SysUserRoleMapper.selectList - ==>  Preparing: SELECT id,user_id,role_id,create_time,update_time FROM sys_user_role WHERE (user_id = ?)
2026-04-03 21:58:26.648 [http-nio-8080-exec-8] DEBUG c.z.t.m.SysUserRoleMapper.selectList - ==> Parameters: 5(Long)
2026-04-03 21:58:26.648 [http-nio-8080-exec-8] DEBUG c.z.t.m.SysUserRoleMapper.selectList - <==      Total: 1
2026-04-03 21:58:26.649 [http-nio-8080-exec-8] DEBUG c.z.t.m.SysRoleMapper.selectList - ==>  Preparing: SELECT id,role_code,role_name,remark,create_time,update_time FROM sys_role WHERE (id IN (?))
2026-04-03 21:58:26.649 [http-nio-8080-exec-8] DEBUG c.z.t.m.SysRoleMapper.selectList - ==> Parameters: 3(Long)
2026-04-03 21:58:26.651 [http-nio-8080-exec-8] DEBUG c.z.t.m.SysRoleMapper.selectList - <==      Total: 1
2026-04-03 21:58:26.653 [http-nio-8080-exec-8] DEBUG c.z.t.m.SysUserMapper.selectById - ==>  Preparing: SELECT id,username,password,real_name,phone,email,student_no,class_name,counselor_id,avatar_url,status,deleted,create_time,update_time FROM sys_user WHERE id=? AND deleted=0
2026-04-03 21:58:26.653 [http-nio-8080-exec-8] DEBUG c.z.t.m.SysUserMapper.selectById - ==> Parameters: 5(Long)
2026-04-03 21:58:26.653 [http-nio-8080-exec-8] DEBUG c.z.t.m.SysUserMapper.selectById - <==      Total: 1
2026-04-03 21:58:26.657 [http-nio-8080-exec-8] DEBUG c.z.t.m.SysUserRoleMapper.selectList - ==>  Preparing: SELECT id,user_id,role_id,create_time,update_time FROM sys_user_role WHERE (user_id = ?)
2026-04-03 21:58:26.657 [http-nio-8080-exec-8] DEBUG c.z.t.m.SysUserRoleMapper.selectList - ==> Parameters: 5(Long)
2026-04-03 21:58:26.658 [http-nio-8080-exec-8] DEBUG c.z.t.m.SysUserRoleMapper.selectList - <==      Total: 1
2026-04-03 21:58:26.660 [http-nio-8080-exec-8] DEBUG c.z.t.m.SysRoleMapper.selectList - ==>  Preparing: SELECT id,role_code,role_name,remark,create_time,update_time FROM sys_role WHERE (id IN (?))
2026-04-03 21:58:26.660 [http-nio-8080-exec-8] DEBUG c.z.t.m.SysRoleMapper.selectList - ==> Parameters: 3(Long)
2026-04-03 21:58:26.661 [http-nio-8080-exec-8] DEBUG c.z.t.m.SysRoleMapper.selectList - <==      Total: 1
2026-04-03 21:58:26.665 [http-nio-8080-exec-8] DEBUG c.z.t.m.SysUserRoleMapper.selectList - ==>  Preparing: SELECT id,user_id,role_id,create_time,update_time FROM sys_user_role WHERE (user_id = ?)
2026-04-03 21:58:26.667 [http-nio-8080-exec-8] DEBUG c.z.t.m.SysUserRoleMapper.selectList - ==> Parameters: 5(Long)
2026-04-03 21:58:26.667 [http-nio-8080-exec-8] DEBUG c.z.t.m.SysUserRoleMapper.selectList - <==      Total: 1
2026-04-03 21:58:26.668 [http-nio-8080-exec-8] DEBUG c.z.t.m.SysRoleMapper.selectList - ==>  Preparing: SELECT id,role_code,role_name,remark,create_time,update_time FROM sys_role WHERE (id IN (?))
2026-04-03 21:58:26.668 [http-nio-8080-exec-8] DEBUG c.z.t.m.SysRoleMapper.selectList - ==> Parameters: 3(Long)
2026-04-03 21:58:26.671 [http-nio-8080-exec-8] DEBUG c.z.t.m.SysRoleMapper.selectList - <==      Total: 1
2026-04-03 21:58:28.572 [http-nio-8080-exec-10] DEBUG c.z.t.m.SysUserMapper.selectList - ==>  Preparing: SELECT id,username,password,real_name,phone,email,student_no,class_name,counselor_id,avatar_url,status,deleted,create_time,update_time FROM sys_user WHERE deleted=0 AND (username = ? AND deleted = ?)
2026-04-03 21:58:28.573 [http-nio-8080-exec-10] DEBUG c.z.t.m.SysUserMapper.selectList - ==> Parameters: student(String), 0(Integer)
2026-04-03 21:58:28.574 [http-nio-8080-exec-10] DEBUG c.z.t.m.SysUserMapper.selectList - <==      Total: 1
2026-04-03 21:58:28.574 [http-nio-8080-exec-10] DEBUG c.z.t.m.SysUserRoleMapper.selectList - ==>  Preparing: SELECT id,user_id,role_id,create_time,update_time FROM sys_user_role WHERE (user_id = ?)
2026-04-03 21:58:28.574 [http-nio-8080-exec-10] DEBUG c.z.t.m.SysUserRoleMapper.selectList - ==> Parameters: 5(Long)
2026-04-03 21:58:28.576 [http-nio-8080-exec-10] DEBUG c.z.t.m.SysUserRoleMapper.selectList - <==      Total: 1
2026-04-03 21:58:28.577 [http-nio-8080-exec-10] DEBUG c.z.t.m.SysRoleMapper.selectList - ==>  Preparing: SELECT id,role_code,role_name,remark,create_time,update_time FROM sys_role WHERE (id IN (?))
2026-04-03 21:58:28.577 [http-nio-8080-exec-10] DEBUG c.z.t.m.SysRoleMapper.selectList - ==> Parameters: 3(Long)
2026-04-03 21:58:28.579 [http-nio-8080-exec-10] DEBUG c.z.t.m.SysRoleMapper.selectList - <==      Total: 1
2026-04-03 21:58:28.579 [http-nio-8080-exec-10] DEBUG c.z.t.m.SysUserMapper.selectById - ==>  Preparing: SELECT id,username,password,real_name,phone,email,student_no,class_name,counselor_id,avatar_url,status,deleted,create_time,update_time FROM sys_user WHERE id=? AND deleted=0
2026-04-03 21:58:28.580 [http-nio-8080-exec-10] DEBUG c.z.t.m.SysUserMapper.selectById - ==> Parameters: 5(Long)
2026-04-03 21:58:28.582 [http-nio-8080-exec-10] DEBUG c.z.t.m.SysUserMapper.selectById - <==      Total: 1
2026-04-03 21:58:28.583 [http-nio-8080-exec-10] DEBUG c.z.t.m.SysUserRoleMapper.selectList - ==>  Preparing: SELECT id,user_id,role_id,create_time,update_time FROM sys_user_role WHERE (user_id = ?)
2026-04-03 21:58:28.584 [http-nio-8080-exec-10] DEBUG c.z.t.m.SysUserRoleMapper.selectList - ==> Parameters: 5(Long)
2026-04-03 21:58:28.584 [http-nio-8080-exec-10] DEBUG c.z.t.m.SysUserRoleMapper.selectList - <==      Total: 1
2026-04-03 21:58:28.586 [http-nio-8080-exec-10] DEBUG c.z.t.m.SysRoleMapper.selectList - ==>  Preparing: SELECT id,role_code,role_name,remark,create_time,update_time FROM sys_role WHERE (id IN (?))
2026-04-03 21:58:28.586 [http-nio-8080-exec-10] DEBUG c.z.t.m.SysRoleMapper.selectList - ==> Parameters: 3(Long)
2026-04-03 21:58:28.587 [http-nio-8080-exec-10] DEBUG c.z.t.m.SysRoleMapper.selectList - <==      Total: 1
2026-04-03 21:58:28.588 [http-nio-8080-exec-10] DEBUG c.z.t.m.SysUserRoleMapper.selectList - ==>  Preparing: SELECT id,user_id,role_id,create_time,update_time FROM sys_user_role WHERE (user_id = ?)
2026-04-03 21:58:28.589 [http-nio-8080-exec-10] DEBUG c.z.t.m.SysUserRoleMapper.selectList - ==> Parameters: 5(Long)
2026-04-03 21:58:28.590 [http-nio-8080-exec-10] DEBUG c.z.t.m.SysUserRoleMapper.selectList - <==      Total: 1
2026-04-03 21:58:28.591 [http-nio-8080-exec-10] DEBUG c.z.t.m.SysRoleMapper.selectList - ==>  Preparing: SELECT id,role_code,role_name,remark,create_time,update_time FROM sys_role WHERE (id IN (?))
2026-04-03 21:58:28.591 [http-nio-8080-exec-10] DEBUG c.z.t.m.SysRoleMapper.selectList - ==> Parameters: 3(Long)
2026-04-03 21:58:28.592 [http-nio-8080-exec-10] DEBUG c.z.t.m.SysRoleMapper.selectList - <==      Total: 1
2026-04-03 21:58:38.812 [http-nio-8080-exec-9] DEBUG c.z.t.m.SysUserMapper.selectList - ==>  Preparing: SELECT id,username,password,real_name,phone,email,student_no,class_name,counselor_id,avatar_url,status,deleted,create_time,update_time FROM sys_user WHERE deleted=0 AND (username = ? AND deleted = ?)
2026-04-03 21:58:38.812 [http-nio-8080-exec-9] DEBUG c.z.t.m.SysUserMapper.selectList - ==> Parameters: student(String), 0(Integer)
2026-04-03 21:58:38.813 [http-nio-8080-exec-9] DEBUG c.z.t.m.SysUserMapper.selectList - <==      Total: 1
2026-04-03 21:58:38.813 [http-nio-8080-exec-9] DEBUG c.z.t.m.SysUserRoleMapper.selectList - ==>  Preparing: SELECT id,user_id,role_id,create_time,update_time FROM sys_user_role WHERE (user_id = ?)
2026-04-03 21:58:38.814 [http-nio-8080-exec-9] DEBUG c.z.t.m.SysUserRoleMapper.selectList - ==> Parameters: 5(Long)
2026-04-03 21:58:38.815 [http-nio-8080-exec-9] DEBUG c.z.t.m.SysUserRoleMapper.selectList - <==      Total: 1
2026-04-03 21:58:38.815 [http-nio-8080-exec-9] DEBUG c.z.t.m.SysRoleMapper.selectList - ==>  Preparing: SELECT id,role_code,role_name,remark,create_time,update_time FROM sys_role WHERE (id IN (?))
2026-04-03 21:58:38.816 [http-nio-8080-exec-9] DEBUG c.z.t.m.SysRoleMapper.selectList - ==> Parameters: 3(Long)
2026-04-03 21:58:38.816 [http-nio-8080-exec-9] DEBUG c.z.t.m.SysRoleMapper.selectList - <==      Total: 1
2026-04-03 21:58:38.879 [http-nio-8080-exec-1] DEBUG c.z.t.m.SysUserMapper.selectList - ==>  Preparing: SELECT id,username,password,real_name,phone,email,student_no,class_name,counselor_id,avatar_url,status,deleted,create_time,update_time FROM sys_user WHERE deleted=0 AND (username = ? AND deleted = ?)
2026-04-03 21:58:38.879 [http-nio-8080-exec-1] DEBUG c.z.t.m.SysUserMapper.selectList - ==> Parameters: student(String), 0(Integer)
2026-04-03 21:58:38.880 [http-nio-8080-exec-1] DEBUG c.z.t.m.SysUserMapper.selectList - <==      Total: 1
2026-04-03 21:58:38.880 [http-nio-8080-exec-1] DEBUG c.z.t.m.SysUserRoleMapper.selectList - ==>  Preparing: SELECT id,user_id,role_id,create_time,update_time FROM sys_user_role WHERE (user_id = ?)
2026-04-03 21:58:38.880 [http-nio-8080-exec-1] DEBUG c.z.t.m.SysUserRoleMapper.selectList - ==> Parameters: 5(Long)
2026-04-03 21:58:38.882 [http-nio-8080-exec-1] DEBUG c.z.t.m.SysUserRoleMapper.selectList - <==      Total: 1
2026-04-03 21:58:38.882 [http-nio-8080-exec-1] DEBUG c.z.t.m.SysRoleMapper.selectList - ==>  Preparing: SELECT id,role_code,role_name,remark,create_time,update_time FROM sys_role WHERE (id IN (?))
2026-04-03 21:58:38.882 [http-nio-8080-exec-1] DEBUG c.z.t.m.SysRoleMapper.selectList - ==> Parameters: 3(Long)
2026-04-03 21:58:38.882 [http-nio-8080-exec-1] DEBUG c.z.t.m.SysRoleMapper.selectList - <==      Total: 1
2026-04-03 21:58:38.884 [http-nio-8080-exec-1] DEBUG c.z.t.m.SysUserMapper.selectById - ==>  Preparing: SELECT id,username,password,real_name,phone,email,student_no,class_name,counselor_id,avatar_url,status,deleted,create_time,update_time FROM sys_user WHERE id=? AND deleted=0
2026-04-03 21:58:38.884 [http-nio-8080-exec-1] DEBUG c.z.t.m.SysUserMapper.selectById - ==> Parameters: 5(Long)
2026-04-03 21:58:38.884 [http-nio-8080-exec-1] DEBUG c.z.t.m.SysUserMapper.selectById - <==      Total: 1
2026-04-03 21:58:38.884 [http-nio-8080-exec-1] DEBUG c.z.t.m.SysUserRoleMapper.selectList - ==>  Preparing: SELECT id,user_id,role_id,create_time,update_time FROM sys_user_role WHERE (user_id = ?)
2026-04-03 21:58:38.884 [http-nio-8080-exec-1] DEBUG c.z.t.m.SysUserRoleMapper.selectList - ==> Parameters: 5(Long)
2026-04-03 21:58:38.885 [http-nio-8080-exec-1] DEBUG c.z.t.m.SysUserRoleMapper.selectList - <==      Total: 1
2026-04-03 21:58:38.887 [http-nio-8080-exec-1] DEBUG c.z.t.m.SysRoleMapper.selectList - ==>  Preparing: SELECT id,role_code,role_name,remark,create_time,update_time FROM sys_role WHERE (id IN (?))
2026-04-03 21:58:38.887 [http-nio-8080-exec-1] DEBUG c.z.t.m.SysRoleMapper.selectList - ==> Parameters: 3(Long)
2026-04-03 21:58:38.889 [http-nio-8080-exec-1] DEBUG c.z.t.m.SysRoleMapper.selectList - <==      Total: 1
2026-04-03 21:58:38.892 [http-nio-8080-exec-1] DEBUG c.z.t.m.SysUserRoleMapper.selectList - ==>  Preparing: SELECT id,user_id,role_id,create_time,update_time FROM sys_user_role WHERE (user_id = ?)
2026-04-03 21:58:38.896 [http-nio-8080-exec-1] DEBUG c.z.t.m.SysUserRoleMapper.selectList - ==> Parameters: 5(Long)
2026-04-03 21:58:38.896 [http-nio-8080-exec-1] DEBUG c.z.t.m.SysUserRoleMapper.selectList - <==      Total: 1
2026-04-03 21:58:38.897 [http-nio-8080-exec-1] DEBUG c.z.t.m.SysRoleMapper.selectList - ==>  Preparing: SELECT id,role_code,role_name,remark,create_time,update_time FROM sys_role WHERE (id IN (?))
2026-04-03 21:58:38.897 [http-nio-8080-exec-1] DEBUG c.z.t.m.SysRoleMapper.selectList - ==> Parameters: 3(Long)
2026-04-03 21:58:38.899 [http-nio-8080-exec-1] DEBUG c.z.t.m.SysRoleMapper.selectList - <==      Total: 1
2026-04-03 22:02:27.818 [http-nio-8080-exec-2] DEBUG c.z.t.m.SysUserMapper.selectList - ==>  Preparing: SELECT id,username,password,real_name,phone,email,student_no,class_name,counselor_id,avatar_url,status,deleted,create_time,update_time FROM sys_user WHERE deleted=0 AND (username = ? AND deleted = ?)
2026-04-03 22:02:27.818 [http-nio-8080-exec-2] DEBUG c.z.t.m.SysUserMapper.selectList - ==> Parameters: student(String), 0(Integer)
2026-04-03 22:02:27.820 [http-nio-8080-exec-2] DEBUG c.z.t.m.SysUserMapper.selectList - <==      Total: 1
2026-04-03 22:02:27.821 [http-nio-8080-exec-2] DEBUG c.z.t.m.SysUserRoleMapper.selectList - ==>  Preparing: SELECT id,user_id,role_id,create_time,update_time FROM sys_user_role WHERE (user_id = ?)
2026-04-03 22:02:27.821 [http-nio-8080-exec-2] DEBUG c.z.t.m.SysUserRoleMapper.selectList - ==> Parameters: 5(Long)
2026-04-03 22:02:27.821 [http-nio-8080-exec-2] DEBUG c.z.t.m.SysUserRoleMapper.selectList - <==      Total: 1
2026-04-03 22:02:27.821 [http-nio-8080-exec-2] DEBUG c.z.t.m.SysRoleMapper.selectList - ==>  Preparing: SELECT id,role_code,role_name,remark,create_time,update_time FROM sys_role WHERE (id IN (?))
2026-04-03 22:02:27.821 [http-nio-8080-exec-2] DEBUG c.z.t.m.SysRoleMapper.selectList - ==> Parameters: 3(Long)
2026-04-03 22:02:27.823 [http-nio-8080-exec-2] DEBUG c.z.t.m.SysRoleMapper.selectList - <==      Total: 1
2026-04-03 22:02:28.083 [http-nio-8080-exec-3] DEBUG c.z.t.m.SysUserMapper.selectList - ==>  Preparing: SELECT id,username,password,real_name,phone,email,student_no,class_name,counselor_id,avatar_url,status,deleted,create_time,update_time FROM sys_user WHERE deleted=0 AND (username = ? AND deleted = ?)
2026-04-03 22:02:28.083 [http-nio-8080-exec-3] DEBUG c.z.t.m.SysUserMapper.selectList - ==> Parameters: student(String), 0(Integer)
2026-04-03 22:02:28.085 [http-nio-8080-exec-3] DEBUG c.z.t.m.SysUserMapper.selectList - <==      Total: 1
2026-04-03 22:02:28.085 [http-nio-8080-exec-3] DEBUG c.z.t.m.SysUserRoleMapper.selectList - ==>  Preparing: SELECT id,user_id,role_id,create_time,update_time FROM sys_user_role WHERE (user_id = ?)
2026-04-03 22:02:28.085 [http-nio-8080-exec-3] DEBUG c.z.t.m.SysUserRoleMapper.selectList - ==> Parameters: 5(Long)
2026-04-03 22:02:28.087 [http-nio-8080-exec-3] DEBUG c.z.t.m.SysUserRoleMapper.selectList - <==      Total: 1
2026-04-03 22:02:28.088 [http-nio-8080-exec-3] DEBUG c.z.t.m.SysRoleMapper.selectList - ==>  Preparing: SELECT id,role_code,role_name,remark,create_time,update_time FROM sys_role WHERE (id IN (?))
2026-04-03 22:02:28.093 [http-nio-8080-exec-3] DEBUG c.z.t.m.SysRoleMapper.selectList - ==> Parameters: 3(Long)
2026-04-03 22:02:28.094 [http-nio-8080-exec-3] DEBUG c.z.t.m.SysRoleMapper.selectList - <==      Total: 1
2026-04-03 22:02:28.094 [http-nio-8080-exec-3] DEBUG c.z.t.m.SysUserMapper.selectById - ==>  Preparing: SELECT id,username,password,real_name,phone,email,student_no,class_name,counselor_id,avatar_url,status,deleted,create_time,update_time FROM sys_user WHERE id=? AND deleted=0
2026-04-03 22:02:28.094 [http-nio-8080-exec-3] DEBUG c.z.t.m.SysUserMapper.selectById - ==> Parameters: 5(Long)
2026-04-03 22:02:28.095 [http-nio-8080-exec-3] DEBUG c.z.t.m.SysUserMapper.selectById - <==      Total: 1
2026-04-03 22:02:28.096 [http-nio-8080-exec-3] DEBUG c.z.t.m.SysUserRoleMapper.selectList - ==>  Preparing: SELECT id,user_id,role_id,create_time,update_time FROM sys_user_role WHERE (user_id = ?)
2026-04-03 22:02:28.096 [http-nio-8080-exec-3] DEBUG c.z.t.m.SysUserRoleMapper.selectList - ==> Parameters: 5(Long)
2026-04-03 22:02:28.096 [http-nio-8080-exec-3] DEBUG c.z.t.m.SysUserRoleMapper.selectList - <==      Total: 1
2026-04-03 22:02:28.097 [http-nio-8080-exec-3] DEBUG c.z.t.m.SysRoleMapper.selectList - ==>  Preparing: SELECT id,role_code,role_name,remark,create_time,update_time FROM sys_role WHERE (id IN (?))
2026-04-03 22:02:28.097 [http-nio-8080-exec-3] DEBUG c.z.t.m.SysRoleMapper.selectList - ==> Parameters: 3(Long)
2026-04-03 22:02:28.098 [http-nio-8080-exec-3] DEBUG c.z.t.m.SysRoleMapper.selectList - <==      Total: 1
2026-04-03 22:02:28.099 [http-nio-8080-exec-3] DEBUG c.z.t.m.SysUserRoleMapper.selectList - ==>  Preparing: SELECT id,user_id,role_id,create_time,update_time FROM sys_user_role WHERE (user_id = ?)
2026-04-03 22:02:28.105 [http-nio-8080-exec-3] DEBUG c.z.t.m.SysUserRoleMapper.selectList - ==> Parameters: 5(Long)
2026-04-03 22:02:28.106 [http-nio-8080-exec-3] DEBUG c.z.t.m.SysUserRoleMapper.selectList - <==      Total: 1
2026-04-03 22:02:28.107 [http-nio-8080-exec-3] DEBUG c.z.t.m.SysRoleMapper.selectList - ==>  Preparing: SELECT id,role_code,role_name,remark,create_time,update_time FROM sys_role WHERE (id IN (?))
2026-04-03 22:02:28.107 [http-nio-8080-exec-3] DEBUG c.z.t.m.SysRoleMapper.selectList - ==> Parameters: 3(Long)
2026-04-03 22:02:28.108 [http-nio-8080-exec-3] DEBUG c.z.t.m.SysRoleMapper.selectList - <==      Total: 1
2026-04-03 22:02:48.233 [http-nio-8080-exec-4] DEBUG c.z.t.m.SysUserMapper.selectList - ==>  Preparing: SELECT id,username,password,real_name,phone,email,student_no,class_name,counselor_id,avatar_url,status,deleted,create_time,update_time FROM sys_user WHERE deleted=0 AND (username = ? AND deleted = ?)
2026-04-03 22:02:48.233 [http-nio-8080-exec-4] DEBUG c.z.t.m.SysUserMapper.selectList - ==> Parameters: student(String), 0(Integer)
2026-04-03 22:02:48.234 [http-nio-8080-exec-4] DEBUG c.z.t.m.SysUserMapper.selectList - <==      Total: 1
2026-04-03 22:02:48.235 [http-nio-8080-exec-4] DEBUG c.z.t.m.SysUserRoleMapper.selectList - ==>  Preparing: SELECT id,user_id,role_id,create_time,update_time FROM sys_user_role WHERE (user_id = ?)
2026-04-03 22:02:48.235 [http-nio-8080-exec-4] DEBUG c.z.t.m.SysUserRoleMapper.selectList - ==> Parameters: 5(Long)
2026-04-03 22:02:48.236 [http-nio-8080-exec-4] DEBUG c.z.t.m.SysUserRoleMapper.selectList - <==      Total: 1
2026-04-03 22:02:48.236 [http-nio-8080-exec-4] DEBUG c.z.t.m.SysRoleMapper.selectList - ==>  Preparing: SELECT id,role_code,role_name,remark,create_time,update_time FROM sys_role WHERE (id IN (?))
2026-04-03 22:02:48.236 [http-nio-8080-exec-4] DEBUG c.z.t.m.SysRoleMapper.selectList - ==> Parameters: 3(Long)
2026-04-03 22:02:48.237 [http-nio-8080-exec-4] DEBUG c.z.t.m.SysRoleMapper.selectList - <==      Total: 1
2026-04-03 22:02:48.619 [http-nio-8080-exec-5] DEBUG c.z.t.m.SysUserMapper.selectList - ==>  Preparing: SELECT id,username,password,real_name,phone,email,student_no,class_name,counselor_id,avatar_url,status,deleted,create_time,update_time FROM sys_user WHERE deleted=0 AND (username = ? AND deleted = ?)
2026-04-03 22:02:48.621 [http-nio-8080-exec-5] DEBUG c.z.t.m.SysUserMapper.selectList - ==> Parameters: student(String), 0(Integer)
2026-04-03 22:02:48.621 [http-nio-8080-exec-5] DEBUG c.z.t.m.SysUserMapper.selectList - <==      Total: 1
2026-04-03 22:02:48.622 [http-nio-8080-exec-5] DEBUG c.z.t.m.SysUserRoleMapper.selectList - ==>  Preparing: SELECT id,user_id,role_id,create_time,update_time FROM sys_user_role WHERE (user_id = ?)
2026-04-03 22:02:48.622 [http-nio-8080-exec-5] DEBUG c.z.t.m.SysUserRoleMapper.selectList - ==> Parameters: 5(Long)
2026-04-03 22:02:48.623 [http-nio-8080-exec-5] DEBUG c.z.t.m.SysUserRoleMapper.selectList - <==      Total: 1
2026-04-03 22:02:48.624 [http-nio-8080-exec-5] DEBUG c.z.t.m.SysRoleMapper.selectList - ==>  Preparing: SELECT id,role_code,role_name,remark,create_time,update_time FROM sys_role WHERE (id IN (?))
2026-04-03 22:02:48.625 [http-nio-8080-exec-5] DEBUG c.z.t.m.SysRoleMapper.selectList - ==> Parameters: 3(Long)
2026-04-03 22:02:48.625 [http-nio-8080-exec-5] DEBUG c.z.t.m.SysRoleMapper.selectList - <==      Total: 1
2026-04-03 22:02:48.626 [http-nio-8080-exec-5] DEBUG c.z.t.m.SysUserMapper.selectById - ==>  Preparing: SELECT id,username,password,real_name,phone,email,student_no,class_name,counselor_id,avatar_url,status,deleted,create_time,update_time FROM sys_user WHERE id=? AND deleted=0
2026-04-03 22:02:48.626 [http-nio-8080-exec-5] DEBUG c.z.t.m.SysUserMapper.selectById - ==> Parameters: 5(Long)
2026-04-03 22:02:48.626 [http-nio-8080-exec-5] DEBUG c.z.t.m.SysUserMapper.selectById - <==      Total: 1
2026-04-03 22:02:48.628 [http-nio-8080-exec-5] DEBUG c.z.t.m.SysUserRoleMapper.selectList - ==>  Preparing: SELECT id,user_id,role_id,create_time,update_time FROM sys_user_role WHERE (user_id = ?)
2026-04-03 22:02:48.628 [http-nio-8080-exec-5] DEBUG c.z.t.m.SysUserRoleMapper.selectList - ==> Parameters: 5(Long)
2026-04-03 22:02:48.629 [http-nio-8080-exec-5] DEBUG c.z.t.m.SysUserRoleMapper.selectList - <==      Total: 1
2026-04-03 22:02:48.629 [http-nio-8080-exec-5] DEBUG c.z.t.m.SysRoleMapper.selectList - ==>  Preparing: SELECT id,role_code,role_name,remark,create_time,update_time FROM sys_role WHERE (id IN (?))
2026-04-03 22:02:48.629 [http-nio-8080-exec-5] DEBUG c.z.t.m.SysRoleMapper.selectList - ==> Parameters: 3(Long)
2026-04-03 22:02:48.631 [http-nio-8080-exec-5] DEBUG c.z.t.m.SysRoleMapper.selectList - <==      Total: 1
2026-04-03 22:02:48.631 [http-nio-8080-exec-5] DEBUG c.z.t.m.SysUserRoleMapper.selectList - ==>  Preparing: SELECT id,user_id,role_id,create_time,update_time FROM sys_user_role WHERE (user_id = ?)
2026-04-03 22:02:48.633 [http-nio-8080-exec-5] DEBUG c.z.t.m.SysUserRoleMapper.selectList - ==> Parameters: 5(Long)
2026-04-03 22:02:48.634 [http-nio-8080-exec-5] DEBUG c.z.t.m.SysUserRoleMapper.selectList - <==      Total: 1
2026-04-03 22:02:48.635 [http-nio-8080-exec-5] DEBUG c.z.t.m.SysRoleMapper.selectList - ==>  Preparing: SELECT id,role_code,role_name,remark,create_time,update_time FROM sys_role WHERE (id IN (?))
2026-04-03 22:02:48.635 [http-nio-8080-exec-5] DEBUG c.z.t.m.SysRoleMapper.selectList - ==> Parameters: 3(Long)
2026-04-03 22:02:48.636 [http-nio-8080-exec-5] DEBUG c.z.t.m.SysRoleMapper.selectList - <==      Total: 1
2026-04-03 22:07:38.326 [http-nio-8080-exec-6] DEBUG c.z.t.m.SysUserMapper.selectList - ==>  Preparing: SELECT id,username,password,real_name,phone,email,student_no,class_name,counselor_id,avatar_url,status,deleted,create_time,update_time FROM sys_user WHERE deleted=0 AND (username = ? AND deleted = ?)
2026-04-03 22:07:38.327 [http-nio-8080-exec-6] DEBUG c.z.t.m.SysUserMapper.selectList - ==> Parameters: student(String), 0(Integer)
2026-04-03 22:07:38.327 [http-nio-8080-exec-6] DEBUG c.z.t.m.SysUserMapper.selectList - <==      Total: 1
2026-04-03 22:07:38.328 [http-nio-8080-exec-6] DEBUG c.z.t.m.SysUserRoleMapper.selectList - ==>  Preparing: SELECT id,user_id,role_id,create_time,update_time FROM sys_user_role WHERE (user_id = ?)
2026-04-03 22:07:38.329 [http-nio-8080-exec-6] DEBUG c.z.t.m.SysUserRoleMapper.selectList - ==> Parameters: 5(Long)
2026-04-03 22:07:38.329 [http-nio-8080-exec-6] DEBUG c.z.t.m.SysUserRoleMapper.selectList - <==      Total: 1
2026-04-03 22:07:38.330 [http-nio-8080-exec-6] DEBUG c.z.t.m.SysRoleMapper.selectList - ==>  Preparing: SELECT id,role_code,role_name,remark,create_time,update_time FROM sys_role WHERE (id IN (?))
2026-04-03 22:07:38.330 [http-nio-8080-exec-6] DEBUG c.z.t.m.SysRoleMapper.selectList - ==> Parameters: 3(Long)
2026-04-03 22:07:38.330 [http-nio-8080-exec-6] DEBUG c.z.t.m.SysRoleMapper.selectList - <==      Total: 1
2026-04-03 22:07:38.697 [http-nio-8080-exec-7] DEBUG c.z.t.m.SysUserMapper.selectList - ==>  Preparing: SELECT id,username,password,real_name,phone,email,student_no,class_name,counselor_id,avatar_url,status,deleted,create_time,update_time FROM sys_user WHERE deleted=0 AND (username = ? AND deleted = ?)
2026-04-03 22:07:38.702 [http-nio-8080-exec-7] DEBUG c.z.t.m.SysUserMapper.selectList - ==> Parameters: student(String), 0(Integer)
2026-04-03 22:07:38.703 [http-nio-8080-exec-7] DEBUG c.z.t.m.SysUserMapper.selectList - <==      Total: 1
2026-04-03 22:07:38.711 [http-nio-8080-exec-7] DEBUG c.z.t.m.SysUserRoleMapper.selectList - ==>  Preparing: SELECT id,user_id,role_id,create_time,update_time FROM sys_user_role WHERE (user_id = ?)
2026-04-03 22:07:38.712 [http-nio-8080-exec-7] DEBUG c.z.t.m.SysUserRoleMapper.selectList - ==> Parameters: 5(Long)
2026-04-03 22:07:38.712 [http-nio-8080-exec-7] DEBUG c.z.t.m.SysUserRoleMapper.selectList - <==      Total: 1
2026-04-03 22:07:38.715 [http-nio-8080-exec-7] DEBUG c.z.t.m.SysRoleMapper.selectList - ==>  Preparing: SELECT id,role_code,role_name,remark,create_time,update_time FROM sys_role WHERE (id IN (?))
2026-04-03 22:07:38.717 [http-nio-8080-exec-7] DEBUG c.z.t.m.SysRoleMapper.selectList - ==> Parameters: 3(Long)
2026-04-03 22:07:38.718 [http-nio-8080-exec-7] DEBUG c.z.t.m.SysRoleMapper.selectList - <==      Total: 1
2026-04-03 22:07:38.719 [http-nio-8080-exec-7] DEBUG c.z.t.m.SysUserMapper.selectById - ==>  Preparing: SELECT id,username,password,real_name,phone,email,student_no,class_name,counselor_id,avatar_url,status,deleted,create_time,update_time FROM sys_user WHERE id=? AND deleted=0
2026-04-03 22:07:38.719 [http-nio-8080-exec-7] DEBUG c.z.t.m.SysUserMapper.selectById - ==> Parameters: 5(Long)
2026-04-03 22:07:38.721 [http-nio-8080-exec-7] DEBUG c.z.t.m.SysUserMapper.selectById - <==      Total: 1
2026-04-03 22:07:38.723 [http-nio-8080-exec-7] DEBUG c.z.t.m.SysUserRoleMapper.selectList - ==>  Preparing: SELECT id,user_id,role_id,create_time,update_time FROM sys_user_role WHERE (user_id = ?)
2026-04-03 22:07:38.725 [http-nio-8080-exec-7] DEBUG c.z.t.m.SysUserRoleMapper.selectList - ==> Parameters: 5(Long)
2026-04-03 22:07:38.726 [http-nio-8080-exec-7] DEBUG c.z.t.m.SysUserRoleMapper.selectList - <==      Total: 1
2026-04-03 22:07:38.726 [http-nio-8080-exec-7] DEBUG c.z.t.m.SysRoleMapper.selectList - ==>  Preparing: SELECT id,role_code,role_name,remark,create_time,update_time FROM sys_role WHERE (id IN (?))
2026-04-03 22:07:38.726 [http-nio-8080-exec-7] DEBUG c.z.t.m.SysRoleMapper.selectList - ==> Parameters: 3(Long)
2026-04-03 22:07:38.728 [http-nio-8080-exec-7] DEBUG c.z.t.m.SysRoleMapper.selectList - <==      Total: 1
2026-04-03 22:07:38.729 [http-nio-8080-exec-7] DEBUG c.z.t.m.SysUserRoleMapper.selectList - ==>  Preparing: SELECT id,user_id,role_id,create_time,update_time FROM sys_user_role WHERE (user_id = ?)
2026-04-03 22:07:38.729 [http-nio-8080-exec-7] DEBUG c.z.t.m.SysUserRoleMapper.selectList - ==> Parameters: 5(Long)
2026-04-03 22:07:38.734 [http-nio-8080-exec-7] DEBUG c.z.t.m.SysUserRoleMapper.selectList - <==      Total: 1
2026-04-03 22:07:38.734 [http-nio-8080-exec-7] DEBUG c.z.t.m.SysRoleMapper.selectList - ==>  Preparing: SELECT id,role_code,role_name,remark,create_time,update_time FROM sys_role WHERE (id IN (?))
2026-04-03 22:07:38.735 [http-nio-8080-exec-7] DEBUG c.z.t.m.SysRoleMapper.selectList - ==> Parameters: 3(Long)
2026-04-03 22:07:38.738 [http-nio-8080-exec-7] DEBUG c.z.t.m.SysRoleMapper.selectList - <==      Total: 1
2026-04-03 22:09:40.763 [http-nio-8080-exec-8] DEBUG c.z.t.m.SysUserMapper.selectList - ==>  Preparing: SELECT id,username,password,real_name,phone,email,student_no,class_name,counselor_id,avatar_url,status,deleted,create_time,update_time FROM sys_user WHERE deleted=0 AND (username = ? AND deleted = ?)
2026-04-03 22:09:40.764 [http-nio-8080-exec-8] DEBUG c.z.t.m.SysUserMapper.selectList - ==> Parameters: student(String), 0(Integer)
2026-04-03 22:09:40.765 [http-nio-8080-exec-8] DEBUG c.z.t.m.SysUserMapper.selectList - <==      Total: 1
2026-04-03 22:09:40.766 [http-nio-8080-exec-8] DEBUG c.z.t.m.SysUserRoleMapper.selectList - ==>  Preparing: SELECT id,user_id,role_id,create_time,update_time FROM sys_user_role WHERE (user_id = ?)
2026-04-03 22:09:40.766 [http-nio-8080-exec-8] DEBUG c.z.t.m.SysUserRoleMapper.selectList - ==> Parameters: 5(Long)
2026-04-03 22:09:40.766 [http-nio-8080-exec-8] DEBUG c.z.t.m.SysUserRoleMapper.selectList - <==      Total: 1
2026-04-03 22:09:40.768 [http-nio-8080-exec-8] DEBUG c.z.t.m.SysRoleMapper.selectList - ==>  Preparing: SELECT id,role_code,role_name,remark,create_time,update_time FROM sys_role WHERE (id IN (?))
2026-04-03 22:09:40.768 [http-nio-8080-exec-8] DEBUG c.z.t.m.SysRoleMapper.selectList - ==> Parameters: 3(Long)
2026-04-03 22:09:40.769 [http-nio-8080-exec-8] DEBUG c.z.t.m.SysRoleMapper.selectList - <==      Total: 1
2026-04-03 22:09:41.022 [http-nio-8080-exec-10] DEBUG c.z.t.m.SysUserMapper.selectList - ==>  Preparing: SELECT id,username,password,real_name,phone,email,student_no,class_name,counselor_id,avatar_url,status,deleted,create_time,update_time FROM sys_user WHERE deleted=0 AND (username = ? AND deleted = ?)
2026-04-03 22:09:41.023 [http-nio-8080-exec-10] DEBUG c.z.t.m.SysUserMapper.selectList - ==> Parameters: student(String), 0(Integer)
2026-04-03 22:09:41.026 [http-nio-8080-exec-10] DEBUG c.z.t.m.SysUserMapper.selectList - <==      Total: 1
2026-04-03 22:09:41.037 [http-nio-8080-exec-10] DEBUG c.z.t.m.SysUserRoleMapper.selectList - ==>  Preparing: SELECT id,user_id,role_id,create_time,update_time FROM sys_user_role WHERE (user_id = ?)
2026-04-03 22:09:41.039 [http-nio-8080-exec-10] DEBUG c.z.t.m.SysUserRoleMapper.selectList - ==> Parameters: 5(Long)
2026-04-03 22:09:41.040 [http-nio-8080-exec-10] DEBUG c.z.t.m.SysUserRoleMapper.selectList - <==      Total: 1
2026-04-03 22:09:41.042 [http-nio-8080-exec-10] DEBUG c.z.t.m.SysRoleMapper.selectList - ==>  Preparing: SELECT id,role_code,role_name,remark,create_time,update_time FROM sys_role WHERE (id IN (?))
2026-04-03 22:09:41.043 [http-nio-8080-exec-10] DEBUG c.z.t.m.SysRoleMapper.selectList - ==> Parameters: 3(Long)
2026-04-03 22:09:41.043 [http-nio-8080-exec-10] DEBUG c.z.t.m.SysRoleMapper.selectList - <==      Total: 1
2026-04-03 22:09:41.049 [http-nio-8080-exec-10] DEBUG c.z.t.m.SysUserMapper.selectById - ==>  Preparing: SELECT id,username,password,real_name,phone,email,student_no,class_name,counselor_id,avatar_url,status,deleted,create_time,update_time FROM sys_user WHERE id=? AND deleted=0
2026-04-03 22:09:41.049 [http-nio-8080-exec-10] DEBUG c.z.t.m.SysUserMapper.selectById - ==> Parameters: 5(Long)
2026-04-03 22:09:41.052 [http-nio-8080-exec-10] DEBUG c.z.t.m.SysUserMapper.selectById - <==      Total: 1
2026-04-03 22:09:41.053 [http-nio-8080-exec-10] DEBUG c.z.t.m.SysUserRoleMapper.selectList - ==>  Preparing: SELECT id,user_id,role_id,create_time,update_time FROM sys_user_role WHERE (user_id = ?)
2026-04-03 22:09:41.053 [http-nio-8080-exec-10] DEBUG c.z.t.m.SysUserRoleMapper.selectList - ==> Parameters: 5(Long)
2026-04-03 22:09:41.054 [http-nio-8080-exec-10] DEBUG c.z.t.m.SysUserRoleMapper.selectList - <==      Total: 1
2026-04-03 22:09:41.054 [http-nio-8080-exec-10] DEBUG c.z.t.m.SysRoleMapper.selectList - ==>  Preparing: SELECT id,role_code,role_name,remark,create_time,update_time FROM sys_role WHERE (id IN (?))
2026-04-03 22:09:41.054 [http-nio-8080-exec-10] DEBUG c.z.t.m.SysRoleMapper.selectList - ==> Parameters: 3(Long)
2026-04-03 22:09:41.055 [http-nio-8080-exec-10] DEBUG c.z.t.m.SysRoleMapper.selectList - <==      Total: 1
2026-04-03 22:09:41.058 [http-nio-8080-exec-10] DEBUG c.z.t.m.SysUserRoleMapper.selectList - ==>  Preparing: SELECT id,user_id,role_id,create_time,update_time FROM sys_user_role WHERE (user_id = ?)
2026-04-03 22:09:41.058 [http-nio-8080-exec-10] DEBUG c.z.t.m.SysUserRoleMapper.selectList - ==> Parameters: 5(Long)
2026-04-03 22:09:41.059 [http-nio-8080-exec-10] DEBUG c.z.t.m.SysUserRoleMapper.selectList - <==      Total: 1
2026-04-03 22:09:41.059 [http-nio-8080-exec-10] DEBUG c.z.t.m.SysRoleMapper.selectList - ==>  Preparing: SELECT id,role_code,role_name,remark,create_time,update_time FROM sys_role WHERE (id IN (?))
2026-04-03 22:09:41.059 [http-nio-8080-exec-10] DEBUG c.z.t.m.SysRoleMapper.selectList - ==> Parameters: 3(Long)
2026-04-03 22:09:41.060 [http-nio-8080-exec-10] DEBUG c.z.t.m.SysRoleMapper.selectList - <==      Total: 1
2026-04-03 22:11:17.902 [http-nio-8080-exec-9] DEBUG c.z.t.m.SysUserMapper.selectList - ==>  Preparing: SELECT id,username,password,real_name,phone,email,student_no,class_name,counselor_id,avatar_url,status,deleted,create_time,update_time FROM sys_user WHERE deleted=0 AND (username = ? AND deleted = ?)
2026-04-03 22:11:17.903 [http-nio-8080-exec-9] DEBUG c.z.t.m.SysUserMapper.selectList - ==> Parameters: student(String), 0(Integer)
2026-04-03 22:11:17.904 [http-nio-8080-exec-9] DEBUG c.z.t.m.SysUserMapper.selectList - <==      Total: 1
2026-04-03 22:11:17.904 [http-nio-8080-exec-9] DEBUG c.z.t.m.SysUserRoleMapper.selectList - ==>  Preparing: SELECT id,user_id,role_id,create_time,update_time FROM sys_user_role WHERE (user_id = ?)
2026-04-03 22:11:17.904 [http-nio-8080-exec-9] DEBUG c.z.t.m.SysUserRoleMapper.selectList - ==> Parameters: 5(Long)
2026-04-03 22:11:17.905 [http-nio-8080-exec-9] DEBUG c.z.t.m.SysUserRoleMapper.selectList - <==      Total: 1
2026-04-03 22:11:17.907 [http-nio-8080-exec-9] DEBUG c.z.t.m.SysRoleMapper.selectList - ==>  Preparing: SELECT id,role_code,role_name,remark,create_time,update_time FROM sys_role WHERE (id IN (?))
2026-04-03 22:11:17.908 [http-nio-8080-exec-9] DEBUG c.z.t.m.SysRoleMapper.selectList - ==> Parameters: 3(Long)
2026-04-03 22:11:17.908 [http-nio-8080-exec-9] DEBUG c.z.t.m.SysRoleMapper.selectList - <==      Total: 1
2026-04-03 22:11:18.165 [http-nio-8080-exec-1] DEBUG c.z.t.m.SysUserMapper.selectList - ==>  Preparing: SELECT id,username,password,real_name,phone,email,student_no,class_name,counselor_id,avatar_url,status,deleted,create_time,update_time FROM sys_user WHERE deleted=0 AND (username = ? AND deleted = ?)
2026-04-03 22:11:18.165 [http-nio-8080-exec-1] DEBUG c.z.t.m.SysUserMapper.selectList - ==> Parameters: student(String), 0(Integer)
2026-04-03 22:11:18.166 [http-nio-8080-exec-1] DEBUG c.z.t.m.SysUserMapper.selectList - <==      Total: 1
2026-04-03 22:11:18.167 [http-nio-8080-exec-1] DEBUG c.z.t.m.SysUserRoleMapper.selectList - ==>  Preparing: SELECT id,user_id,role_id,create_time,update_time FROM sys_user_role WHERE (user_id = ?)
2026-04-03 22:11:18.167 [http-nio-8080-exec-1] DEBUG c.z.t.m.SysUserRoleMapper.selectList - ==> Parameters: 5(Long)
2026-04-03 22:11:18.168 [http-nio-8080-exec-1] DEBUG c.z.t.m.SysUserRoleMapper.selectList - <==      Total: 1
2026-04-03 22:11:18.168 [http-nio-8080-exec-1] DEBUG c.z.t.m.SysRoleMapper.selectList - ==>  Preparing: SELECT id,role_code,role_name,remark,create_time,update_time FROM sys_role WHERE (id IN (?))
2026-04-03 22:11:18.168 [http-nio-8080-exec-1] DEBUG c.z.t.m.SysRoleMapper.selectList - ==> Parameters: 3(Long)
2026-04-03 22:11:18.169 [http-nio-8080-exec-1] DEBUG c.z.t.m.SysRoleMapper.selectList - <==      Total: 1
2026-04-03 22:11:18.170 [http-nio-8080-exec-1] DEBUG c.z.t.m.SysUserMapper.selectById - ==>  Preparing: SELECT id,username,password,real_name,phone,email,student_no,class_name,counselor_id,avatar_url,status,deleted,create_time,update_time FROM sys_user WHERE id=? AND deleted=0
2026-04-03 22:11:18.170 [http-nio-8080-exec-1] DEBUG c.z.t.m.SysUserMapper.selectById - ==> Parameters: 5(Long)
2026-04-03 22:11:18.171 [http-nio-8080-exec-1] DEBUG c.z.t.m.SysUserMapper.selectById - <==      Total: 1
2026-04-03 22:11:18.171 [http-nio-8080-exec-1] DEBUG c.z.t.m.SysUserRoleMapper.selectList - ==>  Preparing: SELECT id,user_id,role_id,create_time,update_time FROM sys_user_role WHERE (user_id = ?)
2026-04-03 22:11:18.171 [http-nio-8080-exec-1] DEBUG c.z.t.m.SysUserRoleMapper.selectList - ==> Parameters: 5(Long)
2026-04-03 22:11:18.172 [http-nio-8080-exec-1] DEBUG c.z.t.m.SysUserRoleMapper.selectList - <==      Total: 1
2026-04-03 22:11:18.173 [http-nio-8080-exec-1] DEBUG c.z.t.m.SysRoleMapper.selectList - ==>  Preparing: SELECT id,role_code,role_name,remark,create_time,update_time FROM sys_role WHERE (id IN (?))
2026-04-03 22:11:18.173 [http-nio-8080-exec-1] DEBUG c.z.t.m.SysRoleMapper.selectList - ==> Parameters: 3(Long)
2026-04-03 22:11:18.173 [http-nio-8080-exec-1] DEBUG c.z.t.m.SysRoleMapper.selectList - <==      Total: 1
2026-04-03 22:11:18.174 [http-nio-8080-exec-1] DEBUG c.z.t.m.SysUserRoleMapper.selectList - ==>  Preparing: SELECT id,user_id,role_id,create_time,update_time FROM sys_user_role WHERE (user_id = ?)
2026-04-03 22:11:18.174 [http-nio-8080-exec-1] DEBUG c.z.t.m.SysUserRoleMapper.selectList - ==> Parameters: 5(Long)
2026-04-03 22:11:18.174 [http-nio-8080-exec-1] DEBUG c.z.t.m.SysUserRoleMapper.selectList - <==      Total: 1
2026-04-03 22:11:18.175 [http-nio-8080-exec-1] DEBUG c.z.t.m.SysRoleMapper.selectList - ==>  Preparing: SELECT id,role_code,role_name,remark,create_time,update_time FROM sys_role WHERE (id IN (?))
2026-04-03 22:11:18.176 [http-nio-8080-exec-1] DEBUG c.z.t.m.SysRoleMapper.selectList - ==> Parameters: 3(Long)
2026-04-03 22:11:18.176 [http-nio-8080-exec-1] DEBUG c.z.t.m.SysRoleMapper.selectList - <==      Total: 1
2026-04-03 22:12:19.535 [http-nio-8080-exec-2] DEBUG c.z.t.m.SysUserMapper.selectList - ==>  Preparing: SELECT id,username,password,real_name,phone,email,student_no,class_name,counselor_id,avatar_url,status,deleted,create_time,update_time FROM sys_user WHERE deleted=0 AND (username = ? AND deleted = ?)
2026-04-03 22:12:19.537 [http-nio-8080-exec-2] DEBUG c.z.t.m.SysUserMapper.selectList - ==> Parameters: student(String), 0(Integer)
2026-04-03 22:12:19.544 [http-nio-8080-exec-2] DEBUG c.z.t.m.SysUserMapper.selectList - <==      Total: 1
2026-04-03 22:12:19.545 [http-nio-8080-exec-2] DEBUG c.z.t.m.SysUserRoleMapper.selectList - ==>  Preparing: SELECT id,user_id,role_id,create_time,update_time FROM sys_user_role WHERE (user_id = ?)
2026-04-03 22:12:19.546 [http-nio-8080-exec-2] DEBUG c.z.t.m.SysUserRoleMapper.selectList - ==> Parameters: 5(Long)
2026-04-03 22:12:19.547 [http-nio-8080-exec-2] DEBUG c.z.t.m.SysUserRoleMapper.selectList - <==      Total: 1
2026-04-03 22:12:19.548 [http-nio-8080-exec-2] DEBUG c.z.t.m.SysRoleMapper.selectList - ==>  Preparing: SELECT id,role_code,role_name,remark,create_time,update_time FROM sys_role WHERE (id IN (?))
2026-04-03 22:12:19.550 [http-nio-8080-exec-2] DEBUG c.z.t.m.SysRoleMapper.selectList - ==> Parameters: 3(Long)
2026-04-03 22:12:19.552 [http-nio-8080-exec-2] DEBUG c.z.t.m.SysRoleMapper.selectList - <==      Total: 1
2026-04-03 22:12:22.703 [http-nio-8080-exec-3] DEBUG c.z.t.m.SysUserMapper.selectList - ==>  Preparing: SELECT id,username,password,real_name,phone,email,student_no,class_name,counselor_id,avatar_url,status,deleted,create_time,update_time FROM sys_user WHERE deleted=0 AND (username = ? AND deleted = ?)
2026-04-03 22:12:22.704 [http-nio-8080-exec-3] DEBUG c.z.t.m.SysUserMapper.selectList - ==> Parameters: student(String), 0(Integer)
2026-04-03 22:12:22.704 [http-nio-8080-exec-3] DEBUG c.z.t.m.SysUserMapper.selectList - <==      Total: 1
2026-04-03 22:12:22.705 [http-nio-8080-exec-3] DEBUG c.z.t.m.SysUserRoleMapper.selectList - ==>  Preparing: SELECT id,user_id,role_id,create_time,update_time FROM sys_user_role WHERE (user_id = ?)
2026-04-03 22:12:22.705 [http-nio-8080-exec-3] DEBUG c.z.t.m.SysUserRoleMapper.selectList - ==> Parameters: 5(Long)
2026-04-03 22:12:22.705 [http-nio-8080-exec-3] DEBUG c.z.t.m.SysUserRoleMapper.selectList - <==      Total: 1
2026-04-03 22:12:22.707 [http-nio-8080-exec-3] DEBUG c.z.t.m.SysRoleMapper.selectList - ==>  Preparing: SELECT id,role_code,role_name,remark,create_time,update_time FROM sys_role WHERE (id IN (?))
2026-04-03 22:12:22.707 [http-nio-8080-exec-3] DEBUG c.z.t.m.SysRoleMapper.selectList - ==> Parameters: 3(Long)
2026-04-03 22:12:22.707 [http-nio-8080-exec-3] DEBUG c.z.t.m.SysRoleMapper.selectList - <==      Total: 1
2026-04-03 22:12:23.087 [http-nio-8080-exec-4] DEBUG c.z.t.m.SysUserMapper.selectList - ==>  Preparing: SELECT id,username,password,real_name,phone,email,student_no,class_name,counselor_id,avatar_url,status,deleted,create_time,update_time FROM sys_user WHERE deleted=0 AND (username = ? AND deleted = ?)
2026-04-03 22:12:23.088 [http-nio-8080-exec-4] DEBUG c.z.t.m.SysUserMapper.selectList - ==> Parameters: student(String), 0(Integer)
2026-04-03 22:12:23.089 [http-nio-8080-exec-4] DEBUG c.z.t.m.SysUserMapper.selectList - <==      Total: 1
2026-04-03 22:12:23.089 [http-nio-8080-exec-4] DEBUG c.z.t.m.SysUserRoleMapper.selectList - ==>  Preparing: SELECT id,user_id,role_id,create_time,update_time FROM sys_user_role WHERE (user_id = ?)
2026-04-03 22:12:23.089 [http-nio-8080-exec-4] DEBUG c.z.t.m.SysUserRoleMapper.selectList - ==> Parameters: 5(Long)
2026-04-03 22:12:23.089 [http-nio-8080-exec-4] DEBUG c.z.t.m.SysUserRoleMapper.selectList - <==      Total: 1
2026-04-03 22:12:23.091 [http-nio-8080-exec-4] DEBUG c.z.t.m.SysRoleMapper.selectList - ==>  Preparing: SELECT id,role_code,role_name,remark,create_time,update_time FROM sys_role WHERE (id IN (?))
2026-04-03 22:12:23.091 [http-nio-8080-exec-4] DEBUG c.z.t.m.SysRoleMapper.selectList - ==> Parameters: 3(Long)
2026-04-03 22:12:23.091 [http-nio-8080-exec-4] DEBUG c.z.t.m.SysRoleMapper.selectList - <==      Total: 1
2026-04-03 22:12:23.091 [http-nio-8080-exec-4] DEBUG c.z.t.m.SysUserMapper.selectById - ==>  Preparing: SELECT id,username,password,real_name,phone,email,student_no,class_name,counselor_id,avatar_url,status,deleted,create_time,update_time FROM sys_user WHERE id=? AND deleted=0
2026-04-03 22:12:23.091 [http-nio-8080-exec-4] DEBUG c.z.t.m.SysUserMapper.selectById - ==> Parameters: 5(Long)
2026-04-03 22:12:23.092 [http-nio-8080-exec-4] DEBUG c.z.t.m.SysUserMapper.selectById - <==      Total: 1
2026-04-03 22:12:23.092 [http-nio-8080-exec-4] DEBUG c.z.t.m.SysUserRoleMapper.selectList - ==>  Preparing: SELECT id,user_id,role_id,create_time,update_time FROM sys_user_role WHERE (user_id = ?)
2026-04-03 22:12:23.092 [http-nio-8080-exec-4] DEBUG c.z.t.m.SysUserRoleMapper.selectList - ==> Parameters: 5(Long)
2026-04-03 22:12:23.092 [http-nio-8080-exec-4] DEBUG c.z.t.m.SysUserRoleMapper.selectList - <==      Total: 1
2026-04-03 22:12:23.092 [http-nio-8080-exec-4] DEBUG c.z.t.m.SysRoleMapper.selectList - ==>  Preparing: SELECT id,role_code,role_name,remark,create_time,update_time FROM sys_role WHERE (id IN (?))
2026-04-03 22:12:23.092 [http-nio-8080-exec-4] DEBUG c.z.t.m.SysRoleMapper.selectList - ==> Parameters: 3(Long)
2026-04-03 22:12:23.094 [http-nio-8080-exec-4] DEBUG c.z.t.m.SysRoleMapper.selectList - <==      Total: 1
2026-04-03 22:12:23.094 [http-nio-8080-exec-4] DEBUG c.z.t.m.SysUserRoleMapper.selectList - ==>  Preparing: SELECT id,user_id,role_id,create_time,update_time FROM sys_user_role WHERE (user_id = ?)
2026-04-03 22:12:23.095 [http-nio-8080-exec-4] DEBUG c.z.t.m.SysUserRoleMapper.selectList - ==> Parameters: 5(Long)
2026-04-03 22:12:23.095 [http-nio-8080-exec-4] DEBUG c.z.t.m.SysUserRoleMapper.selectList - <==      Total: 1
2026-04-03 22:12:23.095 [http-nio-8080-exec-4] DEBUG c.z.t.m.SysRoleMapper.selectList - ==>  Preparing: SELECT id,role_code,role_name,remark,create_time,update_time FROM sys_role WHERE (id IN (?))
2026-04-03 22:12:23.095 [http-nio-8080-exec-4] DEBUG c.z.t.m.SysRoleMapper.selectList - ==> Parameters: 3(Long)
2026-04-03 22:12:23.095 [http-nio-8080-exec-4] DEBUG c.z.t.m.SysRoleMapper.selectList - <==      Total: 1
2026-04-03 22:12:43.351 [http-nio-8080-exec-5] DEBUG c.z.t.m.SysUserMapper.selectList - ==>  Preparing: SELECT id,username,password,real_name,phone,email,student_no,class_name,counselor_id,avatar_url,status,deleted,create_time,update_time FROM sys_user WHERE deleted=0 AND (username = ? AND deleted = ?)
2026-04-03 22:12:43.351 [http-nio-8080-exec-5] DEBUG c.z.t.m.SysUserMapper.selectList - ==> Parameters: student(String), 0(Integer)
2026-04-03 22:12:43.352 [http-nio-8080-exec-5] DEBUG c.z.t.m.SysUserMapper.selectList - <==      Total: 1
2026-04-03 22:12:43.352 [http-nio-8080-exec-5] DEBUG c.z.t.m.SysUserRoleMapper.selectList - ==>  Preparing: SELECT id,user_id,role_id,create_time,update_time FROM sys_user_role WHERE (user_id = ?)
2026-04-03 22:12:43.352 [http-nio-8080-exec-5] DEBUG c.z.t.m.SysUserRoleMapper.selectList - ==> Parameters: 5(Long)
2026-04-03 22:12:43.354 [http-nio-8080-exec-5] DEBUG c.z.t.m.SysUserRoleMapper.selectList - <==      Total: 1
2026-04-03 22:12:43.356 [http-nio-8080-exec-5] DEBUG c.z.t.m.SysRoleMapper.selectList - ==>  Preparing: SELECT id,role_code,role_name,remark,create_time,update_time FROM sys_role WHERE (id IN (?))
2026-04-03 22:12:43.357 [http-nio-8080-exec-5] DEBUG c.z.t.m.SysRoleMapper.selectList - ==> Parameters: 3(Long)
2026-04-03 22:12:43.357 [http-nio-8080-exec-5] DEBUG c.z.t.m.SysRoleMapper.selectList - <==      Total: 1
2026-04-03 22:12:43.612 [http-nio-8080-exec-6] DEBUG c.z.t.m.SysUserMapper.selectList - ==>  Preparing: SELECT id,username,password,real_name,phone,email,student_no,class_name,counselor_id,avatar_url,status,deleted,create_time,update_time FROM sys_user WHERE deleted=0 AND (username = ? AND deleted = ?)
2026-04-03 22:12:43.614 [http-nio-8080-exec-6] DEBUG c.z.t.m.SysUserMapper.selectList - ==> Parameters: student(String), 0(Integer)
2026-04-03 22:12:43.614 [http-nio-8080-exec-6] DEBUG c.z.t.m.SysUserMapper.selectList - <==      Total: 1
2026-04-03 22:12:43.614 [http-nio-8080-exec-6] DEBUG c.z.t.m.SysUserRoleMapper.selectList - ==>  Preparing: SELECT id,user_id,role_id,create_time,update_time FROM sys_user_role WHERE (user_id = ?)
2026-04-03 22:12:43.615 [http-nio-8080-exec-6] DEBUG c.z.t.m.SysUserRoleMapper.selectList - ==> Parameters: 5(Long)
2026-04-03 22:12:43.615 [http-nio-8080-exec-6] DEBUG c.z.t.m.SysUserRoleMapper.selectList - <==      Total: 1
2026-04-03 22:12:43.617 [http-nio-8080-exec-6] DEBUG c.z.t.m.SysRoleMapper.selectList - ==>  Preparing: SELECT id,role_code,role_name,remark,create_time,update_time FROM sys_role WHERE (id IN (?))
2026-04-03 22:12:43.617 [http-nio-8080-exec-6] DEBUG c.z.t.m.SysRoleMapper.selectList - ==> Parameters: 3(Long)
2026-04-03 22:12:43.618 [http-nio-8080-exec-6] DEBUG c.z.t.m.SysRoleMapper.selectList - <==      Total: 1
2026-04-03 22:12:43.620 [http-nio-8080-exec-6] DEBUG c.z.t.m.SysUserMapper.selectById - ==>  Preparing: SELECT id,username,password,real_name,phone,email,student_no,class_name,counselor_id,avatar_url,status,deleted,create_time,update_time FROM sys_user WHERE id=? AND deleted=0
2026-04-03 22:12:43.620 [http-nio-8080-exec-6] DEBUG c.z.t.m.SysUserMapper.selectById - ==> Parameters: 5(Long)
2026-04-03 22:12:43.620 [http-nio-8080-exec-6] DEBUG c.z.t.m.SysUserMapper.selectById - <==      Total: 1
2026-04-03 22:12:43.623 [http-nio-8080-exec-6] DEBUG c.z.t.m.SysUserRoleMapper.selectList - ==>  Preparing: SELECT id,user_id,role_id,create_time,update_time FROM sys_user_role WHERE (user_id = ?)
2026-04-03 22:12:43.625 [http-nio-8080-exec-6] DEBUG c.z.t.m.SysUserRoleMapper.selectList - ==> Parameters: 5(Long)
2026-04-03 22:12:43.626 [http-nio-8080-exec-6] DEBUG c.z.t.m.SysUserRoleMapper.selectList - <==      Total: 1
2026-04-03 22:12:43.630 [http-nio-8080-exec-6] DEBUG c.z.t.m.SysRoleMapper.selectList - ==>  Preparing: SELECT id,role_code,role_name,remark,create_time,update_time FROM sys_role WHERE (id IN (?))
2026-04-03 22:12:43.630 [http-nio-8080-exec-6] DEBUG c.z.t.m.SysRoleMapper.selectList - ==> Parameters: 3(Long)
2026-04-03 22:12:43.632 [http-nio-8080-exec-6] DEBUG c.z.t.m.SysRoleMapper.selectList - <==      Total: 1
2026-04-03 22:12:43.632 [http-nio-8080-exec-6] DEBUG c.z.t.m.SysUserRoleMapper.selectList - ==>  Preparing: SELECT id,user_id,role_id,create_time,update_time FROM sys_user_role WHERE (user_id = ?)
2026-04-03 22:12:43.632 [http-nio-8080-exec-6] DEBUG c.z.t.m.SysUserRoleMapper.selectList - ==> Parameters: 5(Long)
2026-04-03 22:12:43.633 [http-nio-8080-exec-6] DEBUG c.z.t.m.SysUserRoleMapper.selectList - <==      Total: 1
2026-04-03 22:12:43.633 [http-nio-8080-exec-6] DEBUG c.z.t.m.SysRoleMapper.selectList - ==>  Preparing: SELECT id,role_code,role_name,remark,create_time,update_time FROM sys_role WHERE (id IN (?))
2026-04-03 22:12:43.633 [http-nio-8080-exec-6] DEBUG c.z.t.m.SysRoleMapper.selectList - ==> Parameters: 3(Long)
2026-04-03 22:12:43.633 [http-nio-8080-exec-6] DEBUG c.z.t.m.SysRoleMapper.selectList - <==      Total: 1
2026-04-03 22:13:11.906 [http-nio-8080-exec-7] DEBUG c.z.t.m.SysUserMapper.selectList - ==>  Preparing: SELECT id,username,password,real_name,phone,email,student_no,class_name,counselor_id,avatar_url,status,deleted,create_time,update_time FROM sys_user WHERE deleted=0 AND (username = ? AND deleted = ?)
2026-04-03 22:13:11.906 [http-nio-8080-exec-7] DEBUG c.z.t.m.SysUserMapper.selectList - ==> Parameters: student(String), 0(Integer)
2026-04-03 22:13:11.906 [http-nio-8080-exec-7] DEBUG c.z.t.m.SysUserMapper.selectList - <==      Total: 1
2026-04-03 22:13:11.908 [http-nio-8080-exec-7] DEBUG c.z.t.m.SysUserRoleMapper.selectList - ==>  Preparing: SELECT id,user_id,role_id,create_time,update_time FROM sys_user_role WHERE (user_id = ?)
2026-04-03 22:13:11.908 [http-nio-8080-exec-7] DEBUG c.z.t.m.SysUserRoleMapper.selectList - ==> Parameters: 5(Long)
2026-04-03 22:13:11.909 [http-nio-8080-exec-7] DEBUG c.z.t.m.SysUserRoleMapper.selectList - <==      Total: 1
2026-04-03 22:13:11.909 [http-nio-8080-exec-7] DEBUG c.z.t.m.SysRoleMapper.selectList - ==>  Preparing: SELECT id,role_code,role_name,remark,create_time,update_time FROM sys_role WHERE (id IN (?))
2026-04-03 22:13:11.909 [http-nio-8080-exec-7] DEBUG c.z.t.m.SysRoleMapper.selectList - ==> Parameters: 3(Long)
2026-04-03 22:13:11.909 [http-nio-8080-exec-7] DEBUG c.z.t.m.SysRoleMapper.selectList - <==      Total: 1
2026-04-03 22:13:12.289 [http-nio-8080-exec-8] DEBUG c.z.t.m.SysUserMapper.selectList - ==>  Preparing: SELECT id,username,password,real_name,phone,email,student_no,class_name,counselor_id,avatar_url,status,deleted,create_time,update_time FROM sys_user WHERE deleted=0 AND (username = ? AND deleted = ?)
2026-04-03 22:13:12.289 [http-nio-8080-exec-8] DEBUG c.z.t.m.SysUserMapper.selectList - ==> Parameters: student(String), 0(Integer)
2026-04-03 22:13:12.291 [http-nio-8080-exec-8] DEBUG c.z.t.m.SysUserMapper.selectList - <==      Total: 1
2026-04-03 22:13:12.291 [http-nio-8080-exec-8] DEBUG c.z.t.m.SysUserRoleMapper.selectList - ==>  Preparing: SELECT id,user_id,role_id,create_time,update_time FROM sys_user_role WHERE (user_id = ?)
2026-04-03 22:13:12.293 [http-nio-8080-exec-8] DEBUG c.z.t.m.SysUserRoleMapper.selectList - ==> Parameters: 5(Long)
2026-04-03 22:13:12.302 [http-nio-8080-exec-8] DEBUG c.z.t.m.SysUserRoleMapper.selectList - <==      Total: 1
2026-04-03 22:13:12.303 [http-nio-8080-exec-8] DEBUG c.z.t.m.SysRoleMapper.selectList - ==>  Preparing: SELECT id,role_code,role_name,remark,create_time,update_time FROM sys_role WHERE (id IN (?))
2026-04-03 22:13:12.303 [http-nio-8080-exec-8] DEBUG c.z.t.m.SysRoleMapper.selectList - ==> Parameters: 3(Long)
2026-04-03 22:13:12.304 [http-nio-8080-exec-8] DEBUG c.z.t.m.SysRoleMapper.selectList - <==      Total: 1
2026-04-03 22:13:12.306 [http-nio-8080-exec-8] DEBUG c.z.t.m.SysUserMapper.selectById - ==>  Preparing: SELECT id,username,password,real_name,phone,email,student_no,class_name,counselor_id,avatar_url,status,deleted,create_time,update_time FROM sys_user WHERE id=? AND deleted=0
2026-04-03 22:13:12.306 [http-nio-8080-exec-8] DEBUG c.z.t.m.SysUserMapper.selectById - ==> Parameters: 5(Long)
2026-04-03 22:13:12.308 [http-nio-8080-exec-8] DEBUG c.z.t.m.SysUserMapper.selectById - <==      Total: 1
2026-04-03 22:13:12.310 [http-nio-8080-exec-8] DEBUG c.z.t.m.SysUserRoleMapper.selectList - ==>  Preparing: SELECT id,user_id,role_id,create_time,update_time FROM sys_user_role WHERE (user_id = ?)
2026-04-03 22:13:12.311 [http-nio-8080-exec-8] DEBUG c.z.t.m.SysUserRoleMapper.selectList - ==> Parameters: 5(Long)
2026-04-03 22:13:12.312 [http-nio-8080-exec-8] DEBUG c.z.t.m.SysUserRoleMapper.selectList - <==      Total: 1
2026-04-03 22:13:12.314 [http-nio-8080-exec-8] DEBUG c.z.t.m.SysRoleMapper.selectList - ==>  Preparing: SELECT id,role_code,role_name,remark,create_time,update_time FROM sys_role WHERE (id IN (?))
2026-04-03 22:13:12.314 [http-nio-8080-exec-8] DEBUG c.z.t.m.SysRoleMapper.selectList - ==> Parameters: 3(Long)
2026-04-03 22:13:12.316 [http-nio-8080-exec-8] DEBUG c.z.t.m.SysRoleMapper.selectList - <==      Total: 1
2026-04-03 22:13:12.318 [http-nio-8080-exec-8] DEBUG c.z.t.m.SysUserRoleMapper.selectList - ==>  Preparing: SELECT id,user_id,role_id,create_time,update_time FROM sys_user_role WHERE (user_id = ?)
2026-04-03 22:13:12.318 [http-nio-8080-exec-8] DEBUG c.z.t.m.SysUserRoleMapper.selectList - ==> Parameters: 5(Long)
2026-04-03 22:13:12.320 [http-nio-8080-exec-8] DEBUG c.z.t.m.SysUserRoleMapper.selectList - <==      Total: 1
2026-04-03 22:13:12.321 [http-nio-8080-exec-8] DEBUG c.z.t.m.SysRoleMapper.selectList - ==>  Preparing: SELECT id,role_code,role_name,remark,create_time,update_time FROM sys_role WHERE (id IN (?))
2026-04-03 22:13:12.321 [http-nio-8080-exec-8] DEBUG c.z.t.m.SysRoleMapper.selectList - ==> Parameters: 3(Long)
2026-04-03 22:13:12.322 [http-nio-8080-exec-8] DEBUG c.z.t.m.SysRoleMapper.selectList - <==      Total: 1
2026-04-03 22:13:27.746 [http-nio-8080-exec-10] DEBUG c.z.t.m.SysUserMapper.selectList - ==>  Preparing: SELECT id,username,password,real_name,phone,email,student_no,class_name,counselor_id,avatar_url,status,deleted,create_time,update_time FROM sys_user WHERE deleted=0 AND (username = ? AND deleted = ?)
2026-04-03 22:13:27.746 [http-nio-8080-exec-10] DEBUG c.z.t.m.SysUserMapper.selectList - ==> Parameters: student(String), 0(Integer)
2026-04-03 22:13:27.748 [http-nio-8080-exec-10] DEBUG c.z.t.m.SysUserMapper.selectList - <==      Total: 1
2026-04-03 22:13:27.748 [http-nio-8080-exec-10] DEBUG c.z.t.m.SysUserRoleMapper.selectList - ==>  Preparing: SELECT id,user_id,role_id,create_time,update_time FROM sys_user_role WHERE (user_id = ?)
2026-04-03 22:13:27.749 [http-nio-8080-exec-10] DEBUG c.z.t.m.SysUserRoleMapper.selectList - ==> Parameters: 5(Long)
2026-04-03 22:13:27.749 [http-nio-8080-exec-10] DEBUG c.z.t.m.SysUserRoleMapper.selectList - <==      Total: 1
2026-04-03 22:13:27.751 [http-nio-8080-exec-10] DEBUG c.z.t.m.SysRoleMapper.selectList - ==>  Preparing: SELECT id,role_code,role_name,remark,create_time,update_time FROM sys_role WHERE (id IN (?))
2026-04-03 22:13:27.751 [http-nio-8080-exec-10] DEBUG c.z.t.m.SysRoleMapper.selectList - ==> Parameters: 3(Long)
2026-04-03 22:13:27.751 [http-nio-8080-exec-10] DEBUG c.z.t.m.SysRoleMapper.selectList - <==      Total: 1
2026-04-03 22:13:28.121 [http-nio-8080-exec-9] DEBUG c.z.t.m.SysUserMapper.selectList - ==>  Preparing: SELECT id,username,password,real_name,phone,email,student_no,class_name,counselor_id,avatar_url,status,deleted,create_time,update_time FROM sys_user WHERE deleted=0 AND (username = ? AND deleted = ?)
2026-04-03 22:13:28.121 [http-nio-8080-exec-9] DEBUG c.z.t.m.SysUserMapper.selectList - ==> Parameters: student(String), 0(Integer)
2026-04-03 22:13:28.123 [http-nio-8080-exec-9] DEBUG c.z.t.m.SysUserMapper.selectList - <==      Total: 1
2026-04-03 22:13:28.124 [http-nio-8080-exec-9] DEBUG c.z.t.m.SysUserRoleMapper.selectList - ==>  Preparing: SELECT id,user_id,role_id,create_time,update_time FROM sys_user_role WHERE (user_id = ?)
2026-04-03 22:13:28.124 [http-nio-8080-exec-9] DEBUG c.z.t.m.SysUserRoleMapper.selectList - ==> Parameters: 5(Long)
2026-04-03 22:13:28.124 [http-nio-8080-exec-9] DEBUG c.z.t.m.SysUserRoleMapper.selectList - <==      Total: 1
2026-04-03 22:13:28.124 [http-nio-8080-exec-9] DEBUG c.z.t.m.SysRoleMapper.selectList - ==>  Preparing: SELECT id,role_code,role_name,remark,create_time,update_time FROM sys_role WHERE (id IN (?))
2026-04-03 22:13:28.126 [http-nio-8080-exec-9] DEBUG c.z.t.m.SysRoleMapper.selectList - ==> Parameters: 3(Long)
2026-04-03 22:13:28.127 [http-nio-8080-exec-9] DEBUG c.z.t.m.SysRoleMapper.selectList - <==      Total: 1
2026-04-03 22:13:28.129 [http-nio-8080-exec-9] DEBUG c.z.t.m.SysUserMapper.selectById - ==>  Preparing: SELECT id,username,password,real_name,phone,email,student_no,class_name,counselor_id,avatar_url,status,deleted,create_time,update_time FROM sys_user WHERE id=? AND deleted=0
2026-04-03 22:13:28.129 [http-nio-8080-exec-9] DEBUG c.z.t.m.SysUserMapper.selectById - ==> Parameters: 5(Long)
2026-04-03 22:13:28.131 [http-nio-8080-exec-9] DEBUG c.z.t.m.SysUserMapper.selectById - <==      Total: 1
2026-04-03 22:13:28.131 [http-nio-8080-exec-9] DEBUG c.z.t.m.SysUserRoleMapper.selectList - ==>  Preparing: SELECT id,user_id,role_id,create_time,update_time FROM sys_user_role WHERE (user_id = ?)
2026-04-03 22:13:28.132 [http-nio-8080-exec-9] DEBUG c.z.t.m.SysUserRoleMapper.selectList - ==> Parameters: 5(Long)
2026-04-03 22:13:28.133 [http-nio-8080-exec-9] DEBUG c.z.t.m.SysUserRoleMapper.selectList - <==      Total: 1
2026-04-03 22:13:28.134 [http-nio-8080-exec-9] DEBUG c.z.t.m.SysRoleMapper.selectList - ==>  Preparing: SELECT id,role_code,role_name,remark,create_time,update_time FROM sys_role WHERE (id IN (?))
2026-04-03 22:13:28.134 [http-nio-8080-exec-9] DEBUG c.z.t.m.SysRoleMapper.selectList - ==> Parameters: 3(Long)
2026-04-03 22:13:28.134 [http-nio-8080-exec-9] DEBUG c.z.t.m.SysRoleMapper.selectList - <==      Total: 1
2026-04-03 22:13:28.136 [http-nio-8080-exec-9] DEBUG c.z.t.m.SysUserRoleMapper.selectList - ==>  Preparing: SELECT id,user_id,role_id,create_time,update_time FROM sys_user_role WHERE (user_id = ?)
2026-04-03 22:13:28.136 [http-nio-8080-exec-9] DEBUG c.z.t.m.SysUserRoleMapper.selectList - ==> Parameters: 5(Long)
2026-04-03 22:13:28.137 [http-nio-8080-exec-9] DEBUG c.z.t.m.SysUserRoleMapper.selectList - <==      Total: 1
2026-04-03 22:13:28.137 [http-nio-8080-exec-9] DEBUG c.z.t.m.SysRoleMapper.selectList - ==>  Preparing: SELECT id,role_code,role_name,remark,create_time,update_time FROM sys_role WHERE (id IN (?))
2026-04-03 22:13:28.137 [http-nio-8080-exec-9] DEBUG c.z.t.m.SysRoleMapper.selectList - ==> Parameters: 3(Long)
2026-04-03 22:13:28.139 [http-nio-8080-exec-9] DEBUG c.z.t.m.SysRoleMapper.selectList - <==      Total: 1
2026-04-03 22:14:08.653 [http-nio-8080-exec-1] DEBUG c.z.t.m.SysUserMapper.selectList - ==>  Preparing: SELECT id,username,password,real_name,phone,email,student_no,class_name,counselor_id,avatar_url,status,deleted,create_time,update_time FROM sys_user WHERE deleted=0 AND (username = ? AND deleted = ?)
2026-04-03 22:14:08.653 [http-nio-8080-exec-1] DEBUG c.z.t.m.SysUserMapper.selectList - ==> Parameters: student(String), 0(Integer)
2026-04-03 22:14:08.653 [http-nio-8080-exec-1] DEBUG c.z.t.m.SysUserMapper.selectList - <==      Total: 1
2026-04-03 22:14:08.655 [http-nio-8080-exec-1] DEBUG c.z.t.m.SysUserRoleMapper.selectList - ==>  Preparing: SELECT id,user_id,role_id,create_time,update_time FROM sys_user_role WHERE (user_id = ?)
2026-04-03 22:14:08.655 [http-nio-8080-exec-1] DEBUG c.z.t.m.SysUserRoleMapper.selectList - ==> Parameters: 5(Long)
2026-04-03 22:14:08.656 [http-nio-8080-exec-1] DEBUG c.z.t.m.SysUserRoleMapper.selectList - <==      Total: 1
2026-04-03 22:14:08.656 [http-nio-8080-exec-1] DEBUG c.z.t.m.SysRoleMapper.selectList - ==>  Preparing: SELECT id,role_code,role_name,remark,create_time,update_time FROM sys_role WHERE (id IN (?))
2026-04-03 22:14:08.656 [http-nio-8080-exec-1] DEBUG c.z.t.m.SysRoleMapper.selectList - ==> Parameters: 3(Long)
2026-04-03 22:14:08.658 [http-nio-8080-exec-1] DEBUG c.z.t.m.SysRoleMapper.selectList - <==      Total: 1
2026-04-03 22:14:09.048 [http-nio-8080-exec-2] DEBUG c.z.t.m.SysUserMapper.selectList - ==>  Preparing: SELECT id,username,password,real_name,phone,email,student_no,class_name,counselor_id,avatar_url,status,deleted,create_time,update_time FROM sys_user WHERE deleted=0 AND (username = ? AND deleted = ?)
2026-04-03 22:14:09.050 [http-nio-8080-exec-2] DEBUG c.z.t.m.SysUserMapper.selectList - ==> Parameters: student(String), 0(Integer)
2026-04-03 22:14:09.051 [http-nio-8080-exec-2] DEBUG c.z.t.m.SysUserMapper.selectList - <==      Total: 1
2026-04-03 22:14:09.051 [http-nio-8080-exec-2] DEBUG c.z.t.m.SysUserRoleMapper.selectList - ==>  Preparing: SELECT id,user_id,role_id,create_time,update_time FROM sys_user_role WHERE (user_id = ?)
2026-04-03 22:14:09.053 [http-nio-8080-exec-2] DEBUG c.z.t.m.SysUserRoleMapper.selectList - ==> Parameters: 5(Long)
2026-04-03 22:14:09.053 [http-nio-8080-exec-2] DEBUG c.z.t.m.SysUserRoleMapper.selectList - <==      Total: 1
2026-04-03 22:14:09.053 [http-nio-8080-exec-2] DEBUG c.z.t.m.SysRoleMapper.selectList - ==>  Preparing: SELECT id,role_code,role_name,remark,create_time,update_time FROM sys_role WHERE (id IN (?))
2026-04-03 22:14:09.053 [http-nio-8080-exec-2] DEBUG c.z.t.m.SysRoleMapper.selectList - ==> Parameters: 3(Long)
2026-04-03 22:14:09.053 [http-nio-8080-exec-2] DEBUG c.z.t.m.SysRoleMapper.selectList - <==      Total: 1
2026-04-03 22:14:09.056 [http-nio-8080-exec-2] DEBUG c.z.t.m.SysUserMapper.selectById - ==>  Preparing: SELECT id,username,password,real_name,phone,email,student_no,class_name,counselor_id,avatar_url,status,deleted,create_time,update_time FROM sys_user WHERE id=? AND deleted=0
2026-04-03 22:14:09.058 [http-nio-8080-exec-2] DEBUG c.z.t.m.SysUserMapper.selectById - ==> Parameters: 5(Long)
2026-04-03 22:14:09.058 [http-nio-8080-exec-2] DEBUG c.z.t.m.SysUserMapper.selectById - <==      Total: 1
2026-04-03 22:14:09.058 [http-nio-8080-exec-2] DEBUG c.z.t.m.SysUserRoleMapper.selectList - ==>  Preparing: SELECT id,user_id,role_id,create_time,update_time FROM sys_user_role WHERE (user_id = ?)
2026-04-03 22:14:09.058 [http-nio-8080-exec-2] DEBUG c.z.t.m.SysUserRoleMapper.selectList - ==> Parameters: 5(Long)
2026-04-03 22:14:09.059 [http-nio-8080-exec-2] DEBUG c.z.t.m.SysUserRoleMapper.selectList - <==      Total: 1
2026-04-03 22:14:09.061 [http-nio-8080-exec-2] DEBUG c.z.t.m.SysRoleMapper.selectList - ==>  Preparing: SELECT id,role_code,role_name,remark,create_time,update_time FROM sys_role WHERE (id IN (?))
2026-04-03 22:14:09.066 [http-nio-8080-exec-2] DEBUG c.z.t.m.SysRoleMapper.selectList - ==> Parameters: 3(Long)
2026-04-03 22:14:09.069 [http-nio-8080-exec-2] DEBUG c.z.t.m.SysRoleMapper.selectList - <==      Total: 1
2026-04-03 22:14:09.072 [http-nio-8080-exec-2] DEBUG c.z.t.m.SysUserRoleMapper.selectList - ==>  Preparing: SELECT id,user_id,role_id,create_time,update_time FROM sys_user_role WHERE (user_id = ?)
2026-04-03 22:14:09.073 [http-nio-8080-exec-2] DEBUG c.z.t.m.SysUserRoleMapper.selectList - ==> Parameters: 5(Long)
2026-04-03 22:14:09.074 [http-nio-8080-exec-2] DEBUG c.z.t.m.SysUserRoleMapper.selectList - <==      Total: 1
2026-04-03 22:14:09.076 [http-nio-8080-exec-2] DEBUG c.z.t.m.SysRoleMapper.selectList - ==>  Preparing: SELECT id,role_code,role_name,remark,create_time,update_time FROM sys_role WHERE (id IN (?))
2026-04-03 22:14:09.076 [http-nio-8080-exec-2] DEBUG c.z.t.m.SysRoleMapper.selectList - ==> Parameters: 3(Long)
2026-04-03 22:14:09.077 [http-nio-8080-exec-2] DEBUG c.z.t.m.SysRoleMapper.selectList - <==      Total: 1
2026-04-03 22:14:29.739 [http-nio-8080-exec-3] DEBUG c.z.t.m.SysUserMapper.selectList - ==>  Preparing: SELECT id,username,password,real_name,phone,email,student_no,class_name,counselor_id,avatar_url,status,deleted,create_time,update_time FROM sys_user WHERE deleted=0 AND (username = ? AND deleted = ?)
2026-04-03 22:14:29.741 [http-nio-8080-exec-3] DEBUG c.z.t.m.SysUserMapper.selectList - ==> Parameters: student(String), 0(Integer)
2026-04-03 22:14:29.741 [http-nio-8080-exec-3] DEBUG c.z.t.m.SysUserMapper.selectList - <==      Total: 1
2026-04-03 22:14:29.741 [http-nio-8080-exec-3] DEBUG c.z.t.m.SysUserRoleMapper.selectList - ==>  Preparing: SELECT id,user_id,role_id,create_time,update_time FROM sys_user_role WHERE (user_id = ?)
2026-04-03 22:14:29.743 [http-nio-8080-exec-3] DEBUG c.z.t.m.SysUserRoleMapper.selectList - ==> Parameters: 5(Long)
2026-04-03 22:14:29.743 [http-nio-8080-exec-3] DEBUG c.z.t.m.SysUserRoleMapper.selectList - <==      Total: 1
2026-04-03 22:14:29.743 [http-nio-8080-exec-3] DEBUG c.z.t.m.SysRoleMapper.selectList - ==>  Preparing: SELECT id,role_code,role_name,remark,create_time,update_time FROM sys_role WHERE (id IN (?))
2026-04-03 22:14:29.743 [http-nio-8080-exec-3] DEBUG c.z.t.m.SysRoleMapper.selectList - ==> Parameters: 3(Long)
2026-04-03 22:14:29.744 [http-nio-8080-exec-3] DEBUG c.z.t.m.SysRoleMapper.selectList - <==      Total: 1
2026-04-03 22:14:29.815 [http-nio-8080-exec-4] DEBUG c.z.t.m.SysUserMapper.selectList - ==>  Preparing: SELECT id,username,password,real_name,phone,email,student_no,class_name,counselor_id,avatar_url,status,deleted,create_time,update_time FROM sys_user WHERE deleted=0 AND (username = ? AND deleted = ?)
2026-04-03 22:14:29.815 [http-nio-8080-exec-4] DEBUG c.z.t.m.SysUserMapper.selectList - ==> Parameters: student(String), 0(Integer)
2026-04-03 22:14:29.816 [http-nio-8080-exec-4] DEBUG c.z.t.m.SysUserMapper.selectList - <==      Total: 1
2026-04-03 22:14:29.816 [http-nio-8080-exec-4] DEBUG c.z.t.m.SysUserRoleMapper.selectList - ==>  Preparing: SELECT id,user_id,role_id,create_time,update_time FROM sys_user_role WHERE (user_id = ?)
2026-04-03 22:14:29.817 [http-nio-8080-exec-4] DEBUG c.z.t.m.SysUserRoleMapper.selectList - ==> Parameters: 5(Long)
2026-04-03 22:14:29.819 [http-nio-8080-exec-4] DEBUG c.z.t.m.SysUserRoleMapper.selectList - <==      Total: 1
2026-04-03 22:14:29.820 [http-nio-8080-exec-4] DEBUG c.z.t.m.SysRoleMapper.selectList - ==>  Preparing: SELECT id,role_code,role_name,remark,create_time,update_time FROM sys_role WHERE (id IN (?))
2026-04-03 22:14:29.820 [http-nio-8080-exec-4] DEBUG c.z.t.m.SysRoleMapper.selectList - ==> Parameters: 3(Long)
2026-04-03 22:14:29.821 [http-nio-8080-exec-4] DEBUG c.z.t.m.SysRoleMapper.selectList - <==      Total: 1
2026-04-03 22:14:29.824 [http-nio-8080-exec-4] DEBUG c.z.t.m.SysUserMapper.selectById - ==>  Preparing: SELECT id,username,password,real_name,phone,email,student_no,class_name,counselor_id,avatar_url,status,deleted,create_time,update_time FROM sys_user WHERE id=? AND deleted=0
2026-04-03 22:14:29.824 [http-nio-8080-exec-4] DEBUG c.z.t.m.SysUserMapper.selectById - ==> Parameters: 5(Long)
2026-04-03 22:14:29.825 [http-nio-8080-exec-4] DEBUG c.z.t.m.SysUserMapper.selectById - <==      Total: 1
2026-04-03 22:14:29.826 [http-nio-8080-exec-4] DEBUG c.z.t.m.SysUserRoleMapper.selectList - ==>  Preparing: SELECT id,user_id,role_id,create_time,update_time FROM sys_user_role WHERE (user_id = ?)
2026-04-03 22:14:29.826 [http-nio-8080-exec-4] DEBUG c.z.t.m.SysUserRoleMapper.selectList - ==> Parameters: 5(Long)
2026-04-03 22:14:29.826 [http-nio-8080-exec-4] DEBUG c.z.t.m.SysUserRoleMapper.selectList - <==      Total: 1
2026-04-03 22:14:29.828 [http-nio-8080-exec-4] DEBUG c.z.t.m.SysRoleMapper.selectList - ==>  Preparing: SELECT id,role_code,role_name,remark,create_time,update_time FROM sys_role WHERE (id IN (?))
2026-04-03 22:14:29.828 [http-nio-8080-exec-4] DEBUG c.z.t.m.SysRoleMapper.selectList - ==> Parameters: 3(Long)
2026-04-03 22:14:29.829 [http-nio-8080-exec-4] DEBUG c.z.t.m.SysRoleMapper.selectList - <==      Total: 1
2026-04-03 22:14:29.829 [http-nio-8080-exec-4] DEBUG c.z.t.m.SysUserRoleMapper.selectList - ==>  Preparing: SELECT id,user_id,role_id,create_time,update_time FROM sys_user_role WHERE (user_id = ?)
2026-04-03 22:14:29.829 [http-nio-8080-exec-4] DEBUG c.z.t.m.SysUserRoleMapper.selectList - ==> Parameters: 5(Long)
2026-04-03 22:14:29.831 [http-nio-8080-exec-4] DEBUG c.z.t.m.SysUserRoleMapper.selectList - <==      Total: 1
2026-04-03 22:14:29.831 [http-nio-8080-exec-4] DEBUG c.z.t.m.SysRoleMapper.selectList - ==>  Preparing: SELECT id,role_code,role_name,remark,create_time,update_time FROM sys_role WHERE (id IN (?))
2026-04-03 22:14:29.832 [http-nio-8080-exec-4] DEBUG c.z.t.m.SysRoleMapper.selectList - ==> Parameters: 3(Long)
2026-04-03 22:14:29.833 [http-nio-8080-exec-4] DEBUG c.z.t.m.SysRoleMapper.selectList - <==      Total: 1
2026-04-03 22:14:49.663 [http-nio-8080-exec-5] DEBUG c.z.t.m.SysUserMapper.selectList - ==>  Preparing: SELECT id,username,password,real_name,phone,email,student_no,class_name,counselor_id,avatar_url,status,deleted,create_time,update_time FROM sys_user WHERE deleted=0 AND (username = ? AND deleted = ?)
2026-04-03 22:14:49.663 [http-nio-8080-exec-5] DEBUG c.z.t.m.SysUserMapper.selectList - ==> Parameters: student(String), 0(Integer)
2026-04-03 22:14:49.665 [http-nio-8080-exec-5] DEBUG c.z.t.m.SysUserMapper.selectList - <==      Total: 1
2026-04-03 22:14:49.667 [http-nio-8080-exec-5] DEBUG c.z.t.m.SysUserRoleMapper.selectList - ==>  Preparing: SELECT id,user_id,role_id,create_time,update_time FROM sys_user_role WHERE (user_id = ?)
2026-04-03 22:14:49.667 [http-nio-8080-exec-5] DEBUG c.z.t.m.SysUserRoleMapper.selectList - ==> Parameters: 5(Long)
2026-04-03 22:14:49.668 [http-nio-8080-exec-5] DEBUG c.z.t.m.SysUserRoleMapper.selectList - <==      Total: 1
2026-04-03 22:14:49.669 [http-nio-8080-exec-5] DEBUG c.z.t.m.SysRoleMapper.selectList - ==>  Preparing: SELECT id,role_code,role_name,remark,create_time,update_time FROM sys_role WHERE (id IN (?))
2026-04-03 22:14:49.669 [http-nio-8080-exec-5] DEBUG c.z.t.m.SysRoleMapper.selectList - ==> Parameters: 3(Long)
2026-04-03 22:14:49.670 [http-nio-8080-exec-5] DEBUG c.z.t.m.SysRoleMapper.selectList - <==      Total: 1
2026-04-03 22:14:49.926 [http-nio-8080-exec-6] DEBUG c.z.t.m.SysUserMapper.selectList - ==>  Preparing: SELECT id,username,password,real_name,phone,email,student_no,class_name,counselor_id,avatar_url,status,deleted,create_time,update_time FROM sys_user WHERE deleted=0 AND (username = ? AND deleted = ?)
2026-04-03 22:14:49.928 [http-nio-8080-exec-6] DEBUG c.z.t.m.SysUserMapper.selectList - ==> Parameters: student(String), 0(Integer)
2026-04-03 22:14:49.930 [http-nio-8080-exec-6] DEBUG c.z.t.m.SysUserMapper.selectList - <==      Total: 1
2026-04-03 22:14:49.939 [http-nio-8080-exec-6] DEBUG c.z.t.m.SysUserRoleMapper.selectList - ==>  Preparing: SELECT id,user_id,role_id,create_time,update_time FROM sys_user_role WHERE (user_id = ?)
2026-04-03 22:14:49.939 [http-nio-8080-exec-6] DEBUG c.z.t.m.SysUserRoleMapper.selectList - ==> Parameters: 5(Long)
2026-04-03 22:14:49.941 [http-nio-8080-exec-6] DEBUG c.z.t.m.SysUserRoleMapper.selectList - <==      Total: 1
2026-04-03 22:14:49.942 [http-nio-8080-exec-6] DEBUG c.z.t.m.SysRoleMapper.selectList - ==>  Preparing: SELECT id,role_code,role_name,remark,create_time,update_time FROM sys_role WHERE (id IN (?))
2026-04-03 22:14:49.943 [http-nio-8080-exec-6] DEBUG c.z.t.m.SysRoleMapper.selectList - ==> Parameters: 3(Long)
2026-04-03 22:14:49.944 [http-nio-8080-exec-6] DEBUG c.z.t.m.SysRoleMapper.selectList - <==      Total: 1
2026-04-03 22:14:49.946 [http-nio-8080-exec-6] DEBUG c.z.t.m.SysUserMapper.selectById - ==>  Preparing: SELECT id,username,password,real_name,phone,email,student_no,class_name,counselor_id,avatar_url,status,deleted,create_time,update_time FROM sys_user WHERE id=? AND deleted=0
2026-04-03 22:14:49.952 [http-nio-8080-exec-6] DEBUG c.z.t.m.SysUserMapper.selectById - ==> Parameters: 5(Long)
2026-04-03 22:14:49.954 [http-nio-8080-exec-6] DEBUG c.z.t.m.SysUserMapper.selectById - <==      Total: 1
2026-04-03 22:14:49.954 [http-nio-8080-exec-6] DEBUG c.z.t.m.SysUserRoleMapper.selectList - ==>  Preparing: SELECT id,user_id,role_id,create_time,update_time FROM sys_user_role WHERE (user_id = ?)
2026-04-03 22:14:49.954 [http-nio-8080-exec-6] DEBUG c.z.t.m.SysUserRoleMapper.selectList - ==> Parameters: 5(Long)
2026-04-03 22:14:49.956 [http-nio-8080-exec-6] DEBUG c.z.t.m.SysUserRoleMapper.selectList - <==      Total: 1
2026-04-03 22:14:49.956 [http-nio-8080-exec-6] DEBUG c.z.t.m.SysRoleMapper.selectList - ==>  Preparing: SELECT id,role_code,role_name,remark,create_time,update_time FROM sys_role WHERE (id IN (?))
2026-04-03 22:14:49.957 [http-nio-8080-exec-6] DEBUG c.z.t.m.SysRoleMapper.selectList - ==> Parameters: 3(Long)
2026-04-03 22:14:49.957 [http-nio-8080-exec-6] DEBUG c.z.t.m.SysRoleMapper.selectList - <==      Total: 1
2026-04-03 22:14:49.957 [http-nio-8080-exec-6] DEBUG c.z.t.m.SysUserRoleMapper.selectList - ==>  Preparing: SELECT id,user_id,role_id,create_time,update_time FROM sys_user_role WHERE (user_id = ?)
2026-04-03 22:14:49.957 [http-nio-8080-exec-6] DEBUG c.z.t.m.SysUserRoleMapper.selectList - ==> Parameters: 5(Long)
2026-04-03 22:14:49.959 [http-nio-8080-exec-6] DEBUG c.z.t.m.SysUserRoleMapper.selectList - <==      Total: 1
2026-04-03 22:14:49.959 [http-nio-8080-exec-6] DEBUG c.z.t.m.SysRoleMapper.selectList - ==>  Preparing: SELECT id,role_code,role_name,remark,create_time,update_time FROM sys_role WHERE (id IN (?))
2026-04-03 22:14:49.959 [http-nio-8080-exec-6] DEBUG c.z.t.m.SysRoleMapper.selectList - ==> Parameters: 3(Long)
2026-04-03 22:14:49.960 [http-nio-8080-exec-6] DEBUG c.z.t.m.SysRoleMapper.selectList - <==      Total: 1
2026-04-03 22:15:47.407 [http-nio-8080-exec-7] DEBUG c.z.t.m.SysUserMapper.selectList - ==>  Preparing: SELECT id,username,password,real_name,phone,email,student_no,class_name,counselor_id,avatar_url,status,deleted,create_time,update_time FROM sys_user WHERE deleted=0 AND (username = ? AND deleted = ?)
2026-04-03 22:15:47.409 [http-nio-8080-exec-7] DEBUG c.z.t.m.SysUserMapper.selectList - ==> Parameters: student(String), 0(Integer)
2026-04-03 22:15:47.410 [http-nio-8080-exec-7] DEBUG c.z.t.m.SysUserMapper.selectList - <==      Total: 1
2026-04-03 22:15:47.411 [http-nio-8080-exec-7] DEBUG c.z.t.m.SysUserRoleMapper.selectList - ==>  Preparing: SELECT id,user_id,role_id,create_time,update_time FROM sys_user_role WHERE (user_id = ?)
2026-04-03 22:15:47.411 [http-nio-8080-exec-7] DEBUG c.z.t.m.SysUserRoleMapper.selectList - ==> Parameters: 5(Long)
2026-04-03 22:15:47.411 [http-nio-8080-exec-7] DEBUG c.z.t.m.SysUserRoleMapper.selectList - <==      Total: 1
2026-04-03 22:15:47.411 [http-nio-8080-exec-7] DEBUG c.z.t.m.SysRoleMapper.selectList - ==>  Preparing: SELECT id,role_code,role_name,remark,create_time,update_time FROM sys_role WHERE (id IN (?))
2026-04-03 22:15:47.412 [http-nio-8080-exec-7] DEBUG c.z.t.m.SysRoleMapper.selectList - ==> Parameters: 3(Long)
2026-04-03 22:15:47.413 [http-nio-8080-exec-7] DEBUG c.z.t.m.SysRoleMapper.selectList - <==      Total: 1
2026-04-03 22:15:47.496 [http-nio-8080-exec-8] DEBUG c.z.t.m.SysUserMapper.selectList - ==>  Preparing: SELECT id,username,password,real_name,phone,email,student_no,class_name,counselor_id,avatar_url,status,deleted,create_time,update_time FROM sys_user WHERE deleted=0 AND (username = ? AND deleted = ?)
2026-04-03 22:15:47.496 [http-nio-8080-exec-8] DEBUG c.z.t.m.SysUserMapper.selectList - ==> Parameters: student(String), 0(Integer)
2026-04-03 22:15:47.497 [http-nio-8080-exec-8] DEBUG c.z.t.m.SysUserMapper.selectList - <==      Total: 1
2026-04-03 22:15:47.498 [http-nio-8080-exec-8] DEBUG c.z.t.m.SysUserRoleMapper.selectList - ==>  Preparing: SELECT id,user_id,role_id,create_time,update_time FROM sys_user_role WHERE (user_id = ?)
2026-04-03 22:15:47.498 [http-nio-8080-exec-8] DEBUG c.z.t.m.SysUserRoleMapper.selectList - ==> Parameters: 5(Long)
2026-04-03 22:15:47.501 [http-nio-8080-exec-8] DEBUG c.z.t.m.SysUserRoleMapper.selectList - <==      Total: 1
2026-04-03 22:15:47.502 [http-nio-8080-exec-8] DEBUG c.z.t.m.SysRoleMapper.selectList - ==>  Preparing: SELECT id,role_code,role_name,remark,create_time,update_time FROM sys_role WHERE (id IN (?))
2026-04-03 22:15:47.503 [http-nio-8080-exec-8] DEBUG c.z.t.m.SysRoleMapper.selectList - ==> Parameters: 3(Long)
2026-04-03 22:15:47.505 [http-nio-8080-exec-8] DEBUG c.z.t.m.SysRoleMapper.selectList - <==      Total: 1
2026-04-03 22:15:47.507 [http-nio-8080-exec-8] DEBUG c.z.t.m.SysUserMapper.selectById - ==>  Preparing: SELECT id,username,password,real_name,phone,email,student_no,class_name,counselor_id,avatar_url,status,deleted,create_time,update_time FROM sys_user WHERE id=? AND deleted=0
2026-04-03 22:15:47.507 [http-nio-8080-exec-8] DEBUG c.z.t.m.SysUserMapper.selectById - ==> Parameters: 5(Long)
2026-04-03 22:15:47.510 [http-nio-8080-exec-8] DEBUG c.z.t.m.SysUserMapper.selectById - <==      Total: 1
2026-04-03 22:15:47.510 [http-nio-8080-exec-8] DEBUG c.z.t.m.SysUserRoleMapper.selectList - ==>  Preparing: SELECT id,user_id,role_id,create_time,update_time FROM sys_user_role WHERE (user_id = ?)
2026-04-03 22:15:47.511 [http-nio-8080-exec-8] DEBUG c.z.t.m.SysUserRoleMapper.selectList - ==> Parameters: 5(Long)
2026-04-03 22:15:47.513 [http-nio-8080-exec-8] DEBUG c.z.t.m.SysUserRoleMapper.selectList - <==      Total: 1
2026-04-03 22:15:47.513 [http-nio-8080-exec-8] DEBUG c.z.t.m.SysRoleMapper.selectList - ==>  Preparing: SELECT id,role_code,role_name,remark,create_time,update_time FROM sys_role WHERE (id IN (?))
2026-04-03 22:15:47.517 [http-nio-8080-exec-8] DEBUG c.z.t.m.SysRoleMapper.selectList - ==> Parameters: 3(Long)
2026-04-03 22:15:47.518 [http-nio-8080-exec-8] DEBUG c.z.t.m.SysRoleMapper.selectList - <==      Total: 1
2026-04-03 22:15:47.519 [http-nio-8080-exec-8] DEBUG c.z.t.m.SysUserRoleMapper.selectList - ==>  Preparing: SELECT id,user_id,role_id,create_time,update_time FROM sys_user_role WHERE (user_id = ?)
2026-04-03 22:15:47.519 [http-nio-8080-exec-8] DEBUG c.z.t.m.SysUserRoleMapper.selectList - ==> Parameters: 5(Long)
2026-04-03 22:15:47.520 [http-nio-8080-exec-8] DEBUG c.z.t.m.SysUserRoleMapper.selectList - <==      Total: 1
2026-04-03 22:15:47.522 [http-nio-8080-exec-8] DEBUG c.z.t.m.SysRoleMapper.selectList - ==>  Preparing: SELECT id,role_code,role_name,remark,create_time,update_time FROM sys_role WHERE (id IN (?))
2026-04-03 22:15:47.522 [http-nio-8080-exec-8] DEBUG c.z.t.m.SysRoleMapper.selectList - ==> Parameters: 3(Long)
2026-04-03 22:15:47.524 [http-nio-8080-exec-8] DEBUG c.z.t.m.SysRoleMapper.selectList - <==      Total: 1
2026-04-03 22:18:01.939 [http-nio-8080-exec-10] DEBUG c.z.t.m.SysUserMapper.selectList - ==>  Preparing: SELECT id,username,password,real_name,phone,email,student_no,class_name,counselor_id,avatar_url,status,deleted,create_time,update_time FROM sys_user WHERE deleted=0 AND (username = ? AND deleted = ?)
2026-04-03 22:18:01.939 [http-nio-8080-exec-10] DEBUG c.z.t.m.SysUserMapper.selectList - ==> Parameters: student(String), 0(Integer)
2026-04-03 22:18:01.941 [http-nio-8080-exec-10] DEBUG c.z.t.m.SysUserMapper.selectList - <==      Total: 1
2026-04-03 22:18:01.941 [http-nio-8080-exec-10] DEBUG c.z.t.m.SysUserRoleMapper.selectList - ==>  Preparing: SELECT id,user_id,role_id,create_time,update_time FROM sys_user_role WHERE (user_id = ?)
2026-04-03 22:18:01.943 [http-nio-8080-exec-10] DEBUG c.z.t.m.SysUserRoleMapper.selectList - ==> Parameters: 5(Long)
2026-04-03 22:18:01.943 [http-nio-8080-exec-10] DEBUG c.z.t.m.SysUserRoleMapper.selectList - <==      Total: 1
2026-04-03 22:18:01.943 [http-nio-8080-exec-10] DEBUG c.z.t.m.SysRoleMapper.selectList - ==>  Preparing: SELECT id,role_code,role_name,remark,create_time,update_time FROM sys_role WHERE (id IN (?))
2026-04-03 22:18:01.943 [http-nio-8080-exec-10] DEBUG c.z.t.m.SysRoleMapper.selectList - ==> Parameters: 3(Long)
2026-04-03 22:18:01.944 [http-nio-8080-exec-10] DEBUG c.z.t.m.SysRoleMapper.selectList - <==      Total: 1
2026-04-03 22:18:02.343 [http-nio-8080-exec-9] DEBUG c.z.t.m.SysUserMapper.selectList - ==>  Preparing: SELECT id,username,password,real_name,phone,email,student_no,class_name,counselor_id,avatar_url,status,deleted,create_time,update_time FROM sys_user WHERE deleted=0 AND (username = ? AND deleted = ?)
2026-04-03 22:18:02.344 [http-nio-8080-exec-9] DEBUG c.z.t.m.SysUserMapper.selectList - ==> Parameters: student(String), 0(Integer)
2026-04-03 22:18:02.345 [http-nio-8080-exec-9] DEBUG c.z.t.m.SysUserMapper.selectList - <==      Total: 1
2026-04-03 22:18:02.346 [http-nio-8080-exec-9] DEBUG c.z.t.m.SysUserRoleMapper.selectList - ==>  Preparing: SELECT id,user_id,role_id,create_time,update_time FROM sys_user_role WHERE (user_id = ?)
2026-04-03 22:18:02.346 [http-nio-8080-exec-9] DEBUG c.z.t.m.SysUserRoleMapper.selectList - ==> Parameters: 5(Long)
2026-04-03 22:18:02.346 [http-nio-8080-exec-9] DEBUG c.z.t.m.SysUserRoleMapper.selectList - <==      Total: 1
2026-04-03 22:18:02.346 [http-nio-8080-exec-9] DEBUG c.z.t.m.SysRoleMapper.selectList - ==>  Preparing: SELECT id,role_code,role_name,remark,create_time,update_time FROM sys_role WHERE (id IN (?))
2026-04-03 22:18:02.347 [http-nio-8080-exec-9] DEBUG c.z.t.m.SysRoleMapper.selectList - ==> Parameters: 3(Long)
2026-04-03 22:18:02.347 [http-nio-8080-exec-9] DEBUG c.z.t.m.SysRoleMapper.selectList - <==      Total: 1
2026-04-03 22:18:02.348 [http-nio-8080-exec-9] DEBUG c.z.t.m.SysUserMapper.selectById - ==>  Preparing: SELECT id,username,password,real_name,phone,email,student_no,class_name,counselor_id,avatar_url,status,deleted,create_time,update_time FROM sys_user WHERE id=? AND deleted=0
2026-04-03 22:18:02.348 [http-nio-8080-exec-9] DEBUG c.z.t.m.SysUserMapper.selectById - ==> Parameters: 5(Long)
2026-04-03 22:18:02.349 [http-nio-8080-exec-9] DEBUG c.z.t.m.SysUserMapper.selectById - <==      Total: 1
2026-04-03 22:18:02.349 [http-nio-8080-exec-9] DEBUG c.z.t.m.SysUserRoleMapper.selectList - ==>  Preparing: SELECT id,user_id,role_id,create_time,update_time FROM sys_user_role WHERE (user_id = ?)
2026-04-03 22:18:02.349 [http-nio-8080-exec-9] DEBUG c.z.t.m.SysUserRoleMapper.selectList - ==> Parameters: 5(Long)
2026-04-03 22:18:02.349 [http-nio-8080-exec-9] DEBUG c.z.t.m.SysUserRoleMapper.selectList - <==      Total: 1
2026-04-03 22:18:02.350 [http-nio-8080-exec-9] DEBUG c.z.t.m.SysRoleMapper.selectList - ==>  Preparing: SELECT id,role_code,role_name,remark,create_time,update_time FROM sys_role WHERE (id IN (?))
2026-04-03 22:18:02.350 [http-nio-8080-exec-9] DEBUG c.z.t.m.SysRoleMapper.selectList - ==> Parameters: 3(Long)
2026-04-03 22:18:02.350 [http-nio-8080-exec-9] DEBUG c.z.t.m.SysRoleMapper.selectList - <==      Total: 1
2026-04-03 22:18:02.350 [http-nio-8080-exec-9] DEBUG c.z.t.m.SysUserRoleMapper.selectList - ==>  Preparing: SELECT id,user_id,role_id,create_time,update_time FROM sys_user_role WHERE (user_id = ?)
2026-04-03 22:18:02.350 [http-nio-8080-exec-9] DEBUG c.z.t.m.SysUserRoleMapper.selectList - ==> Parameters: 5(Long)
2026-04-03 22:18:02.352 [http-nio-8080-exec-9] DEBUG c.z.t.m.SysUserRoleMapper.selectList - <==      Total: 1
2026-04-03 22:18:02.352 [http-nio-8080-exec-9] DEBUG c.z.t.m.SysRoleMapper.selectList - ==>  Preparing: SELECT id,role_code,role_name,remark,create_time,update_time FROM sys_role WHERE (id IN (?))
2026-04-03 22:18:02.352 [http-nio-8080-exec-9] DEBUG c.z.t.m.SysRoleMapper.selectList - ==> Parameters: 3(Long)
2026-04-03 22:18:02.353 [http-nio-8080-exec-9] DEBUG c.z.t.m.SysRoleMapper.selectList - <==      Total: 1
2026-04-03 22:18:17.905 [http-nio-8080-exec-1] DEBUG c.z.t.m.SysUserMapper.selectList - ==>  Preparing: SELECT id,username,password,real_name,phone,email,student_no,class_name,counselor_id,avatar_url,status,deleted,create_time,update_time FROM sys_user WHERE deleted=0 AND (username = ? AND deleted = ?)
2026-04-03 22:18:17.905 [http-nio-8080-exec-1] DEBUG c.z.t.m.SysUserMapper.selectList - ==> Parameters: student(String), 0(Integer)
2026-04-03 22:18:17.906 [http-nio-8080-exec-1] DEBUG c.z.t.m.SysUserMapper.selectList - <==      Total: 1
2026-04-03 22:18:17.907 [http-nio-8080-exec-1] DEBUG c.z.t.m.SysUserRoleMapper.selectList - ==>  Preparing: SELECT id,user_id,role_id,create_time,update_time FROM sys_user_role WHERE (user_id = ?)
2026-04-03 22:18:17.907 [http-nio-8080-exec-1] DEBUG c.z.t.m.SysUserRoleMapper.selectList - ==> Parameters: 5(Long)
2026-04-03 22:18:17.908 [http-nio-8080-exec-1] DEBUG c.z.t.m.SysUserRoleMapper.selectList - <==      Total: 1
2026-04-03 22:18:17.909 [http-nio-8080-exec-1] DEBUG c.z.t.m.SysRoleMapper.selectList - ==>  Preparing: SELECT id,role_code,role_name,remark,create_time,update_time FROM sys_role WHERE (id IN (?))
2026-04-03 22:18:17.909 [http-nio-8080-exec-1] DEBUG c.z.t.m.SysRoleMapper.selectList - ==> Parameters: 3(Long)
2026-04-03 22:18:17.909 [http-nio-8080-exec-1] DEBUG c.z.t.m.SysRoleMapper.selectList - <==      Total: 1
2026-04-03 22:18:18.283 [http-nio-8080-exec-2] DEBUG c.z.t.m.SysUserMapper.selectList - ==>  Preparing: SELECT id,username,password,real_name,phone,email,student_no,class_name,counselor_id,avatar_url,status,deleted,create_time,update_time FROM sys_user WHERE deleted=0 AND (username = ? AND deleted = ?)
2026-04-03 22:18:18.284 [http-nio-8080-exec-2] DEBUG c.z.t.m.SysUserMapper.selectList - ==> Parameters: student(String), 0(Integer)
2026-04-03 22:18:18.294 [http-nio-8080-exec-2] DEBUG c.z.t.m.SysUserMapper.selectList - <==      Total: 1
2026-04-03 22:18:18.296 [http-nio-8080-exec-2] DEBUG c.z.t.m.SysUserRoleMapper.selectList - ==>  Preparing: SELECT id,user_id,role_id,create_time,update_time FROM sys_user_role WHERE (user_id = ?)
2026-04-03 22:18:18.296 [http-nio-8080-exec-2] DEBUG c.z.t.m.SysUserRoleMapper.selectList - ==> Parameters: 5(Long)
2026-04-03 22:18:18.298 [http-nio-8080-exec-2] DEBUG c.z.t.m.SysUserRoleMapper.selectList - <==      Total: 1
2026-04-03 22:18:18.300 [http-nio-8080-exec-2] DEBUG c.z.t.m.SysRoleMapper.selectList - ==>  Preparing: SELECT id,role_code,role_name,remark,create_time,update_time FROM sys_role WHERE (id IN (?))
2026-04-03 22:18:18.300 [http-nio-8080-exec-2] DEBUG c.z.t.m.SysRoleMapper.selectList - ==> Parameters: 3(Long)
2026-04-03 22:18:18.300 [http-nio-8080-exec-2] DEBUG c.z.t.m.SysRoleMapper.selectList - <==      Total: 1
2026-04-03 22:18:18.302 [http-nio-8080-exec-2] DEBUG c.z.t.m.SysUserMapper.selectById - ==>  Preparing: SELECT id,username,password,real_name,phone,email,student_no,class_name,counselor_id,avatar_url,status,deleted,create_time,update_time FROM sys_user WHERE id=? AND deleted=0
2026-04-03 22:18:18.303 [http-nio-8080-exec-2] DEBUG c.z.t.m.SysUserMapper.selectById - ==> Parameters: 5(Long)
2026-04-03 22:18:18.308 [http-nio-8080-exec-2] DEBUG c.z.t.m.SysUserMapper.selectById - <==      Total: 1
2026-04-03 22:18:18.312 [http-nio-8080-exec-2] DEBUG c.z.t.m.SysUserRoleMapper.selectList - ==>  Preparing: SELECT id,user_id,role_id,create_time,update_time FROM sys_user_role WHERE (user_id = ?)
2026-04-03 22:18:18.312 [http-nio-8080-exec-2] DEBUG c.z.t.m.SysUserRoleMapper.selectList - ==> Parameters: 5(Long)
2026-04-03 22:18:18.313 [http-nio-8080-exec-2] DEBUG c.z.t.m.SysUserRoleMapper.selectList - <==      Total: 1
2026-04-03 22:18:18.318 [http-nio-8080-exec-2] DEBUG c.z.t.m.SysRoleMapper.selectList - ==>  Preparing: SELECT id,role_code,role_name,remark,create_time,update_time FROM sys_role WHERE (id IN (?))
2026-04-03 22:18:18.319 [http-nio-8080-exec-2] DEBUG c.z.t.m.SysRoleMapper.selectList - ==> Parameters: 3(Long)
2026-04-03 22:18:18.322 [http-nio-8080-exec-2] DEBUG c.z.t.m.SysRoleMapper.selectList - <==      Total: 1
2026-04-03 22:18:18.323 [http-nio-8080-exec-2] DEBUG c.z.t.m.SysUserRoleMapper.selectList - ==>  Preparing: SELECT id,user_id,role_id,create_time,update_time FROM sys_user_role WHERE (user_id = ?)
2026-04-03 22:18:18.324 [http-nio-8080-exec-2] DEBUG c.z.t.m.SysUserRoleMapper.selectList - ==> Parameters: 5(Long)
2026-04-03 22:18:18.325 [http-nio-8080-exec-2] DEBUG c.z.t.m.SysUserRoleMapper.selectList - <==      Total: 1
2026-04-03 22:18:18.326 [http-nio-8080-exec-2] DEBUG c.z.t.m.SysRoleMapper.selectList - ==>  Preparing: SELECT id,role_code,role_name,remark,create_time,update_time FROM sys_role WHERE (id IN (?))
2026-04-03 22:18:18.327 [http-nio-8080-exec-2] DEBUG c.z.t.m.SysRoleMapper.selectList - ==> Parameters: 3(Long)
2026-04-03 22:18:18.329 [http-nio-8080-exec-2] DEBUG c.z.t.m.SysRoleMapper.selectList - <==      Total: 1
2026-04-03 22:18:26.242 [http-nio-8080-exec-3] DEBUG c.z.t.m.SysUserMapper.selectList - ==>  Preparing: SELECT id,username,password,real_name,phone,email,student_no,class_name,counselor_id,avatar_url,status,deleted,create_time,update_time FROM sys_user WHERE deleted=0 AND (username = ? AND deleted = ?)
2026-04-03 22:18:26.245 [http-nio-8080-exec-3] DEBUG c.z.t.m.SysUserMapper.selectList - ==> Parameters: student(String), 0(Integer)
2026-04-03 22:18:26.249 [http-nio-8080-exec-3] DEBUG c.z.t.m.SysUserMapper.selectList - <==      Total: 1
2026-04-03 22:18:26.251 [http-nio-8080-exec-3] DEBUG c.z.t.m.SysUserRoleMapper.selectList - ==>  Preparing: SELECT id,user_id,role_id,create_time,update_time FROM sys_user_role WHERE (user_id = ?)
2026-04-03 22:18:26.253 [http-nio-8080-exec-3] DEBUG c.z.t.m.SysUserRoleMapper.selectList - ==> Parameters: 5(Long)
2026-04-03 22:18:26.254 [http-nio-8080-exec-3] DEBUG c.z.t.m.SysUserRoleMapper.selectList - <==      Total: 1
2026-04-03 22:18:26.255 [http-nio-8080-exec-3] DEBUG c.z.t.m.SysRoleMapper.selectList - ==>  Preparing: SELECT id,role_code,role_name,remark,create_time,update_time FROM sys_role WHERE (id IN (?))
2026-04-03 22:18:26.255 [http-nio-8080-exec-3] DEBUG c.z.t.m.SysRoleMapper.selectList - ==> Parameters: 3(Long)
2026-04-03 22:18:26.256 [http-nio-8080-exec-3] DEBUG c.z.t.m.SysRoleMapper.selectList - <==      Total: 1
2026-04-03 22:18:26.628 [http-nio-8080-exec-4] DEBUG c.z.t.m.SysUserMapper.selectList - ==>  Preparing: SELECT id,username,password,real_name,phone,email,student_no,class_name,counselor_id,avatar_url,status,deleted,create_time,update_time FROM sys_user WHERE deleted=0 AND (username = ? AND deleted = ?)
2026-04-03 22:18:26.629 [http-nio-8080-exec-4] DEBUG c.z.t.m.SysUserMapper.selectList - ==> Parameters: student(String), 0(Integer)
2026-04-03 22:18:26.629 [http-nio-8080-exec-4] DEBUG c.z.t.m.SysUserMapper.selectList - <==      Total: 1
2026-04-03 22:18:26.629 [http-nio-8080-exec-4] DEBUG c.z.t.m.SysUserRoleMapper.selectList - ==>  Preparing: SELECT id,user_id,role_id,create_time,update_time FROM sys_user_role WHERE (user_id = ?)
2026-04-03 22:18:26.629 [http-nio-8080-exec-4] DEBUG c.z.t.m.SysUserRoleMapper.selectList - ==> Parameters: 5(Long)
2026-04-03 22:18:26.630 [http-nio-8080-exec-4] DEBUG c.z.t.m.SysUserRoleMapper.selectList - <==      Total: 1
2026-04-03 22:18:26.630 [http-nio-8080-exec-4] DEBUG c.z.t.m.SysRoleMapper.selectList - ==>  Preparing: SELECT id,role_code,role_name,remark,create_time,update_time FROM sys_role WHERE (id IN (?))
2026-04-03 22:18:26.630 [http-nio-8080-exec-4] DEBUG c.z.t.m.SysRoleMapper.selectList - ==> Parameters: 3(Long)
2026-04-03 22:18:26.631 [http-nio-8080-exec-4] DEBUG c.z.t.m.SysRoleMapper.selectList - <==      Total: 1
2026-04-03 22:18:26.631 [http-nio-8080-exec-4] DEBUG c.z.t.m.SysUserMapper.selectById - ==>  Preparing: SELECT id,username,password,real_name,phone,email,student_no,class_name,counselor_id,avatar_url,status,deleted,create_time,update_time FROM sys_user WHERE id=? AND deleted=0
2026-04-03 22:18:26.632 [http-nio-8080-exec-4] DEBUG c.z.t.m.SysUserMapper.selectById - ==> Parameters: 5(Long)
2026-04-03 22:18:26.632 [http-nio-8080-exec-4] DEBUG c.z.t.m.SysUserMapper.selectById - <==      Total: 1
2026-04-03 22:18:26.632 [http-nio-8080-exec-4] DEBUG c.z.t.m.SysUserRoleMapper.selectList - ==>  Preparing: SELECT id,user_id,role_id,create_time,update_time FROM sys_user_role WHERE (user_id = ?)
2026-04-03 22:18:26.632 [http-nio-8080-exec-4] DEBUG c.z.t.m.SysUserRoleMapper.selectList - ==> Parameters: 5(Long)
2026-04-03 22:18:26.632 [http-nio-8080-exec-4] DEBUG c.z.t.m.SysUserRoleMapper.selectList - <==      Total: 1
2026-04-03 22:18:26.632 [http-nio-8080-exec-4] DEBUG c.z.t.m.SysRoleMapper.selectList - ==>  Preparing: SELECT id,role_code,role_name,remark,create_time,update_time FROM sys_role WHERE (id IN (?))
2026-04-03 22:18:26.633 [http-nio-8080-exec-4] DEBUG c.z.t.m.SysRoleMapper.selectList - ==> Parameters: 3(Long)
2026-04-03 22:18:26.634 [http-nio-8080-exec-4] DEBUG c.z.t.m.SysRoleMapper.selectList - <==      Total: 1
2026-04-03 22:18:26.634 [http-nio-8080-exec-4] DEBUG c.z.t.m.SysUserRoleMapper.selectList - ==>  Preparing: SELECT id,user_id,role_id,create_time,update_time FROM sys_user_role WHERE (user_id = ?)
2026-04-03 22:18:26.634 [http-nio-8080-exec-4] DEBUG c.z.t.m.SysUserRoleMapper.selectList - ==> Parameters: 5(Long)
2026-04-03 22:18:26.635 [http-nio-8080-exec-4] DEBUG c.z.t.m.SysUserRoleMapper.selectList - <==      Total: 1
2026-04-03 22:18:26.648 [http-nio-8080-exec-4] DEBUG c.z.t.m.SysRoleMapper.selectList - ==>  Preparing: SELECT id,role_code,role_name,remark,create_time,update_time FROM sys_role WHERE (id IN (?))
2026-04-03 22:18:26.648 [http-nio-8080-exec-4] DEBUG c.z.t.m.SysRoleMapper.selectList - ==> Parameters: 3(Long)
2026-04-03 22:18:26.650 [http-nio-8080-exec-4] DEBUG c.z.t.m.SysRoleMapper.selectList - <==      Total: 1
2026-04-03 22:18:32.012 [http-nio-8080-exec-5] DEBUG c.z.t.m.SysUserMapper.selectList - ==>  Preparing: SELECT id,username,password,real_name,phone,email,student_no,class_name,counselor_id,avatar_url,status,deleted,create_time,update_time FROM sys_user WHERE deleted=0 AND (username = ? AND deleted = ?)
2026-04-03 22:18:32.012 [http-nio-8080-exec-5] DEBUG c.z.t.m.SysUserMapper.selectList - ==> Parameters: student(String), 0(Integer)
2026-04-03 22:18:32.014 [http-nio-8080-exec-5] DEBUG c.z.t.m.SysUserMapper.selectList - <==      Total: 1
2026-04-03 22:18:32.014 [http-nio-8080-exec-5] DEBUG c.z.t.m.SysUserRoleMapper.selectList - ==>  Preparing: SELECT id,user_id,role_id,create_time,update_time FROM sys_user_role WHERE (user_id = ?)
2026-04-03 22:18:32.014 [http-nio-8080-exec-5] DEBUG c.z.t.m.SysUserRoleMapper.selectList - ==> Parameters: 5(Long)
2026-04-03 22:18:32.015 [http-nio-8080-exec-5] DEBUG c.z.t.m.SysUserRoleMapper.selectList - <==      Total: 1
2026-04-03 22:18:32.015 [http-nio-8080-exec-5] DEBUG c.z.t.m.SysRoleMapper.selectList - ==>  Preparing: SELECT id,role_code,role_name,remark,create_time,update_time FROM sys_role WHERE (id IN (?))
2026-04-03 22:18:32.015 [http-nio-8080-exec-5] DEBUG c.z.t.m.SysRoleMapper.selectList - ==> Parameters: 3(Long)
2026-04-03 22:18:32.015 [http-nio-8080-exec-5] DEBUG c.z.t.m.SysRoleMapper.selectList - <==      Total: 1
2026-04-03 22:18:32.393 [http-nio-8080-exec-6] DEBUG c.z.t.m.SysUserMapper.selectList - ==>  Preparing: SELECT id,username,password,real_name,phone,email,student_no,class_name,counselor_id,avatar_url,status,deleted,create_time,update_time FROM sys_user WHERE deleted=0 AND (username = ? AND deleted = ?)
2026-04-03 22:18:32.394 [http-nio-8080-exec-6] DEBUG c.z.t.m.SysUserMapper.selectList - ==> Parameters: student(String), 0(Integer)
2026-04-03 22:18:32.395 [http-nio-8080-exec-6] DEBUG c.z.t.m.SysUserMapper.selectList - <==      Total: 1
2026-04-03 22:18:32.395 [http-nio-8080-exec-6] DEBUG c.z.t.m.SysUserRoleMapper.selectList - ==>  Preparing: SELECT id,user_id,role_id,create_time,update_time FROM sys_user_role WHERE (user_id = ?)
2026-04-03 22:18:32.395 [http-nio-8080-exec-6] DEBUG c.z.t.m.SysUserRoleMapper.selectList - ==> Parameters: 5(Long)
2026-04-03 22:18:32.396 [http-nio-8080-exec-6] DEBUG c.z.t.m.SysUserRoleMapper.selectList - <==      Total: 1
2026-04-03 22:18:32.396 [http-nio-8080-exec-6] DEBUG c.z.t.m.SysRoleMapper.selectList - ==>  Preparing: SELECT id,role_code,role_name,remark,create_time,update_time FROM sys_role WHERE (id IN (?))
2026-04-03 22:18:32.396 [http-nio-8080-exec-6] DEBUG c.z.t.m.SysRoleMapper.selectList - ==> Parameters: 3(Long)
2026-04-03 22:18:32.396 [http-nio-8080-exec-6] DEBUG c.z.t.m.SysRoleMapper.selectList - <==      Total: 1
2026-04-03 22:18:32.398 [http-nio-8080-exec-6] DEBUG c.z.t.m.SysUserMapper.selectById - ==>  Preparing: SELECT id,username,password,real_name,phone,email,student_no,class_name,counselor_id,avatar_url,status,deleted,create_time,update_time FROM sys_user WHERE id=? AND deleted=0
2026-04-03 22:18:32.399 [http-nio-8080-exec-6] DEBUG c.z.t.m.SysUserMapper.selectById - ==> Parameters: 5(Long)
2026-04-03 22:18:32.400 [http-nio-8080-exec-6] DEBUG c.z.t.m.SysUserMapper.selectById - <==      Total: 1
2026-04-03 22:18:32.401 [http-nio-8080-exec-6] DEBUG c.z.t.m.SysUserRoleMapper.selectList - ==>  Preparing: SELECT id,user_id,role_id,create_time,update_time FROM sys_user_role WHERE (user_id = ?)
2026-04-03 22:18:32.403 [http-nio-8080-exec-6] DEBUG c.z.t.m.SysUserRoleMapper.selectList - ==> Parameters: 5(Long)
2026-04-03 22:18:32.404 [http-nio-8080-exec-6] DEBUG c.z.t.m.SysUserRoleMapper.selectList - <==      Total: 1
2026-04-03 22:18:32.404 [http-nio-8080-exec-6] DEBUG c.z.t.m.SysRoleMapper.selectList - ==>  Preparing: SELECT id,role_code,role_name,remark,create_time,update_time FROM sys_role WHERE (id IN (?))
2026-04-03 22:18:32.404 [http-nio-8080-exec-6] DEBUG c.z.t.m.SysRoleMapper.selectList - ==> Parameters: 3(Long)
2026-04-03 22:18:32.405 [http-nio-8080-exec-6] DEBUG c.z.t.m.SysRoleMapper.selectList - <==      Total: 1
2026-04-03 22:18:32.405 [http-nio-8080-exec-6] DEBUG c.z.t.m.SysUserRoleMapper.selectList - ==>  Preparing: SELECT id,user_id,role_id,create_time,update_time FROM sys_user_role WHERE (user_id = ?)
2026-04-03 22:18:32.406 [http-nio-8080-exec-6] DEBUG c.z.t.m.SysUserRoleMapper.selectList - ==> Parameters: 5(Long)
2026-04-03 22:18:32.406 [http-nio-8080-exec-6] DEBUG c.z.t.m.SysUserRoleMapper.selectList - <==      Total: 1
2026-04-03 22:18:32.406 [http-nio-8080-exec-6] DEBUG c.z.t.m.SysRoleMapper.selectList - ==>  Preparing: SELECT id,role_code,role_name,remark,create_time,update_time FROM sys_role WHERE (id IN (?))
2026-04-03 22:18:32.406 [http-nio-8080-exec-6] DEBUG c.z.t.m.SysRoleMapper.selectList - ==> Parameters: 3(Long)
2026-04-03 22:18:32.408 [http-nio-8080-exec-6] DEBUG c.z.t.m.SysRoleMapper.selectList - <==      Total: 1
2026-04-03 22:19:51.088 [http-nio-8080-exec-7] DEBUG c.z.t.m.SysUserMapper.selectList - ==>  Preparing: SELECT id,username,password,real_name,phone,email,student_no,class_name,counselor_id,avatar_url,status,deleted,create_time,update_time FROM sys_user WHERE deleted=0 AND (username = ? AND deleted = ?)
2026-04-03 22:19:51.088 [http-nio-8080-exec-7] DEBUG c.z.t.m.SysUserMapper.selectList - ==> Parameters: student(String), 0(Integer)
2026-04-03 22:19:51.088 [http-nio-8080-exec-7] DEBUG c.z.t.m.SysUserMapper.selectList - <==      Total: 1
2026-04-03 22:19:51.090 [http-nio-8080-exec-7] DEBUG c.z.t.m.SysUserRoleMapper.selectList - ==>  Preparing: SELECT id,user_id,role_id,create_time,update_time FROM sys_user_role WHERE (user_id = ?)
2026-04-03 22:19:51.090 [http-nio-8080-exec-7] DEBUG c.z.t.m.SysUserRoleMapper.selectList - ==> Parameters: 5(Long)
2026-04-03 22:19:51.090 [http-nio-8080-exec-7] DEBUG c.z.t.m.SysUserRoleMapper.selectList - <==      Total: 1
2026-04-03 22:19:51.090 [http-nio-8080-exec-7] DEBUG c.z.t.m.SysRoleMapper.selectList - ==>  Preparing: SELECT id,role_code,role_name,remark,create_time,update_time FROM sys_role WHERE (id IN (?))
2026-04-03 22:19:51.091 [http-nio-8080-exec-7] DEBUG c.z.t.m.SysRoleMapper.selectList - ==> Parameters: 3(Long)
2026-04-03 22:19:51.091 [http-nio-8080-exec-7] DEBUG c.z.t.m.SysRoleMapper.selectList - <==      Total: 1
2026-04-03 22:19:51.153 [http-nio-8080-exec-8] DEBUG c.z.t.m.SysUserMapper.selectList - ==>  Preparing: SELECT id,username,password,real_name,phone,email,student_no,class_name,counselor_id,avatar_url,status,deleted,create_time,update_time FROM sys_user WHERE deleted=0 AND (username = ? AND deleted = ?)
2026-04-03 22:19:51.153 [http-nio-8080-exec-8] DEBUG c.z.t.m.SysUserMapper.selectList - ==> Parameters: student(String), 0(Integer)
2026-04-03 22:19:51.155 [http-nio-8080-exec-8] DEBUG c.z.t.m.SysUserMapper.selectList - <==      Total: 1
2026-04-03 22:19:51.155 [http-nio-8080-exec-8] DEBUG c.z.t.m.SysUserRoleMapper.selectList - ==>  Preparing: SELECT id,user_id,role_id,create_time,update_time FROM sys_user_role WHERE (user_id = ?)
2026-04-03 22:19:51.155 [http-nio-8080-exec-8] DEBUG c.z.t.m.SysUserRoleMapper.selectList - ==> Parameters: 5(Long)
2026-04-03 22:19:51.155 [http-nio-8080-exec-8] DEBUG c.z.t.m.SysUserRoleMapper.selectList - <==      Total: 1
2026-04-03 22:19:51.156 [http-nio-8080-exec-8] DEBUG c.z.t.m.SysRoleMapper.selectList - ==>  Preparing: SELECT id,role_code,role_name,remark,create_time,update_time FROM sys_role WHERE (id IN (?))
2026-04-03 22:19:51.156 [http-nio-8080-exec-8] DEBUG c.z.t.m.SysRoleMapper.selectList - ==> Parameters: 3(Long)
2026-04-03 22:19:51.156 [http-nio-8080-exec-8] DEBUG c.z.t.m.SysRoleMapper.selectList - <==      Total: 1
2026-04-03 22:19:51.156 [http-nio-8080-exec-8] DEBUG c.z.t.m.SysUserMapper.selectById - ==>  Preparing: SELECT id,username,password,real_name,phone,email,student_no,class_name,counselor_id,avatar_url,status,deleted,create_time,update_time FROM sys_user WHERE id=? AND deleted=0
2026-04-03 22:19:51.157 [http-nio-8080-exec-8] DEBUG c.z.t.m.SysUserMapper.selectById - ==> Parameters: 5(Long)
2026-04-03 22:19:51.158 [http-nio-8080-exec-8] DEBUG c.z.t.m.SysUserMapper.selectById - <==      Total: 1
2026-04-03 22:19:51.158 [http-nio-8080-exec-8] DEBUG c.z.t.m.SysUserRoleMapper.selectList - ==>  Preparing: SELECT id,user_id,role_id,create_time,update_time FROM sys_user_role WHERE (user_id = ?)
2026-04-03 22:19:51.158 [http-nio-8080-exec-8] DEBUG c.z.t.m.SysUserRoleMapper.selectList - ==> Parameters: 5(Long)
2026-04-03 22:19:51.158 [http-nio-8080-exec-8] DEBUG c.z.t.m.SysUserRoleMapper.selectList - <==      Total: 1
2026-04-03 22:19:51.159 [http-nio-8080-exec-8] DEBUG c.z.t.m.SysRoleMapper.selectList - ==>  Preparing: SELECT id,role_code,role_name,remark,create_time,update_time FROM sys_role WHERE (id IN (?))
2026-04-03 22:19:51.159 [http-nio-8080-exec-8] DEBUG c.z.t.m.SysRoleMapper.selectList - ==> Parameters: 3(Long)
2026-04-03 22:19:51.159 [http-nio-8080-exec-8] DEBUG c.z.t.m.SysRoleMapper.selectList - <==      Total: 1
2026-04-03 22:19:51.159 [http-nio-8080-exec-8] DEBUG c.z.t.m.SysUserRoleMapper.selectList - ==>  Preparing: SELECT id,user_id,role_id,create_time,update_time FROM sys_user_role WHERE (user_id = ?)
2026-04-03 22:19:51.159 [http-nio-8080-exec-8] DEBUG c.z.t.m.SysUserRoleMapper.selectList - ==> Parameters: 5(Long)
2026-04-03 22:19:51.160 [http-nio-8080-exec-8] DEBUG c.z.t.m.SysUserRoleMapper.selectList - <==      Total: 1
2026-04-03 22:19:51.160 [http-nio-8080-exec-8] DEBUG c.z.t.m.SysRoleMapper.selectList - ==>  Preparing: SELECT id,role_code,role_name,remark,create_time,update_time FROM sys_role WHERE (id IN (?))
2026-04-03 22:19:51.161 [http-nio-8080-exec-8] DEBUG c.z.t.m.SysRoleMapper.selectList - ==> Parameters: 3(Long)
2026-04-03 22:19:51.161 [http-nio-8080-exec-8] DEBUG c.z.t.m.SysRoleMapper.selectList - <==      Total: 1
2026-04-03 22:20:48.586 [http-nio-8080-exec-10] DEBUG c.z.t.m.SysUserMapper.selectList - ==>  Preparing: SELECT id,username,password,real_name,phone,email,student_no,class_name,counselor_id,avatar_url,status,deleted,create_time,update_time FROM sys_user WHERE deleted=0 AND (username = ? AND deleted = ?)
2026-04-03 22:20:48.586 [http-nio-8080-exec-10] DEBUG c.z.t.m.SysUserMapper.selectList - ==> Parameters: student(String), 0(Integer)
2026-04-03 22:20:48.586 [http-nio-8080-exec-10] DEBUG c.z.t.m.SysUserMapper.selectList - <==      Total: 1
2026-04-03 22:20:48.588 [http-nio-8080-exec-10] DEBUG c.z.t.m.SysUserRoleMapper.selectList - ==>  Preparing: SELECT id,user_id,role_id,create_time,update_time FROM sys_user_role WHERE (user_id = ?)
2026-04-03 22:20:48.588 [http-nio-8080-exec-10] DEBUG c.z.t.m.SysUserRoleMapper.selectList - ==> Parameters: 5(Long)
2026-04-03 22:20:48.588 [http-nio-8080-exec-10] DEBUG c.z.t.m.SysUserRoleMapper.selectList - <==      Total: 1
2026-04-03 22:20:48.589 [http-nio-8080-exec-10] DEBUG c.z.t.m.SysRoleMapper.selectList - ==>  Preparing: SELECT id,role_code,role_name,remark,create_time,update_time FROM sys_role WHERE (id IN (?))
2026-04-03 22:20:48.589 [http-nio-8080-exec-10] DEBUG c.z.t.m.SysRoleMapper.selectList - ==> Parameters: 3(Long)
2026-04-03 22:20:48.589 [http-nio-8080-exec-10] DEBUG c.z.t.m.SysRoleMapper.selectList - <==      Total: 1
2026-04-03 22:20:48.850 [http-nio-8080-exec-9] DEBUG c.z.t.m.SysUserMapper.selectList - ==>  Preparing: SELECT id,username,password,real_name,phone,email,student_no,class_name,counselor_id,avatar_url,status,deleted,create_time,update_time FROM sys_user WHERE deleted=0 AND (username = ? AND deleted = ?)
2026-04-03 22:20:48.852 [http-nio-8080-exec-9] DEBUG c.z.t.m.SysUserMapper.selectList - ==> Parameters: student(String), 0(Integer)
2026-04-03 22:20:48.853 [http-nio-8080-exec-9] DEBUG c.z.t.m.SysUserMapper.selectList - <==      Total: 1
2026-04-03 22:20:48.853 [http-nio-8080-exec-9] DEBUG c.z.t.m.SysUserRoleMapper.selectList - ==>  Preparing: SELECT id,user_id,role_id,create_time,update_time FROM sys_user_role WHERE (user_id = ?)
2026-04-03 22:20:48.855 [http-nio-8080-exec-9] DEBUG c.z.t.m.SysUserRoleMapper.selectList - ==> Parameters: 5(Long)
2026-04-03 22:20:48.855 [http-nio-8080-exec-9] DEBUG c.z.t.m.SysUserRoleMapper.selectList - <==      Total: 1
2026-04-03 22:20:48.855 [http-nio-8080-exec-9] DEBUG c.z.t.m.SysRoleMapper.selectList - ==>  Preparing: SELECT id,role_code,role_name,remark,create_time,update_time FROM sys_role WHERE (id IN (?))
2026-04-03 22:20:48.855 [http-nio-8080-exec-9] DEBUG c.z.t.m.SysRoleMapper.selectList - ==> Parameters: 3(Long)
2026-04-03 22:20:48.855 [http-nio-8080-exec-9] DEBUG c.z.t.m.SysRoleMapper.selectList - <==      Total: 1
2026-04-03 22:20:48.856 [http-nio-8080-exec-9] DEBUG c.z.t.m.SysUserMapper.selectById - ==>  Preparing: SELECT id,username,password,real_name,phone,email,student_no,class_name,counselor_id,avatar_url,status,deleted,create_time,update_time FROM sys_user WHERE id=? AND deleted=0
2026-04-03 22:20:48.856 [http-nio-8080-exec-9] DEBUG c.z.t.m.SysUserMapper.selectById - ==> Parameters: 5(Long)
2026-04-03 22:20:48.857 [http-nio-8080-exec-9] DEBUG c.z.t.m.SysUserMapper.selectById - <==      Total: 1
2026-04-03 22:20:48.857 [http-nio-8080-exec-9] DEBUG c.z.t.m.SysUserRoleMapper.selectList - ==>  Preparing: SELECT id,user_id,role_id,create_time,update_time FROM sys_user_role WHERE (user_id = ?)
2026-04-03 22:20:48.857 [http-nio-8080-exec-9] DEBUG c.z.t.m.SysUserRoleMapper.selectList - ==> Parameters: 5(Long)
2026-04-03 22:20:48.858 [http-nio-8080-exec-9] DEBUG c.z.t.m.SysUserRoleMapper.selectList - <==      Total: 1
2026-04-03 22:20:48.858 [http-nio-8080-exec-9] DEBUG c.z.t.m.SysRoleMapper.selectList - ==>  Preparing: SELECT id,role_code,role_name,remark,create_time,update_time FROM sys_role WHERE (id IN (?))
2026-04-03 22:20:48.858 [http-nio-8080-exec-9] DEBUG c.z.t.m.SysRoleMapper.selectList - ==> Parameters: 3(Long)
2026-04-03 22:20:48.859 [http-nio-8080-exec-9] DEBUG c.z.t.m.SysRoleMapper.selectList - <==      Total: 1
2026-04-03 22:20:48.860 [http-nio-8080-exec-9] DEBUG c.z.t.m.SysUserRoleMapper.selectList - ==>  Preparing: SELECT id,user_id,role_id,create_time,update_time FROM sys_user_role WHERE (user_id = ?)
2026-04-03 22:20:48.860 [http-nio-8080-exec-9] DEBUG c.z.t.m.SysUserRoleMapper.selectList - ==> Parameters: 5(Long)
2026-04-03 22:20:48.860 [http-nio-8080-exec-9] DEBUG c.z.t.m.SysUserRoleMapper.selectList - <==      Total: 1
2026-04-03 22:20:48.860 [http-nio-8080-exec-9] DEBUG c.z.t.m.SysRoleMapper.selectList - ==>  Preparing: SELECT id,role_code,role_name,remark,create_time,update_time FROM sys_role WHERE (id IN (?))
2026-04-03 22:20:48.861 [http-nio-8080-exec-9] DEBUG c.z.t.m.SysRoleMapper.selectList - ==> Parameters: 3(Long)
2026-04-03 22:20:48.861 [http-nio-8080-exec-9] DEBUG c.z.t.m.SysRoleMapper.selectList - <==      Total: 1
2026-04-03 22:22:36.474 [http-nio-8080-exec-1] DEBUG c.z.t.m.SysUserMapper.selectList - ==>  Preparing: SELECT id,username,password,real_name,phone,email,student_no,class_name,counselor_id,avatar_url,status,deleted,create_time,update_time FROM sys_user WHERE deleted=0 AND (username = ? AND deleted = ?)
2026-04-03 22:22:36.475 [http-nio-8080-exec-1] DEBUG c.z.t.m.SysUserMapper.selectList - ==> Parameters: student(String), 0(Integer)
2026-04-03 22:22:36.475 [http-nio-8080-exec-1] DEBUG c.z.t.m.SysUserMapper.selectList - <==      Total: 1
2026-04-03 22:22:36.475 [http-nio-8080-exec-1] DEBUG c.z.t.m.SysUserRoleMapper.selectList - ==>  Preparing: SELECT id,user_id,role_id,create_time,update_time FROM sys_user_role WHERE (user_id = ?)
2026-04-03 22:22:36.476 [http-nio-8080-exec-1] DEBUG c.z.t.m.SysUserRoleMapper.selectList - ==> Parameters: 5(Long)
2026-04-03 22:22:36.476 [http-nio-8080-exec-1] DEBUG c.z.t.m.SysUserRoleMapper.selectList - <==      Total: 1
2026-04-03 22:22:36.476 [http-nio-8080-exec-1] DEBUG c.z.t.m.SysRoleMapper.selectList - ==>  Preparing: SELECT id,role_code,role_name,remark,create_time,update_time FROM sys_role WHERE (id IN (?))
2026-04-03 22:22:36.476 [http-nio-8080-exec-1] DEBUG c.z.t.m.SysRoleMapper.selectList - ==> Parameters: 3(Long)
2026-04-03 22:22:36.479 [http-nio-8080-exec-1] DEBUG c.z.t.m.SysRoleMapper.selectList - <==      Total: 1
2026-04-03 22:22:36.860 [http-nio-8080-exec-2] DEBUG c.z.t.m.SysUserMapper.selectList - ==>  Preparing: SELECT id,username,password,real_name,phone,email,student_no,class_name,counselor_id,avatar_url,status,deleted,create_time,update_time FROM sys_user WHERE deleted=0 AND (username = ? AND deleted = ?)
2026-04-03 22:22:36.860 [http-nio-8080-exec-2] DEBUG c.z.t.m.SysUserMapper.selectList - ==> Parameters: student(String), 0(Integer)
2026-04-03 22:22:36.861 [http-nio-8080-exec-2] DEBUG c.z.t.m.SysUserMapper.selectList - <==      Total: 1
2026-04-03 22:22:36.861 [http-nio-8080-exec-2] DEBUG c.z.t.m.SysUserRoleMapper.selectList - ==>  Preparing: SELECT id,user_id,role_id,create_time,update_time FROM sys_user_role WHERE (user_id = ?)
2026-04-03 22:22:36.863 [http-nio-8080-exec-2] DEBUG c.z.t.m.SysUserRoleMapper.selectList - ==> Parameters: 5(Long)
2026-04-03 22:22:36.863 [http-nio-8080-exec-2] DEBUG c.z.t.m.SysUserRoleMapper.selectList - <==      Total: 1
2026-04-03 22:22:36.863 [http-nio-8080-exec-2] DEBUG c.z.t.m.SysRoleMapper.selectList - ==>  Preparing: SELECT id,role_code,role_name,remark,create_time,update_time FROM sys_role WHERE (id IN (?))
2026-04-03 22:22:36.864 [http-nio-8080-exec-2] DEBUG c.z.t.m.SysRoleMapper.selectList - ==> Parameters: 3(Long)
2026-04-03 22:22:36.864 [http-nio-8080-exec-2] DEBUG c.z.t.m.SysRoleMapper.selectList - <==      Total: 1
2026-04-03 22:22:36.866 [http-nio-8080-exec-2] DEBUG c.z.t.m.SysUserMapper.selectById - ==>  Preparing: SELECT id,username,password,real_name,phone,email,student_no,class_name,counselor_id,avatar_url,status,deleted,create_time,update_time FROM sys_user WHERE id=? AND deleted=0
2026-04-03 22:22:36.866 [http-nio-8080-exec-2] DEBUG c.z.t.m.SysUserMapper.selectById - ==> Parameters: 5(Long)
2026-04-03 22:22:36.866 [http-nio-8080-exec-2] DEBUG c.z.t.m.SysUserMapper.selectById - <==      Total: 1
2026-04-03 22:22:36.867 [http-nio-8080-exec-2] DEBUG c.z.t.m.SysUserRoleMapper.selectList - ==>  Preparing: SELECT id,user_id,role_id,create_time,update_time FROM sys_user_role WHERE (user_id = ?)
2026-04-03 22:22:36.867 [http-nio-8080-exec-2] DEBUG c.z.t.m.SysUserRoleMapper.selectList - ==> Parameters: 5(Long)
2026-04-03 22:22:36.867 [http-nio-8080-exec-2] DEBUG c.z.t.m.SysUserRoleMapper.selectList - <==      Total: 1
2026-04-03 22:22:36.869 [http-nio-8080-exec-2] DEBUG c.z.t.m.SysRoleMapper.selectList - ==>  Preparing: SELECT id,role_code,role_name,remark,create_time,update_time FROM sys_role WHERE (id IN (?))
2026-04-03 22:22:36.869 [http-nio-8080-exec-2] DEBUG c.z.t.m.SysRoleMapper.selectList - ==> Parameters: 3(Long)
2026-04-03 22:22:36.869 [http-nio-8080-exec-2] DEBUG c.z.t.m.SysRoleMapper.selectList - <==      Total: 1
2026-04-03 22:22:36.870 [http-nio-8080-exec-2] DEBUG c.z.t.m.SysUserRoleMapper.selectList - ==>  Preparing: SELECT id,user_id,role_id,create_time,update_time FROM sys_user_role WHERE (user_id = ?)
2026-04-03 22:22:36.870 [http-nio-8080-exec-2] DEBUG c.z.t.m.SysUserRoleMapper.selectList - ==> Parameters: 5(Long)
2026-04-03 22:22:36.871 [http-nio-8080-exec-2] DEBUG c.z.t.m.SysUserRoleMapper.selectList - <==      Total: 1
2026-04-03 22:22:36.872 [http-nio-8080-exec-2] DEBUG c.z.t.m.SysRoleMapper.selectList - ==>  Preparing: SELECT id,role_code,role_name,remark,create_time,update_time FROM sys_role WHERE (id IN (?))
2026-04-03 22:22:36.872 [http-nio-8080-exec-2] DEBUG c.z.t.m.SysRoleMapper.selectList - ==> Parameters: 3(Long)
2026-04-03 22:22:36.872 [http-nio-8080-exec-2] DEBUG c.z.t.m.SysRoleMapper.selectList - <==      Total: 1
2026-04-03 22:22:41.732 [http-nio-8080-exec-3] DEBUG c.z.t.m.SysUserMapper.selectList - ==>  Preparing: SELECT id,username,password,real_name,phone,email,student_no,class_name,counselor_id,avatar_url,status,deleted,create_time,update_time FROM sys_user WHERE deleted=0 AND (username = ? AND deleted = ?)
2026-04-03 22:22:41.734 [http-nio-8080-exec-3] DEBUG c.z.t.m.SysUserMapper.selectList - ==> Parameters: student(String), 0(Integer)
2026-04-03 22:22:41.740 [http-nio-8080-exec-3] DEBUG c.z.t.m.SysUserMapper.selectList - <==      Total: 1
2026-04-03 22:22:41.744 [http-nio-8080-exec-3] DEBUG c.z.t.m.SysUserRoleMapper.selectList - ==>  Preparing: SELECT id,user_id,role_id,create_time,update_time FROM sys_user_role WHERE (user_id = ?)
2026-04-03 22:22:41.747 [http-nio-8080-exec-3] DEBUG c.z.t.m.SysUserRoleMapper.selectList - ==> Parameters: 5(Long)
2026-04-03 22:22:41.749 [http-nio-8080-exec-3] DEBUG c.z.t.m.SysUserRoleMapper.selectList - <==      Total: 1
2026-04-03 22:22:41.752 [http-nio-8080-exec-3] DEBUG c.z.t.m.SysRoleMapper.selectList - ==>  Preparing: SELECT id,role_code,role_name,remark,create_time,update_time FROM sys_role WHERE (id IN (?))
2026-04-03 22:22:41.754 [http-nio-8080-exec-3] DEBUG c.z.t.m.SysRoleMapper.selectList - ==> Parameters: 3(Long)
2026-04-03 22:22:41.755 [http-nio-8080-exec-3] DEBUG c.z.t.m.SysRoleMapper.selectList - <==      Total: 1
2026-04-03 22:22:42.124 [http-nio-8080-exec-4] DEBUG c.z.t.m.SysUserMapper.selectList - ==>  Preparing: SELECT id,username,password,real_name,phone,email,student_no,class_name,counselor_id,avatar_url,status,deleted,create_time,update_time FROM sys_user WHERE deleted=0 AND (username = ? AND deleted = ?)
2026-04-03 22:22:42.126 [http-nio-8080-exec-4] DEBUG c.z.t.m.SysUserMapper.selectList - ==> Parameters: student(String), 0(Integer)
2026-04-03 22:22:42.127 [http-nio-8080-exec-4] DEBUG c.z.t.m.SysUserMapper.selectList - <==      Total: 1
2026-04-03 22:22:42.127 [http-nio-8080-exec-4] DEBUG c.z.t.m.SysUserRoleMapper.selectList - ==>  Preparing: SELECT id,user_id,role_id,create_time,update_time FROM sys_user_role WHERE (user_id = ?)
2026-04-03 22:22:42.127 [http-nio-8080-exec-4] DEBUG c.z.t.m.SysUserRoleMapper.selectList - ==> Parameters: 5(Long)
2026-04-03 22:22:42.128 [http-nio-8080-exec-4] DEBUG c.z.t.m.SysUserRoleMapper.selectList - <==      Total: 1
2026-04-03 22:22:42.128 [http-nio-8080-exec-4] DEBUG c.z.t.m.SysRoleMapper.selectList - ==>  Preparing: SELECT id,role_code,role_name,remark,create_time,update_time FROM sys_role WHERE (id IN (?))
2026-04-03 22:22:42.128 [http-nio-8080-exec-4] DEBUG c.z.t.m.SysRoleMapper.selectList - ==> Parameters: 3(Long)
2026-04-03 22:22:42.130 [http-nio-8080-exec-4] DEBUG c.z.t.m.SysRoleMapper.selectList - <==      Total: 1
2026-04-03 22:22:42.130 [http-nio-8080-exec-4] DEBUG c.z.t.m.SysUserMapper.selectById - ==>  Preparing: SELECT id,username,password,real_name,phone,email,student_no,class_name,counselor_id,avatar_url,status,deleted,create_time,update_time FROM sys_user WHERE id=? AND deleted=0
2026-04-03 22:22:42.132 [http-nio-8080-exec-4] DEBUG c.z.t.m.SysUserMapper.selectById - ==> Parameters: 5(Long)
2026-04-03 22:22:42.132 [http-nio-8080-exec-4] DEBUG c.z.t.m.SysUserMapper.selectById - <==      Total: 1
2026-04-03 22:22:42.133 [http-nio-8080-exec-4] DEBUG c.z.t.m.SysUserRoleMapper.selectList - ==>  Preparing: SELECT id,user_id,role_id,create_time,update_time FROM sys_user_role WHERE (user_id = ?)
2026-04-03 22:22:42.133 [http-nio-8080-exec-4] DEBUG c.z.t.m.SysUserRoleMapper.selectList - ==> Parameters: 5(Long)
2026-04-03 22:22:42.134 [http-nio-8080-exec-4] DEBUG c.z.t.m.SysUserRoleMapper.selectList - <==      Total: 1
2026-04-03 22:22:42.135 [http-nio-8080-exec-4] DEBUG c.z.t.m.SysRoleMapper.selectList - ==>  Preparing: SELECT id,role_code,role_name,remark,create_time,update_time FROM sys_role WHERE (id IN (?))
2026-04-03 22:22:42.135 [http-nio-8080-exec-4] DEBUG c.z.t.m.SysRoleMapper.selectList - ==> Parameters: 3(Long)
2026-04-03 22:22:42.135 [http-nio-8080-exec-4] DEBUG c.z.t.m.SysRoleMapper.selectList - <==      Total: 1
2026-04-03 22:22:42.137 [http-nio-8080-exec-4] DEBUG c.z.t.m.SysUserRoleMapper.selectList - ==>  Preparing: SELECT id,user_id,role_id,create_time,update_time FROM sys_user_role WHERE (user_id = ?)
2026-04-03 22:22:42.137 [http-nio-8080-exec-4] DEBUG c.z.t.m.SysUserRoleMapper.selectList - ==> Parameters: 5(Long)
2026-04-03 22:22:42.137 [http-nio-8080-exec-4] DEBUG c.z.t.m.SysUserRoleMapper.selectList - <==      Total: 1
2026-04-03 22:22:42.138 [http-nio-8080-exec-4] DEBUG c.z.t.m.SysRoleMapper.selectList - ==>  Preparing: SELECT id,role_code,role_name,remark,create_time,update_time FROM sys_role WHERE (id IN (?))
2026-04-03 22:22:42.138 [http-nio-8080-exec-4] DEBUG c.z.t.m.SysRoleMapper.selectList - ==> Parameters: 3(Long)
2026-04-03 22:22:42.138 [http-nio-8080-exec-4] DEBUG c.z.t.m.SysRoleMapper.selectList - <==      Total: 1
2026-04-03 22:22:46.915 [http-nio-8080-exec-5] DEBUG c.z.t.m.SysUserMapper.selectList - ==>  Preparing: SELECT id,username,password,real_name,phone,email,student_no,class_name,counselor_id,avatar_url,status,deleted,create_time,update_time FROM sys_user WHERE deleted=0 AND (username = ? AND deleted = ?)
2026-04-03 22:22:46.915 [http-nio-8080-exec-5] DEBUG c.z.t.m.SysUserMapper.selectList - ==> Parameters: student(String), 0(Integer)
2026-04-03 22:22:46.915 [http-nio-8080-exec-5] DEBUG c.z.t.m.SysUserMapper.selectList - <==      Total: 1
2026-04-03 22:22:46.916 [http-nio-8080-exec-5] DEBUG c.z.t.m.SysUserRoleMapper.selectList - ==>  Preparing: SELECT id,user_id,role_id,create_time,update_time FROM sys_user_role WHERE (user_id = ?)
2026-04-03 22:22:46.916 [http-nio-8080-exec-5] DEBUG c.z.t.m.SysUserRoleMapper.selectList - ==> Parameters: 5(Long)
2026-04-03 22:22:46.916 [http-nio-8080-exec-5] DEBUG c.z.t.m.SysUserRoleMapper.selectList - <==      Total: 1
2026-04-03 22:22:46.918 [http-nio-8080-exec-5] DEBUG c.z.t.m.SysRoleMapper.selectList - ==>  Preparing: SELECT id,role_code,role_name,remark,create_time,update_time FROM sys_role WHERE (id IN (?))
2026-04-03 22:22:46.918 [http-nio-8080-exec-5] DEBUG c.z.t.m.SysRoleMapper.selectList - ==> Parameters: 3(Long)
2026-04-03 22:22:46.918 [http-nio-8080-exec-5] DEBUG c.z.t.m.SysRoleMapper.selectList - <==      Total: 1
2026-04-03 22:22:47.290 [http-nio-8080-exec-6] DEBUG c.z.t.m.SysUserMapper.selectList - ==>  Preparing: SELECT id,username,password,real_name,phone,email,student_no,class_name,counselor_id,avatar_url,status,deleted,create_time,update_time FROM sys_user WHERE deleted=0 AND (username = ? AND deleted = ?)
2026-04-03 22:22:47.290 [http-nio-8080-exec-6] DEBUG c.z.t.m.SysUserMapper.selectList - ==> Parameters: student(String), 0(Integer)
2026-04-03 22:22:47.292 [http-nio-8080-exec-6] DEBUG c.z.t.m.SysUserMapper.selectList - <==      Total: 1
2026-04-03 22:22:47.294 [http-nio-8080-exec-6] DEBUG c.z.t.m.SysUserRoleMapper.selectList - ==>  Preparing: SELECT id,user_id,role_id,create_time,update_time FROM sys_user_role WHERE (user_id = ?)
2026-04-03 22:22:47.296 [http-nio-8080-exec-6] DEBUG c.z.t.m.SysUserRoleMapper.selectList - ==> Parameters: 5(Long)
2026-04-03 22:22:47.303 [http-nio-8080-exec-6] DEBUG c.z.t.m.SysUserRoleMapper.selectList - <==      Total: 1
2026-04-03 22:22:47.304 [http-nio-8080-exec-6] DEBUG c.z.t.m.SysRoleMapper.selectList - ==>  Preparing: SELECT id,role_code,role_name,remark,create_time,update_time FROM sys_role WHERE (id IN (?))
2026-04-03 22:22:47.304 [http-nio-8080-exec-6] DEBUG c.z.t.m.SysRoleMapper.selectList - ==> Parameters: 3(Long)
2026-04-03 22:22:47.305 [http-nio-8080-exec-6] DEBUG c.z.t.m.SysRoleMapper.selectList - <==      Total: 1
2026-04-03 22:22:47.305 [http-nio-8080-exec-6] DEBUG c.z.t.m.SysUserMapper.selectById - ==>  Preparing: SELECT id,username,password,real_name,phone,email,student_no,class_name,counselor_id,avatar_url,status,deleted,create_time,update_time FROM sys_user WHERE id=? AND deleted=0
2026-04-03 22:22:47.306 [http-nio-8080-exec-6] DEBUG c.z.t.m.SysUserMapper.selectById - ==> Parameters: 5(Long)
2026-04-03 22:22:47.307 [http-nio-8080-exec-6] DEBUG c.z.t.m.SysUserMapper.selectById - <==      Total: 1
2026-04-03 22:22:47.307 [http-nio-8080-exec-6] DEBUG c.z.t.m.SysUserRoleMapper.selectList - ==>  Preparing: SELECT id,user_id,role_id,create_time,update_time FROM sys_user_role WHERE (user_id = ?)
2026-04-03 22:22:47.308 [http-nio-8080-exec-6] DEBUG c.z.t.m.SysUserRoleMapper.selectList - ==> Parameters: 5(Long)
2026-04-03 22:22:47.309 [http-nio-8080-exec-6] DEBUG c.z.t.m.SysUserRoleMapper.selectList - <==      Total: 1
2026-04-03 22:22:47.310 [http-nio-8080-exec-6] DEBUG c.z.t.m.SysRoleMapper.selectList - ==>  Preparing: SELECT id,role_code,role_name,remark,create_time,update_time FROM sys_role WHERE (id IN (?))
2026-04-03 22:22:47.310 [http-nio-8080-exec-6] DEBUG c.z.t.m.SysRoleMapper.selectList - ==> Parameters: 3(Long)
2026-04-03 22:22:47.310 [http-nio-8080-exec-6] DEBUG c.z.t.m.SysRoleMapper.selectList - <==      Total: 1
2026-04-03 22:22:47.312 [http-nio-8080-exec-6] DEBUG c.z.t.m.SysUserRoleMapper.selectList - ==>  Preparing: SELECT id,user_id,role_id,create_time,update_time FROM sys_user_role WHERE (user_id = ?)
2026-04-03 22:22:47.312 [http-nio-8080-exec-6] DEBUG c.z.t.m.SysUserRoleMapper.selectList - ==> Parameters: 5(Long)
2026-04-03 22:22:47.313 [http-nio-8080-exec-6] DEBUG c.z.t.m.SysUserRoleMapper.selectList - <==      Total: 1
2026-04-03 22:22:47.313 [http-nio-8080-exec-6] DEBUG c.z.t.m.SysRoleMapper.selectList - ==>  Preparing: SELECT id,role_code,role_name,remark,create_time,update_time FROM sys_role WHERE (id IN (?))
2026-04-03 22:22:47.313 [http-nio-8080-exec-6] DEBUG c.z.t.m.SysRoleMapper.selectList - ==> Parameters: 3(Long)
2026-04-03 22:22:47.313 [http-nio-8080-exec-6] DEBUG c.z.t.m.SysRoleMapper.selectList - <==      Total: 1
2026-04-03 22:22:57.934 [http-nio-8080-exec-7] DEBUG c.z.t.m.SysUserMapper.selectList - ==>  Preparing: SELECT id,username,password,real_name,phone,email,student_no,class_name,counselor_id,avatar_url,status,deleted,create_time,update_time FROM sys_user WHERE deleted=0 AND (username = ? AND deleted = ?)
2026-04-03 22:22:57.934 [http-nio-8080-exec-7] DEBUG c.z.t.m.SysUserMapper.selectList - ==> Parameters: student(String), 0(Integer)
2026-04-03 22:22:57.936 [http-nio-8080-exec-7] DEBUG c.z.t.m.SysUserMapper.selectList - <==      Total: 1
2026-04-03 22:22:57.936 [http-nio-8080-exec-7] DEBUG c.z.t.m.SysUserRoleMapper.selectList - ==>  Preparing: SELECT id,user_id,role_id,create_time,update_time FROM sys_user_role WHERE (user_id = ?)
2026-04-03 22:22:57.937 [http-nio-8080-exec-7] DEBUG c.z.t.m.SysUserRoleMapper.selectList - ==> Parameters: 5(Long)
2026-04-03 22:22:57.937 [http-nio-8080-exec-7] DEBUG c.z.t.m.SysUserRoleMapper.selectList - <==      Total: 1
2026-04-03 22:22:57.937 [http-nio-8080-exec-7] DEBUG c.z.t.m.SysRoleMapper.selectList - ==>  Preparing: SELECT id,role_code,role_name,remark,create_time,update_time FROM sys_role WHERE (id IN (?))
2026-04-03 22:22:57.937 [http-nio-8080-exec-7] DEBUG c.z.t.m.SysRoleMapper.selectList - ==> Parameters: 3(Long)
2026-04-03 22:22:57.937 [http-nio-8080-exec-7] DEBUG c.z.t.m.SysRoleMapper.selectList - <==      Total: 1
2026-04-03 22:22:58.004 [http-nio-8080-exec-8] DEBUG c.z.t.m.SysUserMapper.selectList - ==>  Preparing: SELECT id,username,password,real_name,phone,email,student_no,class_name,counselor_id,avatar_url,status,deleted,create_time,update_time FROM sys_user WHERE deleted=0 AND (username = ? AND deleted = ?)
2026-04-03 22:22:58.006 [http-nio-8080-exec-8] DEBUG c.z.t.m.SysUserMapper.selectList - ==> Parameters: student(String), 0(Integer)
2026-04-03 22:22:58.007 [http-nio-8080-exec-8] DEBUG c.z.t.m.SysUserMapper.selectList - <==      Total: 1
2026-04-03 22:22:58.007 [http-nio-8080-exec-8] DEBUG c.z.t.m.SysUserRoleMapper.selectList - ==>  Preparing: SELECT id,user_id,role_id,create_time,update_time FROM sys_user_role WHERE (user_id = ?)
2026-04-03 22:22:58.007 [http-nio-8080-exec-8] DEBUG c.z.t.m.SysUserRoleMapper.selectList - ==> Parameters: 5(Long)
2026-04-03 22:22:58.009 [http-nio-8080-exec-8] DEBUG c.z.t.m.SysUserRoleMapper.selectList - <==      Total: 1
2026-04-03 22:22:58.009 [http-nio-8080-exec-8] DEBUG c.z.t.m.SysRoleMapper.selectList - ==>  Preparing: SELECT id,role_code,role_name,remark,create_time,update_time FROM sys_role WHERE (id IN (?))
2026-04-03 22:22:58.009 [http-nio-8080-exec-8] DEBUG c.z.t.m.SysRoleMapper.selectList - ==> Parameters: 3(Long)
2026-04-03 22:22:58.009 [http-nio-8080-exec-8] DEBUG c.z.t.m.SysRoleMapper.selectList - <==      Total: 1
2026-04-03 22:22:58.010 [http-nio-8080-exec-8] DEBUG c.z.t.m.SysUserMapper.selectById - ==>  Preparing: SELECT id,username,password,real_name,phone,email,student_no,class_name,counselor_id,avatar_url,status,deleted,create_time,update_time FROM sys_user WHERE id=? AND deleted=0
2026-04-03 22:22:58.010 [http-nio-8080-exec-8] DEBUG c.z.t.m.SysUserMapper.selectById - ==> Parameters: 5(Long)
2026-04-03 22:22:58.010 [http-nio-8080-exec-8] DEBUG c.z.t.m.SysUserMapper.selectById - <==      Total: 1
2026-04-03 22:22:58.010 [http-nio-8080-exec-8] DEBUG c.z.t.m.SysUserRoleMapper.selectList - ==>  Preparing: SELECT id,user_id,role_id,create_time,update_time FROM sys_user_role WHERE (user_id = ?)
2026-04-03 22:22:58.010 [http-nio-8080-exec-8] DEBUG c.z.t.m.SysUserRoleMapper.selectList - ==> Parameters: 5(Long)
2026-04-03 22:22:58.010 [http-nio-8080-exec-8] DEBUG c.z.t.m.SysUserRoleMapper.selectList - <==      Total: 1
2026-04-03 22:22:58.010 [http-nio-8080-exec-8] DEBUG c.z.t.m.SysRoleMapper.selectList - ==>  Preparing: SELECT id,role_code,role_name,remark,create_time,update_time FROM sys_role WHERE (id IN (?))
2026-04-03 22:22:58.012 [http-nio-8080-exec-8] DEBUG c.z.t.m.SysRoleMapper.selectList - ==> Parameters: 3(Long)
2026-04-03 22:22:58.012 [http-nio-8080-exec-8] DEBUG c.z.t.m.SysRoleMapper.selectList - <==      Total: 1
2026-04-03 22:22:58.013 [http-nio-8080-exec-8] DEBUG c.z.t.m.SysUserRoleMapper.selectList - ==>  Preparing: SELECT id,user_id,role_id,create_time,update_time FROM sys_user_role WHERE (user_id = ?)
2026-04-03 22:22:58.013 [http-nio-8080-exec-8] DEBUG c.z.t.m.SysUserRoleMapper.selectList - ==> Parameters: 5(Long)
2026-04-03 22:22:58.013 [http-nio-8080-exec-8] DEBUG c.z.t.m.SysUserRoleMapper.selectList - <==      Total: 1
2026-04-03 22:22:58.013 [http-nio-8080-exec-8] DEBUG c.z.t.m.SysRoleMapper.selectList - ==>  Preparing: SELECT id,role_code,role_name,remark,create_time,update_time FROM sys_role WHERE (id IN (?))
2026-04-03 22:22:58.013 [http-nio-8080-exec-8] DEBUG c.z.t.m.SysRoleMapper.selectList - ==> Parameters: 3(Long)
2026-04-03 22:22:58.013 [http-nio-8080-exec-8] DEBUG c.z.t.m.SysRoleMapper.selectList - <==      Total: 1
2026-04-03 22:23:23.922 [http-nio-8080-exec-10] DEBUG c.z.t.m.SysUserMapper.selectList - ==>  Preparing: SELECT id,username,password,real_name,phone,email,student_no,class_name,counselor_id,avatar_url,status,deleted,create_time,update_time FROM sys_user WHERE deleted=0 AND (username = ? AND deleted = ?)
2026-04-03 22:23:23.922 [http-nio-8080-exec-10] DEBUG c.z.t.m.SysUserMapper.selectList - ==> Parameters: student(String), 0(Integer)
2026-04-03 22:23:23.922 [http-nio-8080-exec-10] DEBUG c.z.t.m.SysUserMapper.selectList - <==      Total: 1
2026-04-03 22:23:23.924 [http-nio-8080-exec-10] DEBUG c.z.t.m.SysUserRoleMapper.selectList - ==>  Preparing: SELECT id,user_id,role_id,create_time,update_time FROM sys_user_role WHERE (user_id = ?)
2026-04-03 22:23:23.925 [http-nio-8080-exec-10] DEBUG c.z.t.m.SysUserRoleMapper.selectList - ==> Parameters: 5(Long)
2026-04-03 22:23:23.925 [http-nio-8080-exec-10] DEBUG c.z.t.m.SysUserRoleMapper.selectList - <==      Total: 1
2026-04-03 22:23:23.925 [http-nio-8080-exec-10] DEBUG c.z.t.m.SysRoleMapper.selectList - ==>  Preparing: SELECT id,role_code,role_name,remark,create_time,update_time FROM sys_role WHERE (id IN (?))
2026-04-03 22:23:23.925 [http-nio-8080-exec-10] DEBUG c.z.t.m.SysRoleMapper.selectList - ==> Parameters: 3(Long)
2026-04-03 22:23:23.926 [http-nio-8080-exec-10] DEBUG c.z.t.m.SysRoleMapper.selectList - <==      Total: 1
2026-04-03 22:23:24.185 [http-nio-8080-exec-9] DEBUG c.z.t.m.SysUserMapper.selectList - ==>  Preparing: SELECT id,username,password,real_name,phone,email,student_no,class_name,counselor_id,avatar_url,status,deleted,create_time,update_time FROM sys_user WHERE deleted=0 AND (username = ? AND deleted = ?)
2026-04-03 22:23:24.189 [http-nio-8080-exec-9] DEBUG c.z.t.m.SysUserMapper.selectList - ==> Parameters: student(String), 0(Integer)
2026-04-03 22:23:24.190 [http-nio-8080-exec-9] DEBUG c.z.t.m.SysUserMapper.selectList - <==      Total: 1
2026-04-03 22:23:24.213 [http-nio-8080-exec-9] DEBUG c.z.t.m.SysUserRoleMapper.selectList - ==>  Preparing: SELECT id,user_id,role_id,create_time,update_time FROM sys_user_role WHERE (user_id = ?)
2026-04-03 22:23:24.214 [http-nio-8080-exec-9] DEBUG c.z.t.m.SysUserRoleMapper.selectList - ==> Parameters: 5(Long)
2026-04-03 22:23:24.215 [http-nio-8080-exec-9] DEBUG c.z.t.m.SysUserRoleMapper.selectList - <==      Total: 1
2026-04-03 22:23:24.221 [http-nio-8080-exec-9] DEBUG c.z.t.m.SysRoleMapper.selectList - ==>  Preparing: SELECT id,role_code,role_name,remark,create_time,update_time FROM sys_role WHERE (id IN (?))
2026-04-03 22:23:24.221 [http-nio-8080-exec-9] DEBUG c.z.t.m.SysRoleMapper.selectList - ==> Parameters: 3(Long)
2026-04-03 22:23:24.222 [http-nio-8080-exec-9] DEBUG c.z.t.m.SysRoleMapper.selectList - <==      Total: 1
2026-04-03 22:23:24.223 [http-nio-8080-exec-9] DEBUG c.z.t.m.SysUserMapper.selectById - ==>  Preparing: SELECT id,username,password,real_name,phone,email,student_no,class_name,counselor_id,avatar_url,status,deleted,create_time,update_time FROM sys_user WHERE id=? AND deleted=0
2026-04-03 22:23:24.223 [http-nio-8080-exec-9] DEBUG c.z.t.m.SysUserMapper.selectById - ==> Parameters: 5(Long)
2026-04-03 22:23:24.223 [http-nio-8080-exec-9] DEBUG c.z.t.m.SysUserMapper.selectById - <==      Total: 1
2026-04-03 22:23:24.225 [http-nio-8080-exec-9] DEBUG c.z.t.m.SysUserRoleMapper.selectList - ==>  Preparing: SELECT id,user_id,role_id,create_time,update_time FROM sys_user_role WHERE (user_id = ?)
2026-04-03 22:23:24.225 [http-nio-8080-exec-9] DEBUG c.z.t.m.SysUserRoleMapper.selectList - ==> Parameters: 5(Long)
2026-04-03 22:23:24.225 [http-nio-8080-exec-9] DEBUG c.z.t.m.SysUserRoleMapper.selectList - <==      Total: 1
2026-04-03 22:23:24.229 [http-nio-8080-exec-9] DEBUG c.z.t.m.SysRoleMapper.selectList - ==>  Preparing: SELECT id,role_code,role_name,remark,create_time,update_time FROM sys_role WHERE (id IN (?))
2026-04-03 22:23:24.229 [http-nio-8080-exec-9] DEBUG c.z.t.m.SysRoleMapper.selectList - ==> Parameters: 3(Long)
2026-04-03 22:23:24.230 [http-nio-8080-exec-9] DEBUG c.z.t.m.SysRoleMapper.selectList - <==      Total: 1
2026-04-03 22:23:24.231 [http-nio-8080-exec-9] DEBUG c.z.t.m.SysUserRoleMapper.selectList - ==>  Preparing: SELECT id,user_id,role_id,create_time,update_time FROM sys_user_role WHERE (user_id = ?)
2026-04-03 22:23:24.231 [http-nio-8080-exec-9] DEBUG c.z.t.m.SysUserRoleMapper.selectList - ==> Parameters: 5(Long)
2026-04-03 22:23:24.232 [http-nio-8080-exec-9] DEBUG c.z.t.m.SysUserRoleMapper.selectList - <==      Total: 1
2026-04-03 22:23:24.232 [http-nio-8080-exec-9] DEBUG c.z.t.m.SysRoleMapper.selectList - ==>  Preparing: SELECT id,role_code,role_name,remark,create_time,update_time FROM sys_role WHERE (id IN (?))
2026-04-03 22:23:24.232 [http-nio-8080-exec-9] DEBUG c.z.t.m.SysRoleMapper.selectList - ==> Parameters: 3(Long)
2026-04-03 22:23:24.234 [http-nio-8080-exec-9] DEBUG c.z.t.m.SysRoleMapper.selectList - <==      Total: 1
2026-04-03 22:24:32.561 [http-nio-8080-exec-1] DEBUG c.z.t.m.SysUserMapper.selectList - ==>  Preparing: SELECT id,username,password,real_name,phone,email,student_no,class_name,counselor_id,avatar_url,status,deleted,create_time,update_time FROM sys_user WHERE deleted=0 AND (username = ? AND deleted = ?)
2026-04-03 22:24:32.561 [http-nio-8080-exec-1] DEBUG c.z.t.m.SysUserMapper.selectList - ==> Parameters: student(String), 0(Integer)
2026-04-03 22:24:32.563 [http-nio-8080-exec-1] DEBUG c.z.t.m.SysUserMapper.selectList - <==      Total: 1
2026-04-03 22:24:32.563 [http-nio-8080-exec-1] DEBUG c.z.t.m.SysUserRoleMapper.selectList - ==>  Preparing: SELECT id,user_id,role_id,create_time,update_time FROM sys_user_role WHERE (user_id = ?)
2026-04-03 22:24:32.564 [http-nio-8080-exec-1] DEBUG c.z.t.m.SysUserRoleMapper.selectList - ==> Parameters: 5(Long)
2026-04-03 22:24:32.565 [http-nio-8080-exec-1] DEBUG c.z.t.m.SysUserRoleMapper.selectList - <==      Total: 1
2026-04-03 22:24:32.566 [http-nio-8080-exec-1] DEBUG c.z.t.m.SysRoleMapper.selectList - ==>  Preparing: SELECT id,role_code,role_name,remark,create_time,update_time FROM sys_role WHERE (id IN (?))
2026-04-03 22:24:32.566 [http-nio-8080-exec-1] DEBUG c.z.t.m.SysRoleMapper.selectList - ==> Parameters: 3(Long)
2026-04-03 22:24:32.567 [http-nio-8080-exec-1] DEBUG c.z.t.m.SysRoleMapper.selectList - <==      Total: 1
2026-04-03 22:24:32.825 [http-nio-8080-exec-2] DEBUG c.z.t.m.SysUserMapper.selectList - ==>  Preparing: SELECT id,username,password,real_name,phone,email,student_no,class_name,counselor_id,avatar_url,status,deleted,create_time,update_time FROM sys_user WHERE deleted=0 AND (username = ? AND deleted = ?)
2026-04-03 22:24:32.825 [http-nio-8080-exec-2] DEBUG c.z.t.m.SysUserMapper.selectList - ==> Parameters: student(String), 0(Integer)
2026-04-03 22:24:32.827 [http-nio-8080-exec-2] DEBUG c.z.t.m.SysUserMapper.selectList - <==      Total: 1
2026-04-03 22:24:32.836 [http-nio-8080-exec-2] DEBUG c.z.t.m.SysUserRoleMapper.selectList - ==>  Preparing: SELECT id,user_id,role_id,create_time,update_time FROM sys_user_role WHERE (user_id = ?)
2026-04-03 22:24:32.837 [http-nio-8080-exec-2] DEBUG c.z.t.m.SysUserRoleMapper.selectList - ==> Parameters: 5(Long)
2026-04-03 22:24:32.839 [http-nio-8080-exec-2] DEBUG c.z.t.m.SysUserRoleMapper.selectList - <==      Total: 1
2026-04-03 22:24:32.839 [http-nio-8080-exec-2] DEBUG c.z.t.m.SysRoleMapper.selectList - ==>  Preparing: SELECT id,role_code,role_name,remark,create_time,update_time FROM sys_role WHERE (id IN (?))
2026-04-03 22:24:32.840 [http-nio-8080-exec-2] DEBUG c.z.t.m.SysRoleMapper.selectList - ==> Parameters: 3(Long)
2026-04-03 22:24:32.840 [http-nio-8080-exec-2] DEBUG c.z.t.m.SysRoleMapper.selectList - <==      Total: 1
2026-04-03 22:24:32.842 [http-nio-8080-exec-2] DEBUG c.z.t.m.SysUserMapper.selectById - ==>  Preparing: SELECT id,username,password,real_name,phone,email,student_no,class_name,counselor_id,avatar_url,status,deleted,create_time,update_time FROM sys_user WHERE id=? AND deleted=0
2026-04-03 22:24:32.842 [http-nio-8080-exec-2] DEBUG c.z.t.m.SysUserMapper.selectById - ==> Parameters: 5(Long)
2026-04-03 22:24:32.844 [http-nio-8080-exec-2] DEBUG c.z.t.m.SysUserMapper.selectById - <==      Total: 1
2026-04-03 22:24:32.844 [http-nio-8080-exec-2] DEBUG c.z.t.m.SysUserRoleMapper.selectList - ==>  Preparing: SELECT id,user_id,role_id,create_time,update_time FROM sys_user_role WHERE (user_id = ?)
2026-04-03 22:24:32.845 [http-nio-8080-exec-2] DEBUG c.z.t.m.SysUserRoleMapper.selectList - ==> Parameters: 5(Long)
2026-04-03 22:24:32.845 [http-nio-8080-exec-2] DEBUG c.z.t.m.SysUserRoleMapper.selectList - <==      Total: 1
2026-04-03 22:24:32.847 [http-nio-8080-exec-2] DEBUG c.z.t.m.SysRoleMapper.selectList - ==>  Preparing: SELECT id,role_code,role_name,remark,create_time,update_time FROM sys_role WHERE (id IN (?))
2026-04-03 22:24:32.847 [http-nio-8080-exec-2] DEBUG c.z.t.m.SysRoleMapper.selectList - ==> Parameters: 3(Long)
2026-04-03 22:24:32.848 [http-nio-8080-exec-2] DEBUG c.z.t.m.SysRoleMapper.selectList - <==      Total: 1
2026-04-03 22:24:32.852 [http-nio-8080-exec-2] DEBUG c.z.t.m.SysUserRoleMapper.selectList - ==>  Preparing: SELECT id,user_id,role_id,create_time,update_time FROM sys_user_role WHERE (user_id = ?)
2026-04-03 22:24:32.852 [http-nio-8080-exec-2] DEBUG c.z.t.m.SysUserRoleMapper.selectList - ==> Parameters: 5(Long)
2026-04-03 22:24:32.853 [http-nio-8080-exec-2] DEBUG c.z.t.m.SysUserRoleMapper.selectList - <==      Total: 1
2026-04-03 22:24:32.854 [http-nio-8080-exec-2] DEBUG c.z.t.m.SysRoleMapper.selectList - ==>  Preparing: SELECT id,role_code,role_name,remark,create_time,update_time FROM sys_role WHERE (id IN (?))
2026-04-03 22:24:32.854 [http-nio-8080-exec-2] DEBUG c.z.t.m.SysRoleMapper.selectList - ==> Parameters: 3(Long)
2026-04-03 22:24:32.857 [http-nio-8080-exec-2] DEBUG c.z.t.m.SysRoleMapper.selectList - <==      Total: 1
2026-04-03 22:24:44.422 [http-nio-8080-exec-3] DEBUG c.z.t.m.SysUserMapper.selectList - ==>  Preparing: SELECT id,username,password,real_name,phone,email,student_no,class_name,counselor_id,avatar_url,status,deleted,create_time,update_time FROM sys_user WHERE deleted=0 AND (username = ? AND deleted = ?)
2026-04-03 22:24:44.422 [http-nio-8080-exec-3] DEBUG c.z.t.m.SysUserMapper.selectList - ==> Parameters: student(String), 0(Integer)
2026-04-03 22:24:44.423 [http-nio-8080-exec-3] DEBUG c.z.t.m.SysUserMapper.selectList - <==      Total: 1
2026-04-03 22:24:44.423 [http-nio-8080-exec-3] DEBUG c.z.t.m.SysUserRoleMapper.selectList - ==>  Preparing: SELECT id,user_id,role_id,create_time,update_time FROM sys_user_role WHERE (user_id = ?)
2026-04-03 22:24:44.423 [http-nio-8080-exec-3] DEBUG c.z.t.m.SysUserRoleMapper.selectList - ==> Parameters: 5(Long)
2026-04-03 22:24:44.425 [http-nio-8080-exec-3] DEBUG c.z.t.m.SysUserRoleMapper.selectList - <==      Total: 1
2026-04-03 22:24:44.425 [http-nio-8080-exec-3] DEBUG c.z.t.m.SysRoleMapper.selectList - ==>  Preparing: SELECT id,role_code,role_name,remark,create_time,update_time FROM sys_role WHERE (id IN (?))
2026-04-03 22:24:44.425 [http-nio-8080-exec-3] DEBUG c.z.t.m.SysRoleMapper.selectList - ==> Parameters: 3(Long)
2026-04-03 22:24:44.426 [http-nio-8080-exec-3] DEBUG c.z.t.m.SysRoleMapper.selectList - <==      Total: 1
2026-04-03 22:24:44.805 [http-nio-8080-exec-4] DEBUG c.z.t.m.SysUserMapper.selectList - ==>  Preparing: SELECT id,username,password,real_name,phone,email,student_no,class_name,counselor_id,avatar_url,status,deleted,create_time,update_time FROM sys_user WHERE deleted=0 AND (username = ? AND deleted = ?)
2026-04-03 22:24:44.808 [http-nio-8080-exec-4] DEBUG c.z.t.m.SysUserMapper.selectList - ==> Parameters: student(String), 0(Integer)
2026-04-03 22:24:44.809 [http-nio-8080-exec-4] DEBUG c.z.t.m.SysUserMapper.selectList - <==      Total: 1
2026-04-03 22:24:44.810 [http-nio-8080-exec-4] DEBUG c.z.t.m.SysUserRoleMapper.selectList - ==>  Preparing: SELECT id,user_id,role_id,create_time,update_time FROM sys_user_role WHERE (user_id = ?)
2026-04-03 22:24:44.810 [http-nio-8080-exec-4] DEBUG c.z.t.m.SysUserRoleMapper.selectList - ==> Parameters: 5(Long)
2026-04-03 22:24:44.811 [http-nio-8080-exec-4] DEBUG c.z.t.m.SysUserRoleMapper.selectList - <==      Total: 1
2026-04-03 22:24:44.811 [http-nio-8080-exec-4] DEBUG c.z.t.m.SysRoleMapper.selectList - ==>  Preparing: SELECT id,role_code,role_name,remark,create_time,update_time FROM sys_role WHERE (id IN (?))
2026-04-03 22:24:44.811 [http-nio-8080-exec-4] DEBUG c.z.t.m.SysRoleMapper.selectList - ==> Parameters: 3(Long)
2026-04-03 22:24:44.814 [http-nio-8080-exec-4] DEBUG c.z.t.m.SysRoleMapper.selectList - <==      Total: 1
2026-04-03 22:24:44.814 [http-nio-8080-exec-4] DEBUG c.z.t.m.SysUserMapper.selectById - ==>  Preparing: SELECT id,username,password,real_name,phone,email,student_no,class_name,counselor_id,avatar_url,status,deleted,create_time,update_time FROM sys_user WHERE id=? AND deleted=0
2026-04-03 22:24:44.815 [http-nio-8080-exec-4] DEBUG c.z.t.m.SysUserMapper.selectById - ==> Parameters: 5(Long)
2026-04-03 22:24:44.816 [http-nio-8080-exec-4] DEBUG c.z.t.m.SysUserMapper.selectById - <==      Total: 1
2026-04-03 22:24:44.816 [http-nio-8080-exec-4] DEBUG c.z.t.m.SysUserRoleMapper.selectList - ==>  Preparing: SELECT id,user_id,role_id,create_time,update_time FROM sys_user_role WHERE (user_id = ?)
2026-04-03 22:24:44.818 [http-nio-8080-exec-4] DEBUG c.z.t.m.SysUserRoleMapper.selectList - ==> Parameters: 5(Long)
2026-04-03 22:24:44.819 [http-nio-8080-exec-4] DEBUG c.z.t.m.SysUserRoleMapper.selectList - <==      Total: 1
2026-04-03 22:24:44.819 [http-nio-8080-exec-4] DEBUG c.z.t.m.SysRoleMapper.selectList - ==>  Preparing: SELECT id,role_code,role_name,remark,create_time,update_time FROM sys_role WHERE (id IN (?))
2026-04-03 22:24:44.820 [http-nio-8080-exec-4] DEBUG c.z.t.m.SysRoleMapper.selectList - ==> Parameters: 3(Long)
2026-04-03 22:24:44.820 [http-nio-8080-exec-4] DEBUG c.z.t.m.SysRoleMapper.selectList - <==      Total: 1
2026-04-03 22:24:44.820 [http-nio-8080-exec-4] DEBUG c.z.t.m.SysUserRoleMapper.selectList - ==>  Preparing: SELECT id,user_id,role_id,create_time,update_time FROM sys_user_role WHERE (user_id = ?)
2026-04-03 22:24:44.820 [http-nio-8080-exec-4] DEBUG c.z.t.m.SysUserRoleMapper.selectList - ==> Parameters: 5(Long)
2026-04-03 22:24:44.822 [http-nio-8080-exec-4] DEBUG c.z.t.m.SysUserRoleMapper.selectList - <==      Total: 1
2026-04-03 22:24:44.823 [http-nio-8080-exec-4] DEBUG c.z.t.m.SysRoleMapper.selectList - ==>  Preparing: SELECT id,role_code,role_name,remark,create_time,update_time FROM sys_role WHERE (id IN (?))
2026-04-03 22:24:44.823 [http-nio-8080-exec-4] DEBUG c.z.t.m.SysRoleMapper.selectList - ==> Parameters: 3(Long)
2026-04-03 22:24:44.824 [http-nio-8080-exec-4] DEBUG c.z.t.m.SysRoleMapper.selectList - <==      Total: 1
2026-04-03 22:26:10.679 [http-nio-8080-exec-5] DEBUG c.z.t.m.SysUserMapper.selectList - ==>  Preparing: SELECT id,username,password,real_name,phone,email,student_no,class_name,counselor_id,avatar_url,status,deleted,create_time,update_time FROM sys_user WHERE deleted=0 AND (username = ? AND deleted = ?)
2026-04-03 22:26:10.679 [http-nio-8080-exec-5] DEBUG c.z.t.m.SysUserMapper.selectList - ==> Parameters: student(String), 0(Integer)
2026-04-03 22:26:10.679 [http-nio-8080-exec-5] DEBUG c.z.t.m.SysUserMapper.selectList - <==      Total: 1
2026-04-03 22:26:10.680 [http-nio-8080-exec-5] DEBUG c.z.t.m.SysUserRoleMapper.selectList - ==>  Preparing: SELECT id,user_id,role_id,create_time,update_time FROM sys_user_role WHERE (user_id = ?)
2026-04-03 22:26:10.681 [http-nio-8080-exec-5] DEBUG c.z.t.m.SysUserRoleMapper.selectList - ==> Parameters: 5(Long)
2026-04-03 22:26:10.681 [http-nio-8080-exec-5] DEBUG c.z.t.m.SysUserRoleMapper.selectList - <==      Total: 1
2026-04-03 22:26:10.682 [http-nio-8080-exec-5] DEBUG c.z.t.m.SysRoleMapper.selectList - ==>  Preparing: SELECT id,role_code,role_name,remark,create_time,update_time FROM sys_role WHERE (id IN (?))
2026-04-03 22:26:10.683 [http-nio-8080-exec-5] DEBUG c.z.t.m.SysRoleMapper.selectList - ==> Parameters: 3(Long)
2026-04-03 22:26:10.684 [http-nio-8080-exec-5] DEBUG c.z.t.m.SysRoleMapper.selectList - <==      Total: 1
2026-04-03 22:26:11.060 [http-nio-8080-exec-6] DEBUG c.z.t.m.SysUserMapper.selectList - ==>  Preparing: SELECT id,username,password,real_name,phone,email,student_no,class_name,counselor_id,avatar_url,status,deleted,create_time,update_time FROM sys_user WHERE deleted=0 AND (username = ? AND deleted = ?)
2026-04-03 22:26:11.061 [http-nio-8080-exec-6] DEBUG c.z.t.m.SysUserMapper.selectList - ==> Parameters: student(String), 0(Integer)
2026-04-03 22:26:11.061 [http-nio-8080-exec-6] DEBUG c.z.t.m.SysUserMapper.selectList - <==      Total: 1
2026-04-03 22:26:11.067 [http-nio-8080-exec-6] DEBUG c.z.t.m.SysUserRoleMapper.selectList - ==>  Preparing: SELECT id,user_id,role_id,create_time,update_time FROM sys_user_role WHERE (user_id = ?)
2026-04-03 22:26:11.068 [http-nio-8080-exec-6] DEBUG c.z.t.m.SysUserRoleMapper.selectList - ==> Parameters: 5(Long)
2026-04-03 22:26:11.068 [http-nio-8080-exec-6] DEBUG c.z.t.m.SysUserRoleMapper.selectList - <==      Total: 1
2026-04-03 22:26:11.070 [http-nio-8080-exec-6] DEBUG c.z.t.m.SysRoleMapper.selectList - ==>  Preparing: SELECT id,role_code,role_name,remark,create_time,update_time FROM sys_role WHERE (id IN (?))
2026-04-03 22:26:11.070 [http-nio-8080-exec-6] DEBUG c.z.t.m.SysRoleMapper.selectList - ==> Parameters: 3(Long)
2026-04-03 22:26:11.071 [http-nio-8080-exec-6] DEBUG c.z.t.m.SysRoleMapper.selectList - <==      Total: 1
2026-04-03 22:26:11.072 [http-nio-8080-exec-6] DEBUG c.z.t.m.SysUserMapper.selectById - ==>  Preparing: SELECT id,username,password,real_name,phone,email,student_no,class_name,counselor_id,avatar_url,status,deleted,create_time,update_time FROM sys_user WHERE id=? AND deleted=0
2026-04-03 22:26:11.072 [http-nio-8080-exec-6] DEBUG c.z.t.m.SysUserMapper.selectById - ==> Parameters: 5(Long)
2026-04-03 22:26:11.074 [http-nio-8080-exec-6] DEBUG c.z.t.m.SysUserMapper.selectById - <==      Total: 1
2026-04-03 22:26:11.074 [http-nio-8080-exec-6] DEBUG c.z.t.m.SysUserRoleMapper.selectList - ==>  Preparing: SELECT id,user_id,role_id,create_time,update_time FROM sys_user_role WHERE (user_id = ?)
2026-04-03 22:26:11.076 [http-nio-8080-exec-6] DEBUG c.z.t.m.SysUserRoleMapper.selectList - ==> Parameters: 5(Long)
2026-04-03 22:26:11.076 [http-nio-8080-exec-6] DEBUG c.z.t.m.SysUserRoleMapper.selectList - <==      Total: 1
2026-04-03 22:26:11.077 [http-nio-8080-exec-6] DEBUG c.z.t.m.SysRoleMapper.selectList - ==>  Preparing: SELECT id,role_code,role_name,remark,create_time,update_time FROM sys_role WHERE (id IN (?))
2026-04-03 22:26:11.078 [http-nio-8080-exec-6] DEBUG c.z.t.m.SysRoleMapper.selectList - ==> Parameters: 3(Long)
2026-04-03 22:26:11.080 [http-nio-8080-exec-6] DEBUG c.z.t.m.SysRoleMapper.selectList - <==      Total: 1
2026-04-03 22:26:11.080 [http-nio-8080-exec-6] DEBUG c.z.t.m.SysUserRoleMapper.selectList - ==>  Preparing: SELECT id,user_id,role_id,create_time,update_time FROM sys_user_role WHERE (user_id = ?)
2026-04-03 22:26:11.082 [http-nio-8080-exec-6] DEBUG c.z.t.m.SysUserRoleMapper.selectList - ==> Parameters: 5(Long)
2026-04-03 22:26:11.082 [http-nio-8080-exec-6] DEBUG c.z.t.m.SysUserRoleMapper.selectList - <==      Total: 1
2026-04-03 22:26:11.082 [http-nio-8080-exec-6] DEBUG c.z.t.m.SysRoleMapper.selectList - ==>  Preparing: SELECT id,role_code,role_name,remark,create_time,update_time FROM sys_role WHERE (id IN (?))
2026-04-03 22:26:11.083 [http-nio-8080-exec-6] DEBUG c.z.t.m.SysRoleMapper.selectList - ==> Parameters: 3(Long)
2026-04-03 22:26:11.083 [http-nio-8080-exec-6] DEBUG c.z.t.m.SysRoleMapper.selectList - <==      Total: 1
2026-04-03 22:26:24.344 [http-nio-8080-exec-7] DEBUG c.z.t.m.SysUserMapper.selectList - ==>  Preparing: SELECT id,username,password,real_name,phone,email,student_no,class_name,counselor_id,avatar_url,status,deleted,create_time,update_time FROM sys_user WHERE deleted=0 AND (username = ? AND deleted = ?)
2026-04-03 22:26:24.346 [http-nio-8080-exec-7] DEBUG c.z.t.m.SysUserMapper.selectList - ==> Parameters: student(String), 0(Integer)
2026-04-03 22:26:24.346 [http-nio-8080-exec-7] DEBUG c.z.t.m.SysUserMapper.selectList - <==      Total: 1
2026-04-03 22:26:24.346 [http-nio-8080-exec-7] DEBUG c.z.t.m.SysUserRoleMapper.selectList - ==>  Preparing: SELECT id,user_id,role_id,create_time,update_time FROM sys_user_role WHERE (user_id = ?)
2026-04-03 22:26:24.346 [http-nio-8080-exec-7] DEBUG c.z.t.m.SysUserRoleMapper.selectList - ==> Parameters: 5(Long)
2026-04-03 22:26:24.347 [http-nio-8080-exec-7] DEBUG c.z.t.m.SysUserRoleMapper.selectList - <==      Total: 1
2026-04-03 22:26:24.347 [http-nio-8080-exec-7] DEBUG c.z.t.m.SysRoleMapper.selectList - ==>  Preparing: SELECT id,role_code,role_name,remark,create_time,update_time FROM sys_role WHERE (id IN (?))
2026-04-03 22:26:24.347 [http-nio-8080-exec-7] DEBUG c.z.t.m.SysRoleMapper.selectList - ==> Parameters: 3(Long)
2026-04-03 22:26:24.349 [http-nio-8080-exec-7] DEBUG c.z.t.m.SysRoleMapper.selectList - <==      Total: 1
2026-04-03 22:26:24.721 [http-nio-8080-exec-8] DEBUG c.z.t.m.SysUserMapper.selectList - ==>  Preparing: SELECT id,username,password,real_name,phone,email,student_no,class_name,counselor_id,avatar_url,status,deleted,create_time,update_time FROM sys_user WHERE deleted=0 AND (username = ? AND deleted = ?)
2026-04-03 22:26:24.721 [http-nio-8080-exec-8] DEBUG c.z.t.m.SysUserMapper.selectList - ==> Parameters: student(String), 0(Integer)
2026-04-03 22:26:24.721 [http-nio-8080-exec-8] DEBUG c.z.t.m.SysUserMapper.selectList - <==      Total: 1
2026-04-03 22:26:24.723 [http-nio-8080-exec-8] DEBUG c.z.t.m.SysUserRoleMapper.selectList - ==>  Preparing: SELECT id,user_id,role_id,create_time,update_time FROM sys_user_role WHERE (user_id = ?)
2026-04-03 22:26:24.723 [http-nio-8080-exec-8] DEBUG c.z.t.m.SysUserRoleMapper.selectList - ==> Parameters: 5(Long)
2026-04-03 22:26:24.724 [http-nio-8080-exec-8] DEBUG c.z.t.m.SysUserRoleMapper.selectList - <==      Total: 1
2026-04-03 22:26:24.724 [http-nio-8080-exec-8] DEBUG c.z.t.m.SysRoleMapper.selectList - ==>  Preparing: SELECT id,role_code,role_name,remark,create_time,update_time FROM sys_role WHERE (id IN (?))
2026-04-03 22:26:24.724 [http-nio-8080-exec-8] DEBUG c.z.t.m.SysRoleMapper.selectList - ==> Parameters: 3(Long)
2026-04-03 22:26:24.726 [http-nio-8080-exec-8] DEBUG c.z.t.m.SysRoleMapper.selectList - <==      Total: 1
2026-04-03 22:26:24.726 [http-nio-8080-exec-8] DEBUG c.z.t.m.SysUserMapper.selectById - ==>  Preparing: SELECT id,username,password,real_name,phone,email,student_no,class_name,counselor_id,avatar_url,status,deleted,create_time,update_time FROM sys_user WHERE id=? AND deleted=0
2026-04-03 22:26:24.726 [http-nio-8080-exec-8] DEBUG c.z.t.m.SysUserMapper.selectById - ==> Parameters: 5(Long)
2026-04-03 22:26:24.727 [http-nio-8080-exec-8] DEBUG c.z.t.m.SysUserMapper.selectById - <==      Total: 1
2026-04-03 22:26:24.727 [http-nio-8080-exec-8] DEBUG c.z.t.m.SysUserRoleMapper.selectList - ==>  Preparing: SELECT id,user_id,role_id,create_time,update_time FROM sys_user_role WHERE (user_id = ?)
2026-04-03 22:26:24.727 [http-nio-8080-exec-8] DEBUG c.z.t.m.SysUserRoleMapper.selectList - ==> Parameters: 5(Long)
2026-04-03 22:26:24.729 [http-nio-8080-exec-8] DEBUG c.z.t.m.SysUserRoleMapper.selectList - <==      Total: 1
2026-04-03 22:26:24.729 [http-nio-8080-exec-8] DEBUG c.z.t.m.SysRoleMapper.selectList - ==>  Preparing: SELECT id,role_code,role_name,remark,create_time,update_time FROM sys_role WHERE (id IN (?))
2026-04-03 22:26:24.729 [http-nio-8080-exec-8] DEBUG c.z.t.m.SysRoleMapper.selectList - ==> Parameters: 3(Long)
2026-04-03 22:26:24.730 [http-nio-8080-exec-8] DEBUG c.z.t.m.SysRoleMapper.selectList - <==      Total: 1
2026-04-03 22:26:24.732 [http-nio-8080-exec-8] DEBUG c.z.t.m.SysUserRoleMapper.selectList - ==>  Preparing: SELECT id,user_id,role_id,create_time,update_time FROM sys_user_role WHERE (user_id = ?)
2026-04-03 22:26:24.733 [http-nio-8080-exec-8] DEBUG c.z.t.m.SysUserRoleMapper.selectList - ==> Parameters: 5(Long)
2026-04-03 22:26:24.734 [http-nio-8080-exec-8] DEBUG c.z.t.m.SysUserRoleMapper.selectList - <==      Total: 1
2026-04-03 22:26:24.734 [http-nio-8080-exec-8] DEBUG c.z.t.m.SysRoleMapper.selectList - ==>  Preparing: SELECT id,role_code,role_name,remark,create_time,update_time FROM sys_role WHERE (id IN (?))
2026-04-03 22:26:24.734 [http-nio-8080-exec-8] DEBUG c.z.t.m.SysRoleMapper.selectList - ==> Parameters: 3(Long)
2026-04-03 22:26:24.736 [http-nio-8080-exec-8] DEBUG c.z.t.m.SysRoleMapper.selectList - <==      Total: 1
2026-04-03 22:26:36.120 [http-nio-8080-exec-10] DEBUG c.z.t.m.SysUserMapper.selectList - ==>  Preparing: SELECT id,username,password,real_name,phone,email,student_no,class_name,counselor_id,avatar_url,status,deleted,create_time,update_time FROM sys_user WHERE deleted=0 AND (username = ? AND deleted = ?)
2026-04-03 22:26:36.123 [http-nio-8080-exec-10] DEBUG c.z.t.m.SysUserMapper.selectList - ==> Parameters: student(String), 0(Integer)
2026-04-03 22:26:36.125 [http-nio-8080-exec-10] DEBUG c.z.t.m.SysUserMapper.selectList - <==      Total: 1
2026-04-03 22:26:36.125 [http-nio-8080-exec-10] DEBUG c.z.t.m.SysUserRoleMapper.selectList - ==>  Preparing: SELECT id,user_id,role_id,create_time,update_time FROM sys_user_role WHERE (user_id = ?)
2026-04-03 22:26:36.125 [http-nio-8080-exec-10] DEBUG c.z.t.m.SysUserRoleMapper.selectList - ==> Parameters: 5(Long)
2026-04-03 22:26:36.127 [http-nio-8080-exec-10] DEBUG c.z.t.m.SysUserRoleMapper.selectList - <==      Total: 1
2026-04-03 22:26:36.127 [http-nio-8080-exec-10] DEBUG c.z.t.m.SysRoleMapper.selectList - ==>  Preparing: SELECT id,role_code,role_name,remark,create_time,update_time FROM sys_role WHERE (id IN (?))
2026-04-03 22:26:36.127 [http-nio-8080-exec-10] DEBUG c.z.t.m.SysRoleMapper.selectList - ==> Parameters: 3(Long)
2026-04-03 22:26:36.129 [http-nio-8080-exec-10] DEBUG c.z.t.m.SysRoleMapper.selectList - <==      Total: 1
2026-04-03 22:26:36.508 [http-nio-8080-exec-9] DEBUG c.z.t.m.SysUserMapper.selectList - ==>  Preparing: SELECT id,username,password,real_name,phone,email,student_no,class_name,counselor_id,avatar_url,status,deleted,create_time,update_time FROM sys_user WHERE deleted=0 AND (username = ? AND deleted = ?)
2026-04-03 22:26:36.509 [http-nio-8080-exec-9] DEBUG c.z.t.m.SysUserMapper.selectList - ==> Parameters: student(String), 0(Integer)
2026-04-03 22:26:36.511 [http-nio-8080-exec-9] DEBUG c.z.t.m.SysUserMapper.selectList - <==      Total: 1
2026-04-03 22:26:36.512 [http-nio-8080-exec-9] DEBUG c.z.t.m.SysUserRoleMapper.selectList - ==>  Preparing: SELECT id,user_id,role_id,create_time,update_time FROM sys_user_role WHERE (user_id = ?)
2026-04-03 22:26:36.512 [http-nio-8080-exec-9] DEBUG c.z.t.m.SysUserRoleMapper.selectList - ==> Parameters: 5(Long)
2026-04-03 22:26:36.513 [http-nio-8080-exec-9] DEBUG c.z.t.m.SysUserRoleMapper.selectList - <==      Total: 1
2026-04-03 22:26:36.515 [http-nio-8080-exec-9] DEBUG c.z.t.m.SysRoleMapper.selectList - ==>  Preparing: SELECT id,role_code,role_name,remark,create_time,update_time FROM sys_role WHERE (id IN (?))
2026-04-03 22:26:36.517 [http-nio-8080-exec-9] DEBUG c.z.t.m.SysRoleMapper.selectList - ==> Parameters: 3(Long)
2026-04-03 22:26:36.517 [http-nio-8080-exec-9] DEBUG c.z.t.m.SysRoleMapper.selectList - <==      Total: 1
2026-04-03 22:26:36.519 [http-nio-8080-exec-9] DEBUG c.z.t.m.SysUserMapper.selectById - ==>  Preparing: SELECT id,username,password,real_name,phone,email,student_no,class_name,counselor_id,avatar_url,status,deleted,create_time,update_time FROM sys_user WHERE id=? AND deleted=0
2026-04-03 22:26:36.519 [http-nio-8080-exec-9] DEBUG c.z.t.m.SysUserMapper.selectById - ==> Parameters: 5(Long)
2026-04-03 22:26:36.519 [http-nio-8080-exec-9] DEBUG c.z.t.m.SysUserMapper.selectById - <==      Total: 1
2026-04-03 22:26:36.520 [http-nio-8080-exec-9] DEBUG c.z.t.m.SysUserRoleMapper.selectList - ==>  Preparing: SELECT id,user_id,role_id,create_time,update_time FROM sys_user_role WHERE (user_id = ?)
2026-04-03 22:26:36.521 [http-nio-8080-exec-9] DEBUG c.z.t.m.SysUserRoleMapper.selectList - ==> Parameters: 5(Long)
2026-04-03 22:26:36.521 [http-nio-8080-exec-9] DEBUG c.z.t.m.SysUserRoleMapper.selectList - <==      Total: 1
2026-04-03 22:26:36.524 [http-nio-8080-exec-9] DEBUG c.z.t.m.SysRoleMapper.selectList - ==>  Preparing: SELECT id,role_code,role_name,remark,create_time,update_time FROM sys_role WHERE (id IN (?))
2026-04-03 22:26:36.525 [http-nio-8080-exec-9] DEBUG c.z.t.m.SysRoleMapper.selectList - ==> Parameters: 3(Long)
2026-04-03 22:26:36.526 [http-nio-8080-exec-9] DEBUG c.z.t.m.SysRoleMapper.selectList - <==      Total: 1
2026-04-03 22:26:36.527 [http-nio-8080-exec-9] DEBUG c.z.t.m.SysUserRoleMapper.selectList - ==>  Preparing: SELECT id,user_id,role_id,create_time,update_time FROM sys_user_role WHERE (user_id = ?)
2026-04-03 22:26:36.527 [http-nio-8080-exec-9] DEBUG c.z.t.m.SysUserRoleMapper.selectList - ==> Parameters: 5(Long)
2026-04-03 22:26:36.528 [http-nio-8080-exec-9] DEBUG c.z.t.m.SysUserRoleMapper.selectList - <==      Total: 1
2026-04-03 22:26:36.529 [http-nio-8080-exec-9] DEBUG c.z.t.m.SysRoleMapper.selectList - ==>  Preparing: SELECT id,role_code,role_name,remark,create_time,update_time FROM sys_role WHERE (id IN (?))
2026-04-03 22:26:36.529 [http-nio-8080-exec-9] DEBUG c.z.t.m.SysRoleMapper.selectList - ==> Parameters: 3(Long)
2026-04-03 22:26:36.530 [http-nio-8080-exec-9] DEBUG c.z.t.m.SysRoleMapper.selectList - <==      Total: 1
2026-04-03 22:26:42.672 [http-nio-8080-exec-1] DEBUG c.z.t.m.SysUserMapper.selectList - ==>  Preparing: SELECT id,username,password,real_name,phone,email,student_no,class_name,counselor_id,avatar_url,status,deleted,create_time,update_time FROM sys_user WHERE deleted=0 AND (username = ? AND deleted = ?)
2026-04-03 22:26:42.672 [http-nio-8080-exec-1] DEBUG c.z.t.m.SysUserMapper.selectList - ==> Parameters: student(String), 0(Integer)
2026-04-03 22:26:42.674 [http-nio-8080-exec-1] DEBUG c.z.t.m.SysUserMapper.selectList - <==      Total: 1
2026-04-03 22:26:42.674 [http-nio-8080-exec-1] DEBUG c.z.t.m.SysUserRoleMapper.selectList - ==>  Preparing: SELECT id,user_id,role_id,create_time,update_time FROM sys_user_role WHERE (user_id = ?)
2026-04-03 22:26:42.674 [http-nio-8080-exec-1] DEBUG c.z.t.m.SysUserRoleMapper.selectList - ==> Parameters: 5(Long)
2026-04-03 22:26:42.675 [http-nio-8080-exec-1] DEBUG c.z.t.m.SysUserRoleMapper.selectList - <==      Total: 1
2026-04-03 22:26:42.675 [http-nio-8080-exec-1] DEBUG c.z.t.m.SysRoleMapper.selectList - ==>  Preparing: SELECT id,role_code,role_name,remark,create_time,update_time FROM sys_role WHERE (id IN (?))
2026-04-03 22:26:42.675 [http-nio-8080-exec-1] DEBUG c.z.t.m.SysRoleMapper.selectList - ==> Parameters: 3(Long)
2026-04-03 22:26:42.675 [http-nio-8080-exec-1] DEBUG c.z.t.m.SysRoleMapper.selectList - <==      Total: 1
2026-04-03 22:26:43.054 [http-nio-8080-exec-2] DEBUG c.z.t.m.SysUserMapper.selectList - ==>  Preparing: SELECT id,username,password,real_name,phone,email,student_no,class_name,counselor_id,avatar_url,status,deleted,create_time,update_time FROM sys_user WHERE deleted=0 AND (username = ? AND deleted = ?)
2026-04-03 22:26:43.055 [http-nio-8080-exec-2] DEBUG c.z.t.m.SysUserMapper.selectList - ==> Parameters: student(String), 0(Integer)
2026-04-03 22:26:43.055 [http-nio-8080-exec-2] DEBUG c.z.t.m.SysUserMapper.selectList - <==      Total: 1
2026-04-03 22:26:43.057 [http-nio-8080-exec-2] DEBUG c.z.t.m.SysUserRoleMapper.selectList - ==>  Preparing: SELECT id,user_id,role_id,create_time,update_time FROM sys_user_role WHERE (user_id = ?)
2026-04-03 22:26:43.057 [http-nio-8080-exec-2] DEBUG c.z.t.m.SysUserRoleMapper.selectList - ==> Parameters: 5(Long)
2026-04-03 22:26:43.058 [http-nio-8080-exec-2] DEBUG c.z.t.m.SysUserRoleMapper.selectList - <==      Total: 1
2026-04-03 22:26:43.058 [http-nio-8080-exec-2] DEBUG c.z.t.m.SysRoleMapper.selectList - ==>  Preparing: SELECT id,role_code,role_name,remark,create_time,update_time FROM sys_role WHERE (id IN (?))
2026-04-03 22:26:43.058 [http-nio-8080-exec-2] DEBUG c.z.t.m.SysRoleMapper.selectList - ==> Parameters: 3(Long)
2026-04-03 22:26:43.059 [http-nio-8080-exec-2] DEBUG c.z.t.m.SysRoleMapper.selectList - <==      Total: 1
2026-04-03 22:26:43.060 [http-nio-8080-exec-2] DEBUG c.z.t.m.SysUserMapper.selectById - ==>  Preparing: SELECT id,username,password,real_name,phone,email,student_no,class_name,counselor_id,avatar_url,status,deleted,create_time,update_time FROM sys_user WHERE id=? AND deleted=0
2026-04-03 22:26:43.061 [http-nio-8080-exec-2] DEBUG c.z.t.m.SysUserMapper.selectById - ==> Parameters: 5(Long)
2026-04-03 22:26:43.063 [http-nio-8080-exec-2] DEBUG c.z.t.m.SysUserMapper.selectById - <==      Total: 1
2026-04-03 22:26:43.064 [http-nio-8080-exec-2] DEBUG c.z.t.m.SysUserRoleMapper.selectList - ==>  Preparing: SELECT id,user_id,role_id,create_time,update_time FROM sys_user_role WHERE (user_id = ?)
2026-04-03 22:26:43.065 [http-nio-8080-exec-2] DEBUG c.z.t.m.SysUserRoleMapper.selectList - ==> Parameters: 5(Long)
2026-04-03 22:26:43.066 [http-nio-8080-exec-2] DEBUG c.z.t.m.SysUserRoleMapper.selectList - <==      Total: 1
2026-04-03 22:26:43.067 [http-nio-8080-exec-2] DEBUG c.z.t.m.SysRoleMapper.selectList - ==>  Preparing: SELECT id,role_code,role_name,remark,create_time,update_time FROM sys_role WHERE (id IN (?))
2026-04-03 22:26:43.067 [http-nio-8080-exec-2] DEBUG c.z.t.m.SysRoleMapper.selectList - ==> Parameters: 3(Long)
2026-04-03 22:26:43.067 [http-nio-8080-exec-2] DEBUG c.z.t.m.SysRoleMapper.selectList - <==      Total: 1
2026-04-03 22:26:43.071 [http-nio-8080-exec-2] DEBUG c.z.t.m.SysUserRoleMapper.selectList - ==>  Preparing: SELECT id,user_id,role_id,create_time,update_time FROM sys_user_role WHERE (user_id = ?)
2026-04-03 22:26:43.071 [http-nio-8080-exec-2] DEBUG c.z.t.m.SysUserRoleMapper.selectList - ==> Parameters: 5(Long)
2026-04-03 22:26:43.074 [http-nio-8080-exec-2] DEBUG c.z.t.m.SysUserRoleMapper.selectList - <==      Total: 1
2026-04-03 22:26:43.075 [http-nio-8080-exec-2] DEBUG c.z.t.m.SysRoleMapper.selectList - ==>  Preparing: SELECT id,role_code,role_name,remark,create_time,update_time FROM sys_role WHERE (id IN (?))
2026-04-03 22:26:43.075 [http-nio-8080-exec-2] DEBUG c.z.t.m.SysRoleMapper.selectList - ==> Parameters: 3(Long)
2026-04-03 22:26:43.077 [http-nio-8080-exec-2] DEBUG c.z.t.m.SysRoleMapper.selectList - <==      Total: 1
2026-04-03 22:27:00.123 [http-nio-8080-exec-3] DEBUG c.z.t.m.SysUserMapper.selectList - ==>  Preparing: SELECT id,username,password,real_name,phone,email,student_no,class_name,counselor_id,avatar_url,status,deleted,create_time,update_time FROM sys_user WHERE deleted=0 AND (username = ? AND deleted = ?)
2026-04-03 22:27:00.123 [http-nio-8080-exec-3] DEBUG c.z.t.m.SysUserMapper.selectList - ==> Parameters: student(String), 0(Integer)
2026-04-03 22:27:00.124 [http-nio-8080-exec-3] DEBUG c.z.t.m.SysUserMapper.selectList - <==      Total: 1
2026-04-03 22:27:00.126 [http-nio-8080-exec-3] DEBUG c.z.t.m.SysUserRoleMapper.selectList - ==>  Preparing: SELECT id,user_id,role_id,create_time,update_time FROM sys_user_role WHERE (user_id = ?)
2026-04-03 22:27:00.127 [http-nio-8080-exec-3] DEBUG c.z.t.m.SysUserRoleMapper.selectList - ==> Parameters: 5(Long)
2026-04-03 22:27:00.127 [http-nio-8080-exec-3] DEBUG c.z.t.m.SysUserRoleMapper.selectList - <==      Total: 1
2026-04-03 22:27:00.128 [http-nio-8080-exec-3] DEBUG c.z.t.m.SysRoleMapper.selectList - ==>  Preparing: SELECT id,role_code,role_name,remark,create_time,update_time FROM sys_role WHERE (id IN (?))
2026-04-03 22:27:00.128 [http-nio-8080-exec-3] DEBUG c.z.t.m.SysRoleMapper.selectList - ==> Parameters: 3(Long)
2026-04-03 22:27:00.129 [http-nio-8080-exec-3] DEBUG c.z.t.m.SysRoleMapper.selectList - <==      Total: 1
2026-04-03 22:27:00.388 [http-nio-8080-exec-4] DEBUG c.z.t.m.SysUserMapper.selectList - ==>  Preparing: SELECT id,username,password,real_name,phone,email,student_no,class_name,counselor_id,avatar_url,status,deleted,create_time,update_time FROM sys_user WHERE deleted=0 AND (username = ? AND deleted = ?)
2026-04-03 22:27:00.388 [http-nio-8080-exec-4] DEBUG c.z.t.m.SysUserMapper.selectList - ==> Parameters: student(String), 0(Integer)
2026-04-03 22:27:00.389 [http-nio-8080-exec-4] DEBUG c.z.t.m.SysUserMapper.selectList - <==      Total: 1
2026-04-03 22:27:00.390 [http-nio-8080-exec-4] DEBUG c.z.t.m.SysUserRoleMapper.selectList - ==>  Preparing: SELECT id,user_id,role_id,create_time,update_time FROM sys_user_role WHERE (user_id = ?)
2026-04-03 22:27:00.390 [http-nio-8080-exec-4] DEBUG c.z.t.m.SysUserRoleMapper.selectList - ==> Parameters: 5(Long)
2026-04-03 22:27:00.390 [http-nio-8080-exec-4] DEBUG c.z.t.m.SysUserRoleMapper.selectList - <==      Total: 1
2026-04-03 22:27:00.396 [http-nio-8080-exec-4] DEBUG c.z.t.m.SysRoleMapper.selectList - ==>  Preparing: SELECT id,role_code,role_name,remark,create_time,update_time FROM sys_role WHERE (id IN (?))
2026-04-03 22:27:00.401 [http-nio-8080-exec-4] DEBUG c.z.t.m.SysRoleMapper.selectList - ==> Parameters: 3(Long)
2026-04-03 22:27:00.401 [http-nio-8080-exec-4] DEBUG c.z.t.m.SysRoleMapper.selectList - <==      Total: 1
2026-04-03 22:27:00.403 [http-nio-8080-exec-4] DEBUG c.z.t.m.SysUserMapper.selectById - ==>  Preparing: SELECT id,username,password,real_name,phone,email,student_no,class_name,counselor_id,avatar_url,status,deleted,create_time,update_time FROM sys_user WHERE id=? AND deleted=0
2026-04-03 22:27:00.403 [http-nio-8080-exec-4] DEBUG c.z.t.m.SysUserMapper.selectById - ==> Parameters: 5(Long)
2026-04-03 22:27:00.403 [http-nio-8080-exec-4] DEBUG c.z.t.m.SysUserMapper.selectById - <==      Total: 1
2026-04-03 22:27:00.403 [http-nio-8080-exec-4] DEBUG c.z.t.m.SysUserRoleMapper.selectList - ==>  Preparing: SELECT id,user_id,role_id,create_time,update_time FROM sys_user_role WHERE (user_id = ?)
2026-04-03 22:27:00.405 [http-nio-8080-exec-4] DEBUG c.z.t.m.SysUserRoleMapper.selectList - ==> Parameters: 5(Long)
2026-04-03 22:27:00.405 [http-nio-8080-exec-4] DEBUG c.z.t.m.SysUserRoleMapper.selectList - <==      Total: 1
2026-04-03 22:27:00.406 [http-nio-8080-exec-4] DEBUG c.z.t.m.SysRoleMapper.selectList - ==>  Preparing: SELECT id,role_code,role_name,remark,create_time,update_time FROM sys_role WHERE (id IN (?))
2026-04-03 22:27:00.406 [http-nio-8080-exec-4] DEBUG c.z.t.m.SysRoleMapper.selectList - ==> Parameters: 3(Long)
2026-04-03 22:27:00.407 [http-nio-8080-exec-4] DEBUG c.z.t.m.SysRoleMapper.selectList - <==      Total: 1
2026-04-03 22:27:00.407 [http-nio-8080-exec-4] DEBUG c.z.t.m.SysUserRoleMapper.selectList - ==>  Preparing: SELECT id,user_id,role_id,create_time,update_time FROM sys_user_role WHERE (user_id = ?)
2026-04-03 22:27:00.407 [http-nio-8080-exec-4] DEBUG c.z.t.m.SysUserRoleMapper.selectList - ==> Parameters: 5(Long)
2026-04-03 22:27:00.409 [http-nio-8080-exec-4] DEBUG c.z.t.m.SysUserRoleMapper.selectList - <==      Total: 1
2026-04-03 22:27:00.409 [http-nio-8080-exec-4] DEBUG c.z.t.m.SysRoleMapper.selectList - ==>  Preparing: SELECT id,role_code,role_name,remark,create_time,update_time FROM sys_role WHERE (id IN (?))
2026-04-03 22:27:00.411 [http-nio-8080-exec-4] DEBUG c.z.t.m.SysRoleMapper.selectList - ==> Parameters: 3(Long)
2026-04-03 22:27:00.412 [http-nio-8080-exec-4] DEBUG c.z.t.m.SysRoleMapper.selectList - <==      Total: 1
2026-04-03 22:27:20.178 [http-nio-8080-exec-5] DEBUG c.z.t.m.SysUserMapper.selectList - ==>  Preparing: SELECT id,username,password,real_name,phone,email,student_no,class_name,counselor_id,avatar_url,status,deleted,create_time,update_time FROM sys_user WHERE deleted=0 AND (username = ? AND deleted = ?)
2026-04-03 22:27:20.178 [http-nio-8080-exec-5] DEBUG c.z.t.m.SysUserMapper.selectList - ==> Parameters: student(String), 0(Integer)
2026-04-03 22:27:20.180 [http-nio-8080-exec-5] DEBUG c.z.t.m.SysUserMapper.selectList - <==      Total: 1
2026-04-03 22:27:20.180 [http-nio-8080-exec-5] DEBUG c.z.t.m.SysUserRoleMapper.selectList - ==>  Preparing: SELECT id,user_id,role_id,create_time,update_time FROM sys_user_role WHERE (user_id = ?)
2026-04-03 22:27:20.180 [http-nio-8080-exec-5] DEBUG c.z.t.m.SysUserRoleMapper.selectList - ==> Parameters: 5(Long)
2026-04-03 22:27:20.180 [http-nio-8080-exec-5] DEBUG c.z.t.m.SysUserRoleMapper.selectList - <==      Total: 1
2026-04-03 22:27:20.182 [http-nio-8080-exec-5] DEBUG c.z.t.m.SysRoleMapper.selectList - ==>  Preparing: SELECT id,role_code,role_name,remark,create_time,update_time FROM sys_role WHERE (id IN (?))
2026-04-03 22:27:20.182 [http-nio-8080-exec-5] DEBUG c.z.t.m.SysRoleMapper.selectList - ==> Parameters: 3(Long)
2026-04-03 22:27:20.182 [http-nio-8080-exec-5] DEBUG c.z.t.m.SysRoleMapper.selectList - <==      Total: 1
2026-04-03 22:27:20.556 [http-nio-8080-exec-6] DEBUG c.z.t.m.SysUserMapper.selectList - ==>  Preparing: SELECT id,username,password,real_name,phone,email,student_no,class_name,counselor_id,avatar_url,status,deleted,create_time,update_time FROM sys_user WHERE deleted=0 AND (username = ? AND deleted = ?)
2026-04-03 22:27:20.557 [http-nio-8080-exec-6] DEBUG c.z.t.m.SysUserMapper.selectList - ==> Parameters: student(String), 0(Integer)
2026-04-03 22:27:20.558 [http-nio-8080-exec-6] DEBUG c.z.t.m.SysUserMapper.selectList - <==      Total: 1
2026-04-03 22:27:20.559 [http-nio-8080-exec-6] DEBUG c.z.t.m.SysUserRoleMapper.selectList - ==>  Preparing: SELECT id,user_id,role_id,create_time,update_time FROM sys_user_role WHERE (user_id = ?)
2026-04-03 22:27:20.559 [http-nio-8080-exec-6] DEBUG c.z.t.m.SysUserRoleMapper.selectList - ==> Parameters: 5(Long)
2026-04-03 22:27:20.560 [http-nio-8080-exec-6] DEBUG c.z.t.m.SysUserRoleMapper.selectList - <==      Total: 1
2026-04-03 22:27:20.560 [http-nio-8080-exec-6] DEBUG c.z.t.m.SysRoleMapper.selectList - ==>  Preparing: SELECT id,role_code,role_name,remark,create_time,update_time FROM sys_role WHERE (id IN (?))
2026-04-03 22:27:20.560 [http-nio-8080-exec-6] DEBUG c.z.t.m.SysRoleMapper.selectList - ==> Parameters: 3(Long)
2026-04-03 22:27:20.560 [http-nio-8080-exec-6] DEBUG c.z.t.m.SysRoleMapper.selectList - <==      Total: 1
2026-04-03 22:27:20.562 [http-nio-8080-exec-6] DEBUG c.z.t.m.SysUserMapper.selectById - ==>  Preparing: SELECT id,username,password,real_name,phone,email,student_no,class_name,counselor_id,avatar_url,status,deleted,create_time,update_time FROM sys_user WHERE id=? AND deleted=0
2026-04-03 22:27:20.565 [http-nio-8080-exec-6] DEBUG c.z.t.m.SysUserMapper.selectById - ==> Parameters: 5(Long)
2026-04-03 22:27:20.566 [http-nio-8080-exec-6] DEBUG c.z.t.m.SysUserMapper.selectById - <==      Total: 1
2026-04-03 22:27:20.567 [http-nio-8080-exec-6] DEBUG c.z.t.m.SysUserRoleMapper.selectList - ==>  Preparing: SELECT id,user_id,role_id,create_time,update_time FROM sys_user_role WHERE (user_id = ?)
2026-04-03 22:27:20.567 [http-nio-8080-exec-6] DEBUG c.z.t.m.SysUserRoleMapper.selectList - ==> Parameters: 5(Long)
2026-04-03 22:27:20.567 [http-nio-8080-exec-6] DEBUG c.z.t.m.SysUserRoleMapper.selectList - <==      Total: 1
2026-04-03 22:27:20.569 [http-nio-8080-exec-6] DEBUG c.z.t.m.SysRoleMapper.selectList - ==>  Preparing: SELECT id,role_code,role_name,remark,create_time,update_time FROM sys_role WHERE (id IN (?))
2026-04-03 22:27:20.569 [http-nio-8080-exec-6] DEBUG c.z.t.m.SysRoleMapper.selectList - ==> Parameters: 3(Long)
2026-04-03 22:27:20.570 [http-nio-8080-exec-6] DEBUG c.z.t.m.SysRoleMapper.selectList - <==      Total: 1
2026-04-03 22:27:20.570 [http-nio-8080-exec-6] DEBUG c.z.t.m.SysUserRoleMapper.selectList - ==>  Preparing: SELECT id,user_id,role_id,create_time,update_time FROM sys_user_role WHERE (user_id = ?)
2026-04-03 22:27:20.572 [http-nio-8080-exec-6] DEBUG c.z.t.m.SysUserRoleMapper.selectList - ==> Parameters: 5(Long)
2026-04-03 22:27:20.572 [http-nio-8080-exec-6] DEBUG c.z.t.m.SysUserRoleMapper.selectList - <==      Total: 1
2026-04-03 22:27:20.573 [http-nio-8080-exec-6] DEBUG c.z.t.m.SysRoleMapper.selectList - ==>  Preparing: SELECT id,role_code,role_name,remark,create_time,update_time FROM sys_role WHERE (id IN (?))
2026-04-03 22:27:20.573 [http-nio-8080-exec-6] DEBUG c.z.t.m.SysRoleMapper.selectList - ==> Parameters: 3(Long)
2026-04-03 22:27:20.573 [http-nio-8080-exec-6] DEBUG c.z.t.m.SysRoleMapper.selectList - <==      Total: 1
2026-04-03 22:29:48.355 [http-nio-8080-exec-7] DEBUG c.z.t.m.SysUserMapper.selectList - ==>  Preparing: SELECT id,username,password,real_name,phone,email,student_no,class_name,counselor_id,avatar_url,status,deleted,create_time,update_time FROM sys_user WHERE deleted=0 AND (username = ? AND deleted = ?)
2026-04-03 22:29:48.355 [http-nio-8080-exec-7] DEBUG c.z.t.m.SysUserMapper.selectList - ==> Parameters: student(String), 0(Integer)
2026-04-03 22:29:48.356 [http-nio-8080-exec-7] DEBUG c.z.t.m.SysUserMapper.selectList - <==      Total: 1
2026-04-03 22:29:48.356 [http-nio-8080-exec-7] DEBUG c.z.t.m.SysUserRoleMapper.selectList - ==>  Preparing: SELECT id,user_id,role_id,create_time,update_time FROM sys_user_role WHERE (user_id = ?)
2026-04-03 22:29:48.357 [http-nio-8080-exec-7] DEBUG c.z.t.m.SysUserRoleMapper.selectList - ==> Parameters: 5(Long)
2026-04-03 22:29:48.357 [http-nio-8080-exec-7] DEBUG c.z.t.m.SysUserRoleMapper.selectList - <==      Total: 1
2026-04-03 22:29:48.358 [http-nio-8080-exec-7] DEBUG c.z.t.m.SysRoleMapper.selectList - ==>  Preparing: SELECT id,role_code,role_name,remark,create_time,update_time FROM sys_role WHERE (id IN (?))
2026-04-03 22:29:48.358 [http-nio-8080-exec-7] DEBUG c.z.t.m.SysRoleMapper.selectList - ==> Parameters: 3(Long)
2026-04-03 22:29:48.359 [http-nio-8080-exec-7] DEBUG c.z.t.m.SysRoleMapper.selectList - <==      Total: 1
2026-04-03 22:29:48.734 [http-nio-8080-exec-8] DEBUG c.z.t.m.SysUserMapper.selectList - ==>  Preparing: SELECT id,username,password,real_name,phone,email,student_no,class_name,counselor_id,avatar_url,status,deleted,create_time,update_time FROM sys_user WHERE deleted=0 AND (username = ? AND deleted = ?)
2026-04-03 22:29:48.734 [http-nio-8080-exec-8] DEBUG c.z.t.m.SysUserMapper.selectList - ==> Parameters: student(String), 0(Integer)
2026-04-03 22:29:48.735 [http-nio-8080-exec-8] DEBUG c.z.t.m.SysUserMapper.selectList - <==      Total: 1
2026-04-03 22:29:48.735 [http-nio-8080-exec-8] DEBUG c.z.t.m.SysUserRoleMapper.selectList - ==>  Preparing: SELECT id,user_id,role_id,create_time,update_time FROM sys_user_role WHERE (user_id = ?)
2026-04-03 22:29:48.735 [http-nio-8080-exec-8] DEBUG c.z.t.m.SysUserRoleMapper.selectList - ==> Parameters: 5(Long)
2026-04-03 22:29:48.736 [http-nio-8080-exec-8] DEBUG c.z.t.m.SysUserRoleMapper.selectList - <==      Total: 1
2026-04-03 22:29:48.736 [http-nio-8080-exec-8] DEBUG c.z.t.m.SysRoleMapper.selectList - ==>  Preparing: SELECT id,role_code,role_name,remark,create_time,update_time FROM sys_role WHERE (id IN (?))
2026-04-03 22:29:48.736 [http-nio-8080-exec-8] DEBUG c.z.t.m.SysRoleMapper.selectList - ==> Parameters: 3(Long)
2026-04-03 22:29:48.738 [http-nio-8080-exec-8] DEBUG c.z.t.m.SysRoleMapper.selectList - <==      Total: 1
2026-04-03 22:29:48.738 [http-nio-8080-exec-8] DEBUG c.z.t.m.SysUserMapper.selectById - ==>  Preparing: SELECT id,username,password,real_name,phone,email,student_no,class_name,counselor_id,avatar_url,status,deleted,create_time,update_time FROM sys_user WHERE id=? AND deleted=0
2026-04-03 22:29:48.738 [http-nio-8080-exec-8] DEBUG c.z.t.m.SysUserMapper.selectById - ==> Parameters: 5(Long)
2026-04-03 22:29:48.739 [http-nio-8080-exec-8] DEBUG c.z.t.m.SysUserMapper.selectById - <==      Total: 1
2026-04-03 22:29:48.739 [http-nio-8080-exec-8] DEBUG c.z.t.m.SysUserRoleMapper.selectList - ==>  Preparing: SELECT id,user_id,role_id,create_time,update_time FROM sys_user_role WHERE (user_id = ?)
2026-04-03 22:29:48.739 [http-nio-8080-exec-8] DEBUG c.z.t.m.SysUserRoleMapper.selectList - ==> Parameters: 5(Long)
2026-04-03 22:29:48.741 [http-nio-8080-exec-8] DEBUG c.z.t.m.SysUserRoleMapper.selectList - <==      Total: 1
2026-04-03 22:29:48.741 [http-nio-8080-exec-8] DEBUG c.z.t.m.SysRoleMapper.selectList - ==>  Preparing: SELECT id,role_code,role_name,remark,create_time,update_time FROM sys_role WHERE (id IN (?))
2026-04-03 22:29:48.741 [http-nio-8080-exec-8] DEBUG c.z.t.m.SysRoleMapper.selectList - ==> Parameters: 3(Long)
2026-04-03 22:29:48.743 [http-nio-8080-exec-8] DEBUG c.z.t.m.SysRoleMapper.selectList - <==      Total: 1
2026-04-03 22:29:48.743 [http-nio-8080-exec-8] DEBUG c.z.t.m.SysUserRoleMapper.selectList - ==>  Preparing: SELECT id,user_id,role_id,create_time,update_time FROM sys_user_role WHERE (user_id = ?)
2026-04-03 22:29:48.743 [http-nio-8080-exec-8] DEBUG c.z.t.m.SysUserRoleMapper.selectList - ==> Parameters: 5(Long)
2026-04-03 22:29:48.744 [http-nio-8080-exec-8] DEBUG c.z.t.m.SysUserRoleMapper.selectList - <==      Total: 1
2026-04-03 22:29:48.744 [http-nio-8080-exec-8] DEBUG c.z.t.m.SysRoleMapper.selectList - ==>  Preparing: SELECT id,role_code,role_name,remark,create_time,update_time FROM sys_role WHERE (id IN (?))
2026-04-03 22:29:48.744 [http-nio-8080-exec-8] DEBUG c.z.t.m.SysRoleMapper.selectList - ==> Parameters: 3(Long)
2026-04-03 22:29:48.745 [http-nio-8080-exec-8] DEBUG c.z.t.m.SysRoleMapper.selectList - <==      Total: 1
2026-04-03 22:29:55.547 [http-nio-8080-exec-10] DEBUG c.z.t.m.SysUserMapper.selectList - ==>  Preparing: SELECT id,username,password,real_name,phone,email,student_no,class_name,counselor_id,avatar_url,status,deleted,create_time,update_time FROM sys_user WHERE deleted=0 AND (username = ? AND deleted = ?)
2026-04-03 22:29:55.547 [http-nio-8080-exec-10] DEBUG c.z.t.m.SysUserMapper.selectList - ==> Parameters: student(String), 0(Integer)
2026-04-03 22:29:55.548 [http-nio-8080-exec-10] DEBUG c.z.t.m.SysUserMapper.selectList - <==      Total: 1
2026-04-03 22:29:55.548 [http-nio-8080-exec-10] DEBUG c.z.t.m.SysUserRoleMapper.selectList - ==>  Preparing: SELECT id,user_id,role_id,create_time,update_time FROM sys_user_role WHERE (user_id = ?)
2026-04-03 22:29:55.548 [http-nio-8080-exec-10] DEBUG c.z.t.m.SysUserRoleMapper.selectList - ==> Parameters: 5(Long)
2026-04-03 22:29:55.549 [http-nio-8080-exec-10] DEBUG c.z.t.m.SysUserRoleMapper.selectList - <==      Total: 1
2026-04-03 22:29:55.550 [http-nio-8080-exec-10] DEBUG c.z.t.m.SysRoleMapper.selectList - ==>  Preparing: SELECT id,role_code,role_name,remark,create_time,update_time FROM sys_role WHERE (id IN (?))
2026-04-03 22:29:55.550 [http-nio-8080-exec-10] DEBUG c.z.t.m.SysRoleMapper.selectList - ==> Parameters: 3(Long)
2026-04-03 22:29:55.551 [http-nio-8080-exec-10] DEBUG c.z.t.m.SysRoleMapper.selectList - <==      Total: 1
2026-04-03 22:29:55.927 [http-nio-8080-exec-9] DEBUG c.z.t.m.SysUserMapper.selectList - ==>  Preparing: SELECT id,username,password,real_name,phone,email,student_no,class_name,counselor_id,avatar_url,status,deleted,create_time,update_time FROM sys_user WHERE deleted=0 AND (username = ? AND deleted = ?)
2026-04-03 22:29:55.927 [http-nio-8080-exec-9] DEBUG c.z.t.m.SysUserMapper.selectList - ==> Parameters: student(String), 0(Integer)
2026-04-03 22:29:55.927 [http-nio-8080-exec-9] DEBUG c.z.t.m.SysUserMapper.selectList - <==      Total: 1
2026-04-03 22:29:55.929 [http-nio-8080-exec-9] DEBUG c.z.t.m.SysUserRoleMapper.selectList - ==>  Preparing: SELECT id,user_id,role_id,create_time,update_time FROM sys_user_role WHERE (user_id = ?)
2026-04-03 22:29:55.929 [http-nio-8080-exec-9] DEBUG c.z.t.m.SysUserRoleMapper.selectList - ==> Parameters: 5(Long)
2026-04-03 22:29:55.929 [http-nio-8080-exec-9] DEBUG c.z.t.m.SysUserRoleMapper.selectList - <==      Total: 1
2026-04-03 22:29:55.930 [http-nio-8080-exec-9] DEBUG c.z.t.m.SysRoleMapper.selectList - ==>  Preparing: SELECT id,role_code,role_name,remark,create_time,update_time FROM sys_role WHERE (id IN (?))
2026-04-03 22:29:55.930 [http-nio-8080-exec-9] DEBUG c.z.t.m.SysRoleMapper.selectList - ==> Parameters: 3(Long)
2026-04-03 22:29:55.930 [http-nio-8080-exec-9] DEBUG c.z.t.m.SysRoleMapper.selectList - <==      Total: 1
2026-04-03 22:29:55.932 [http-nio-8080-exec-9] DEBUG c.z.t.m.SysUserMapper.selectById - ==>  Preparing: SELECT id,username,password,real_name,phone,email,student_no,class_name,counselor_id,avatar_url,status,deleted,create_time,update_time FROM sys_user WHERE id=? AND deleted=0
2026-04-03 22:29:55.932 [http-nio-8080-exec-9] DEBUG c.z.t.m.SysUserMapper.selectById - ==> Parameters: 5(Long)
2026-04-03 22:29:55.934 [http-nio-8080-exec-9] DEBUG c.z.t.m.SysUserMapper.selectById - <==      Total: 1
2026-04-03 22:29:55.934 [http-nio-8080-exec-9] DEBUG c.z.t.m.SysUserRoleMapper.selectList - ==>  Preparing: SELECT id,user_id,role_id,create_time,update_time FROM sys_user_role WHERE (user_id = ?)
2026-04-03 22:29:55.934 [http-nio-8080-exec-9] DEBUG c.z.t.m.SysUserRoleMapper.selectList - ==> Parameters: 5(Long)
2026-04-03 22:29:55.935 [http-nio-8080-exec-9] DEBUG c.z.t.m.SysUserRoleMapper.selectList - <==      Total: 1
2026-04-03 22:29:55.935 [http-nio-8080-exec-9] DEBUG c.z.t.m.SysRoleMapper.selectList - ==>  Preparing: SELECT id,role_code,role_name,remark,create_time,update_time FROM sys_role WHERE (id IN (?))
2026-04-03 22:29:55.935 [http-nio-8080-exec-9] DEBUG c.z.t.m.SysRoleMapper.selectList - ==> Parameters: 3(Long)
2026-04-03 22:29:55.937 [http-nio-8080-exec-9] DEBUG c.z.t.m.SysRoleMapper.selectList - <==      Total: 1
2026-04-03 22:29:55.937 [http-nio-8080-exec-9] DEBUG c.z.t.m.SysUserRoleMapper.selectList - ==>  Preparing: SELECT id,user_id,role_id,create_time,update_time FROM sys_user_role WHERE (user_id = ?)
2026-04-03 22:29:55.937 [http-nio-8080-exec-9] DEBUG c.z.t.m.SysUserRoleMapper.selectList - ==> Parameters: 5(Long)
2026-04-03 22:29:55.938 [http-nio-8080-exec-9] DEBUG c.z.t.m.SysUserRoleMapper.selectList - <==      Total: 1
2026-04-03 22:29:55.938 [http-nio-8080-exec-9] DEBUG c.z.t.m.SysRoleMapper.selectList - ==>  Preparing: SELECT id,role_code,role_name,remark,create_time,update_time FROM sys_role WHERE (id IN (?))
2026-04-03 22:29:55.938 [http-nio-8080-exec-9] DEBUG c.z.t.m.SysRoleMapper.selectList - ==> Parameters: 3(Long)
2026-04-03 22:29:55.938 [http-nio-8080-exec-9] DEBUG c.z.t.m.SysRoleMapper.selectList - <==      Total: 1
2026-04-03 22:30:11.841 [http-nio-8080-exec-1] DEBUG c.z.t.m.SysUserMapper.selectList - ==>  Preparing: SELECT id,username,password,real_name,phone,email,student_no,class_name,counselor_id,avatar_url,status,deleted,create_time,update_time FROM sys_user WHERE deleted=0 AND (username = ? AND deleted = ?)
2026-04-03 22:30:11.841 [http-nio-8080-exec-1] DEBUG c.z.t.m.SysUserMapper.selectList - ==> Parameters: student(String), 0(Integer)
2026-04-03 22:30:11.842 [http-nio-8080-exec-1] DEBUG c.z.t.m.SysUserMapper.selectList - <==      Total: 1
2026-04-03 22:30:11.842 [http-nio-8080-exec-1] DEBUG c.z.t.m.SysUserRoleMapper.selectList - ==>  Preparing: SELECT id,user_id,role_id,create_time,update_time FROM sys_user_role WHERE (user_id = ?)
2026-04-03 22:30:11.844 [http-nio-8080-exec-1] DEBUG c.z.t.m.SysUserRoleMapper.selectList - ==> Parameters: 5(Long)
2026-04-03 22:30:11.845 [http-nio-8080-exec-1] DEBUG c.z.t.m.SysUserRoleMapper.selectList - <==      Total: 1
2026-04-03 22:30:11.845 [http-nio-8080-exec-1] DEBUG c.z.t.m.SysRoleMapper.selectList - ==>  Preparing: SELECT id,role_code,role_name,remark,create_time,update_time FROM sys_role WHERE (id IN (?))
2026-04-03 22:30:11.845 [http-nio-8080-exec-1] DEBUG c.z.t.m.SysRoleMapper.selectList - ==> Parameters: 3(Long)
2026-04-03 22:30:11.847 [http-nio-8080-exec-1] DEBUG c.z.t.m.SysRoleMapper.selectList - <==      Total: 1
2026-04-03 22:30:12.234 [http-nio-8080-exec-2] DEBUG c.z.t.m.SysUserMapper.selectList - ==>  Preparing: SELECT id,username,password,real_name,phone,email,student_no,class_name,counselor_id,avatar_url,status,deleted,create_time,update_time FROM sys_user WHERE deleted=0 AND (username = ? AND deleted = ?)
2026-04-03 22:30:12.236 [http-nio-8080-exec-2] DEBUG c.z.t.m.SysUserMapper.selectList - ==> Parameters: student(String), 0(Integer)
2026-04-03 22:30:12.239 [http-nio-8080-exec-2] DEBUG c.z.t.m.SysUserMapper.selectList - <==      Total: 1
2026-04-03 22:30:12.243 [http-nio-8080-exec-2] DEBUG c.z.t.m.SysUserRoleMapper.selectList - ==>  Preparing: SELECT id,user_id,role_id,create_time,update_time FROM sys_user_role WHERE (user_id = ?)
2026-04-03 22:30:12.246 [http-nio-8080-exec-2] DEBUG c.z.t.m.SysUserRoleMapper.selectList - ==> Parameters: 5(Long)
2026-04-03 22:30:12.247 [http-nio-8080-exec-2] DEBUG c.z.t.m.SysUserRoleMapper.selectList - <==      Total: 1
2026-04-03 22:30:12.250 [http-nio-8080-exec-2] DEBUG c.z.t.m.SysRoleMapper.selectList - ==>  Preparing: SELECT id,role_code,role_name,remark,create_time,update_time FROM sys_role WHERE (id IN (?))
2026-04-03 22:30:12.250 [http-nio-8080-exec-2] DEBUG c.z.t.m.SysRoleMapper.selectList - ==> Parameters: 3(Long)
2026-04-03 22:30:12.252 [http-nio-8080-exec-2] DEBUG c.z.t.m.SysRoleMapper.selectList - <==      Total: 1
2026-04-03 22:30:12.256 [http-nio-8080-exec-2] DEBUG c.z.t.m.SysUserMapper.selectById - ==>  Preparing: SELECT id,username,password,real_name,phone,email,student_no,class_name,counselor_id,avatar_url,status,deleted,create_time,update_time FROM sys_user WHERE id=? AND deleted=0
2026-04-03 22:30:12.259 [http-nio-8080-exec-2] DEBUG c.z.t.m.SysUserMapper.selectById - ==> Parameters: 5(Long)
2026-04-03 22:30:12.261 [http-nio-8080-exec-2] DEBUG c.z.t.m.SysUserMapper.selectById - <==      Total: 1
2026-04-03 22:30:12.261 [http-nio-8080-exec-2] DEBUG c.z.t.m.SysUserRoleMapper.selectList - ==>  Preparing: SELECT id,user_id,role_id,create_time,update_time FROM sys_user_role WHERE (user_id = ?)
2026-04-03 22:30:12.262 [http-nio-8080-exec-2] DEBUG c.z.t.m.SysUserRoleMapper.selectList - ==> Parameters: 5(Long)
2026-04-03 22:30:12.263 [http-nio-8080-exec-2] DEBUG c.z.t.m.SysUserRoleMapper.selectList - <==      Total: 1
2026-04-03 22:30:12.264 [http-nio-8080-exec-2] DEBUG c.z.t.m.SysRoleMapper.selectList - ==>  Preparing: SELECT id,role_code,role_name,remark,create_time,update_time FROM sys_role WHERE (id IN (?))
2026-04-03 22:30:12.264 [http-nio-8080-exec-2] DEBUG c.z.t.m.SysRoleMapper.selectList - ==> Parameters: 3(Long)
2026-04-03 22:30:12.265 [http-nio-8080-exec-2] DEBUG c.z.t.m.SysRoleMapper.selectList - <==      Total: 1
2026-04-03 22:30:12.265 [http-nio-8080-exec-2] DEBUG c.z.t.m.SysUserRoleMapper.selectList - ==>  Preparing: SELECT id,user_id,role_id,create_time,update_time FROM sys_user_role WHERE (user_id = ?)
2026-04-03 22:30:12.265 [http-nio-8080-exec-2] DEBUG c.z.t.m.SysUserRoleMapper.selectList - ==> Parameters: 5(Long)
2026-04-03 22:30:12.266 [http-nio-8080-exec-2] DEBUG c.z.t.m.SysUserRoleMapper.selectList - <==      Total: 1
2026-04-03 22:30:12.267 [http-nio-8080-exec-2] DEBUG c.z.t.m.SysRoleMapper.selectList - ==>  Preparing: SELECT id,role_code,role_name,remark,create_time,update_time FROM sys_role WHERE (id IN (?))
2026-04-03 22:30:12.267 [http-nio-8080-exec-2] DEBUG c.z.t.m.SysRoleMapper.selectList - ==> Parameters: 3(Long)
2026-04-03 22:30:12.268 [http-nio-8080-exec-2] DEBUG c.z.t.m.SysRoleMapper.selectList - <==      Total: 1
2026-04-03 22:30:36.375 [http-nio-8080-exec-3] DEBUG c.z.t.m.SysUserMapper.selectList - ==>  Preparing: SELECT id,username,password,real_name,phone,email,student_no,class_name,counselor_id,avatar_url,status,deleted,create_time,update_time FROM sys_user WHERE deleted=0 AND (username = ? AND deleted = ?)
2026-04-03 22:30:36.375 [http-nio-8080-exec-3] DEBUG c.z.t.m.SysUserMapper.selectList - ==> Parameters: student(String), 0(Integer)
2026-04-03 22:30:36.376 [http-nio-8080-exec-3] DEBUG c.z.t.m.SysUserMapper.selectList - <==      Total: 1
2026-04-03 22:30:36.376 [http-nio-8080-exec-3] DEBUG c.z.t.m.SysUserRoleMapper.selectList - ==>  Preparing: SELECT id,user_id,role_id,create_time,update_time FROM sys_user_role WHERE (user_id = ?)
2026-04-03 22:30:36.376 [http-nio-8080-exec-3] DEBUG c.z.t.m.SysUserRoleMapper.selectList - ==> Parameters: 5(Long)
2026-04-03 22:30:36.378 [http-nio-8080-exec-3] DEBUG c.z.t.m.SysUserRoleMapper.selectList - <==      Total: 1
2026-04-03 22:30:36.378 [http-nio-8080-exec-3] DEBUG c.z.t.m.SysRoleMapper.selectList - ==>  Preparing: SELECT id,role_code,role_name,remark,create_time,update_time FROM sys_role WHERE (id IN (?))
2026-04-03 22:30:36.378 [http-nio-8080-exec-3] DEBUG c.z.t.m.SysRoleMapper.selectList - ==> Parameters: 3(Long)
2026-04-03 22:30:36.378 [http-nio-8080-exec-3] DEBUG c.z.t.m.SysRoleMapper.selectList - <==      Total: 1
2026-04-03 22:30:36.763 [http-nio-8080-exec-4] DEBUG c.z.t.m.SysUserMapper.selectList - ==>  Preparing: SELECT id,username,password,real_name,phone,email,student_no,class_name,counselor_id,avatar_url,status,deleted,create_time,update_time FROM sys_user WHERE deleted=0 AND (username = ? AND deleted = ?)
2026-04-03 22:30:36.764 [http-nio-8080-exec-4] DEBUG c.z.t.m.SysUserMapper.selectList - ==> Parameters: student(String), 0(Integer)
2026-04-03 22:30:36.764 [http-nio-8080-exec-4] DEBUG c.z.t.m.SysUserMapper.selectList - <==      Total: 1
2026-04-03 22:30:36.766 [http-nio-8080-exec-4] DEBUG c.z.t.m.SysUserRoleMapper.selectList - ==>  Preparing: SELECT id,user_id,role_id,create_time,update_time FROM sys_user_role WHERE (user_id = ?)
2026-04-03 22:30:36.766 [http-nio-8080-exec-4] DEBUG c.z.t.m.SysUserRoleMapper.selectList - ==> Parameters: 5(Long)
2026-04-03 22:30:36.766 [http-nio-8080-exec-4] DEBUG c.z.t.m.SysUserRoleMapper.selectList - <==      Total: 1
2026-04-03 22:30:36.766 [http-nio-8080-exec-4] DEBUG c.z.t.m.SysRoleMapper.selectList - ==>  Preparing: SELECT id,role_code,role_name,remark,create_time,update_time FROM sys_role WHERE (id IN (?))
2026-04-03 22:30:36.766 [http-nio-8080-exec-4] DEBUG c.z.t.m.SysRoleMapper.selectList - ==> Parameters: 3(Long)
2026-04-03 22:30:36.766 [http-nio-8080-exec-4] DEBUG c.z.t.m.SysRoleMapper.selectList - <==      Total: 1
2026-04-03 22:30:36.767 [http-nio-8080-exec-4] DEBUG c.z.t.m.SysUserMapper.selectById - ==>  Preparing: SELECT id,username,password,real_name,phone,email,student_no,class_name,counselor_id,avatar_url,status,deleted,create_time,update_time FROM sys_user WHERE id=? AND deleted=0
2026-04-03 22:30:36.767 [http-nio-8080-exec-4] DEBUG c.z.t.m.SysUserMapper.selectById - ==> Parameters: 5(Long)
2026-04-03 22:30:36.767 [http-nio-8080-exec-4] DEBUG c.z.t.m.SysUserMapper.selectById - <==      Total: 1
2026-04-03 22:30:36.767 [http-nio-8080-exec-4] DEBUG c.z.t.m.SysUserRoleMapper.selectList - ==>  Preparing: SELECT id,user_id,role_id,create_time,update_time FROM sys_user_role WHERE (user_id = ?)
2026-04-03 22:30:36.767 [http-nio-8080-exec-4] DEBUG c.z.t.m.SysUserRoleMapper.selectList - ==> Parameters: 5(Long)
2026-04-03 22:30:36.767 [http-nio-8080-exec-4] DEBUG c.z.t.m.SysUserRoleMapper.selectList - <==      Total: 1
2026-04-03 22:30:36.767 [http-nio-8080-exec-4] DEBUG c.z.t.m.SysRoleMapper.selectList - ==>  Preparing: SELECT id,role_code,role_name,remark,create_time,update_time FROM sys_role WHERE (id IN (?))
2026-04-03 22:30:36.769 [http-nio-8080-exec-4] DEBUG c.z.t.m.SysRoleMapper.selectList - ==> Parameters: 3(Long)
2026-04-03 22:30:36.769 [http-nio-8080-exec-4] DEBUG c.z.t.m.SysRoleMapper.selectList - <==      Total: 1
2026-04-03 22:30:36.769 [http-nio-8080-exec-4] DEBUG c.z.t.m.SysUserRoleMapper.selectList - ==>  Preparing: SELECT id,user_id,role_id,create_time,update_time FROM sys_user_role WHERE (user_id = ?)
2026-04-03 22:30:36.769 [http-nio-8080-exec-4] DEBUG c.z.t.m.SysUserRoleMapper.selectList - ==> Parameters: 5(Long)
2026-04-03 22:30:36.770 [http-nio-8080-exec-4] DEBUG c.z.t.m.SysUserRoleMapper.selectList - <==      Total: 1
2026-04-03 22:30:36.770 [http-nio-8080-exec-4] DEBUG c.z.t.m.SysRoleMapper.selectList - ==>  Preparing: SELECT id,role_code,role_name,remark,create_time,update_time FROM sys_role WHERE (id IN (?))
2026-04-03 22:30:36.771 [http-nio-8080-exec-4] DEBUG c.z.t.m.SysRoleMapper.selectList - ==> Parameters: 3(Long)
2026-04-03 22:30:36.772 [http-nio-8080-exec-4] DEBUG c.z.t.m.SysRoleMapper.selectList - <==      Total: 1
2026-04-03 22:32:19.081 [http-nio-8080-exec-5] DEBUG c.z.t.m.SysUserMapper.selectList - ==>  Preparing: SELECT id,username,password,real_name,phone,email,student_no,class_name,counselor_id,avatar_url,status,deleted,create_time,update_time FROM sys_user WHERE deleted=0 AND (username = ? AND deleted = ?)
2026-04-03 22:32:19.082 [http-nio-8080-exec-5] DEBUG c.z.t.m.SysUserMapper.selectList - ==> Parameters: student(String), 0(Integer)
2026-04-03 22:32:19.082 [http-nio-8080-exec-5] DEBUG c.z.t.m.SysUserMapper.selectList - <==      Total: 1
2026-04-03 22:32:19.084 [http-nio-8080-exec-5] DEBUG c.z.t.m.SysUserRoleMapper.selectList - ==>  Preparing: SELECT id,user_id,role_id,create_time,update_time FROM sys_user_role WHERE (user_id = ?)
2026-04-03 22:32:19.084 [http-nio-8080-exec-5] DEBUG c.z.t.m.SysUserRoleMapper.selectList - ==> Parameters: 5(Long)
2026-04-03 22:32:19.084 [http-nio-8080-exec-5] DEBUG c.z.t.m.SysUserRoleMapper.selectList - <==      Total: 1
2026-04-03 22:32:19.084 [http-nio-8080-exec-5] DEBUG c.z.t.m.SysRoleMapper.selectList - ==>  Preparing: SELECT id,role_code,role_name,remark,create_time,update_time FROM sys_role WHERE (id IN (?))
2026-04-03 22:32:19.085 [http-nio-8080-exec-5] DEBUG c.z.t.m.SysRoleMapper.selectList - ==> Parameters: 3(Long)
2026-04-03 22:32:19.085 [http-nio-8080-exec-5] DEBUG c.z.t.m.SysRoleMapper.selectList - <==      Total: 1
2026-04-03 22:32:19.087 [http-nio-8080-exec-5] DEBUG c.z.t.m.SysUserMapper.selectById - ==>  Preparing: SELECT id,username,password,real_name,phone,email,student_no,class_name,counselor_id,avatar_url,status,deleted,create_time,update_time FROM sys_user WHERE id=? AND deleted=0
2026-04-03 22:32:19.087 [http-nio-8080-exec-5] DEBUG c.z.t.m.SysUserMapper.selectById - ==> Parameters: 5(Long)
2026-04-03 22:32:19.087 [http-nio-8080-exec-5] DEBUG c.z.t.m.SysUserMapper.selectById - <==      Total: 1
2026-04-03 22:32:19.088 [http-nio-8080-exec-5] DEBUG c.z.t.m.SysUserRoleMapper.selectList - ==>  Preparing: SELECT id,user_id,role_id,create_time,update_time FROM sys_user_role WHERE (user_id = ?)
2026-04-03 22:32:19.089 [http-nio-8080-exec-5] DEBUG c.z.t.m.SysUserRoleMapper.selectList - ==> Parameters: 5(Long)
2026-04-03 22:32:19.091 [http-nio-8080-exec-5] DEBUG c.z.t.m.SysUserRoleMapper.selectList - <==      Total: 1
2026-04-03 22:32:19.091 [http-nio-8080-exec-5] DEBUG c.z.t.m.SysRoleMapper.selectList - ==>  Preparing: SELECT id,role_code,role_name,remark,create_time,update_time FROM sys_role WHERE (id IN (?))
2026-04-03 22:32:19.098 [http-nio-8080-exec-5] DEBUG c.z.t.m.SysRoleMapper.selectList - ==> Parameters: 3(Long)
2026-04-03 22:32:19.100 [http-nio-8080-exec-5] DEBUG c.z.t.m.SysRoleMapper.selectList - <==      Total: 1
2026-04-03 22:32:19.103 [http-nio-8080-exec-5] DEBUG c.z.t.m.SysUserRoleMapper.selectList - ==>  Preparing: SELECT id,user_id,role_id,create_time,update_time FROM sys_user_role WHERE (user_id = ?)
2026-04-03 22:32:19.104 [http-nio-8080-exec-5] DEBUG c.z.t.m.SysUserRoleMapper.selectList - ==> Parameters: 5(Long)
2026-04-03 22:32:19.106 [http-nio-8080-exec-5] DEBUG c.z.t.m.SysUserRoleMapper.selectList - <==      Total: 1
2026-04-03 22:32:19.108 [http-nio-8080-exec-5] DEBUG c.z.t.m.SysRoleMapper.selectList - ==>  Preparing: SELECT id,role_code,role_name,remark,create_time,update_time FROM sys_role WHERE (id IN (?))
2026-04-03 22:32:19.111 [http-nio-8080-exec-5] DEBUG c.z.t.m.SysRoleMapper.selectList - ==> Parameters: 3(Long)
2026-04-03 22:32:19.114 [http-nio-8080-exec-5] DEBUG c.z.t.m.SysRoleMapper.selectList - <==      Total: 1
2026-04-03 22:32:22.246 [http-nio-8080-exec-6] DEBUG c.z.t.m.SysUserMapper.selectList - ==>  Preparing: SELECT id,username,password,real_name,phone,email,student_no,class_name,counselor_id,avatar_url,status,deleted,create_time,update_time FROM sys_user WHERE deleted=0 AND (username = ? AND deleted = ?)
2026-04-03 22:32:22.246 [http-nio-8080-exec-6] DEBUG c.z.t.m.SysUserMapper.selectList - ==> Parameters: student(String), 0(Integer)
2026-04-03 22:32:22.248 [http-nio-8080-exec-6] DEBUG c.z.t.m.SysUserMapper.selectList - <==      Total: 1
2026-04-03 22:32:22.248 [http-nio-8080-exec-6] DEBUG c.z.t.m.SysUserRoleMapper.selectList - ==>  Preparing: SELECT id,user_id,role_id,create_time,update_time FROM sys_user_role WHERE (user_id = ?)
2026-04-03 22:32:22.248 [http-nio-8080-exec-6] DEBUG c.z.t.m.SysUserRoleMapper.selectList - ==> Parameters: 5(Long)
2026-04-03 22:32:22.249 [http-nio-8080-exec-6] DEBUG c.z.t.m.SysUserRoleMapper.selectList - <==      Total: 1
2026-04-03 22:32:22.249 [http-nio-8080-exec-6] DEBUG c.z.t.m.SysRoleMapper.selectList - ==>  Preparing: SELECT id,role_code,role_name,remark,create_time,update_time FROM sys_role WHERE (id IN (?))
2026-04-03 22:32:22.249 [http-nio-8080-exec-6] DEBUG c.z.t.m.SysRoleMapper.selectList - ==> Parameters: 3(Long)
2026-04-03 22:32:22.250 [http-nio-8080-exec-6] DEBUG c.z.t.m.SysRoleMapper.selectList - <==      Total: 1
2026-04-03 22:32:22.319 [http-nio-8080-exec-7] DEBUG c.z.t.m.SysUserMapper.selectList - ==>  Preparing: SELECT id,username,password,real_name,phone,email,student_no,class_name,counselor_id,avatar_url,status,deleted,create_time,update_time FROM sys_user WHERE deleted=0 AND (username = ? AND deleted = ?)
2026-04-03 22:32:22.319 [http-nio-8080-exec-7] DEBUG c.z.t.m.SysUserMapper.selectList - ==> Parameters: student(String), 0(Integer)
2026-04-03 22:32:22.320 [http-nio-8080-exec-7] DEBUG c.z.t.m.SysUserMapper.selectList - <==      Total: 1
2026-04-03 22:32:22.320 [http-nio-8080-exec-7] DEBUG c.z.t.m.SysUserRoleMapper.selectList - ==>  Preparing: SELECT id,user_id,role_id,create_time,update_time FROM sys_user_role WHERE (user_id = ?)
2026-04-03 22:32:22.320 [http-nio-8080-exec-7] DEBUG c.z.t.m.SysUserRoleMapper.selectList - ==> Parameters: 5(Long)
2026-04-03 22:32:22.322 [http-nio-8080-exec-7] DEBUG c.z.t.m.SysUserRoleMapper.selectList - <==      Total: 1
2026-04-03 22:32:22.322 [http-nio-8080-exec-7] DEBUG c.z.t.m.SysRoleMapper.selectList - ==>  Preparing: SELECT id,role_code,role_name,remark,create_time,update_time FROM sys_role WHERE (id IN (?))
2026-04-03 22:32:22.322 [http-nio-8080-exec-7] DEBUG c.z.t.m.SysRoleMapper.selectList - ==> Parameters: 3(Long)
2026-04-03 22:32:22.324 [http-nio-8080-exec-7] DEBUG c.z.t.m.SysRoleMapper.selectList - <==      Total: 1
2026-04-03 22:32:22.330 [http-nio-8080-exec-7] DEBUG c.z.t.m.SysUserMapper.selectById - ==>  Preparing: SELECT id,username,password,real_name,phone,email,student_no,class_name,counselor_id,avatar_url,status,deleted,create_time,update_time FROM sys_user WHERE id=? AND deleted=0
2026-04-03 22:32:22.331 [http-nio-8080-exec-7] DEBUG c.z.t.m.SysUserMapper.selectById - ==> Parameters: 5(Long)
2026-04-03 22:32:22.332 [http-nio-8080-exec-7] DEBUG c.z.t.m.SysUserMapper.selectById - <==      Total: 1
2026-04-03 22:32:22.332 [http-nio-8080-exec-7] DEBUG c.z.t.m.SysUserRoleMapper.selectList - ==>  Preparing: SELECT id,user_id,role_id,create_time,update_time FROM sys_user_role WHERE (user_id = ?)
2026-04-03 22:32:22.333 [http-nio-8080-exec-7] DEBUG c.z.t.m.SysUserRoleMapper.selectList - ==> Parameters: 5(Long)
2026-04-03 22:32:22.334 [http-nio-8080-exec-7] DEBUG c.z.t.m.SysUserRoleMapper.selectList - <==      Total: 1
2026-04-03 22:32:22.338 [http-nio-8080-exec-7] DEBUG c.z.t.m.SysRoleMapper.selectList - ==>  Preparing: SELECT id,role_code,role_name,remark,create_time,update_time FROM sys_role WHERE (id IN (?))
2026-04-03 22:32:22.338 [http-nio-8080-exec-7] DEBUG c.z.t.m.SysRoleMapper.selectList - ==> Parameters: 3(Long)
2026-04-03 22:32:22.338 [http-nio-8080-exec-7] DEBUG c.z.t.m.SysRoleMapper.selectList - <==      Total: 1
2026-04-03 22:32:22.340 [http-nio-8080-exec-7] DEBUG c.z.t.m.SysUserRoleMapper.selectList - ==>  Preparing: SELECT id,user_id,role_id,create_time,update_time FROM sys_user_role WHERE (user_id = ?)
2026-04-03 22:32:22.341 [http-nio-8080-exec-7] DEBUG c.z.t.m.SysUserRoleMapper.selectList - ==> Parameters: 5(Long)
2026-04-03 22:32:22.343 [http-nio-8080-exec-7] DEBUG c.z.t.m.SysUserRoleMapper.selectList - <==      Total: 1
2026-04-03 22:32:22.343 [http-nio-8080-exec-7] DEBUG c.z.t.m.SysRoleMapper.selectList - ==>  Preparing: SELECT id,role_code,role_name,remark,create_time,update_time FROM sys_role WHERE (id IN (?))
2026-04-03 22:32:22.346 [http-nio-8080-exec-7] DEBUG c.z.t.m.SysRoleMapper.selectList - ==> Parameters: 3(Long)
2026-04-03 22:32:22.347 [http-nio-8080-exec-7] DEBUG c.z.t.m.SysRoleMapper.selectList - <==      Total: 1
2026-04-03 22:33:35.670 [http-nio-8080-exec-8] DEBUG c.z.t.m.SysUserMapper.selectList - ==>  Preparing: SELECT id,username,password,real_name,phone,email,student_no,class_name,counselor_id,avatar_url,status,deleted,create_time,update_time FROM sys_user WHERE deleted=0 AND (username = ? AND deleted = ?)
2026-04-03 22:33:35.672 [http-nio-8080-exec-8] DEBUG c.z.t.m.SysUserMapper.selectList - ==> Parameters: student(String), 0(Integer)
2026-04-03 22:33:35.674 [http-nio-8080-exec-8] DEBUG c.z.t.m.SysUserMapper.selectList - <==      Total: 1
2026-04-03 22:33:35.675 [http-nio-8080-exec-8] DEBUG c.z.t.m.SysUserRoleMapper.selectList - ==>  Preparing: SELECT id,user_id,role_id,create_time,update_time FROM sys_user_role WHERE (user_id = ?)
2026-04-03 22:33:35.675 [http-nio-8080-exec-8] DEBUG c.z.t.m.SysUserRoleMapper.selectList - ==> Parameters: 5(Long)
2026-04-03 22:33:35.676 [http-nio-8080-exec-8] DEBUG c.z.t.m.SysUserRoleMapper.selectList - <==      Total: 1
2026-04-03 22:33:35.676 [http-nio-8080-exec-8] DEBUG c.z.t.m.SysRoleMapper.selectList - ==>  Preparing: SELECT id,role_code,role_name,remark,create_time,update_time FROM sys_role WHERE (id IN (?))
2026-04-03 22:33:35.676 [http-nio-8080-exec-8] DEBUG c.z.t.m.SysRoleMapper.selectList - ==> Parameters: 3(Long)
2026-04-03 22:33:35.677 [http-nio-8080-exec-8] DEBUG c.z.t.m.SysRoleMapper.selectList - <==      Total: 1
2026-04-03 22:33:35.933 [http-nio-8080-exec-10] DEBUG c.z.t.m.SysUserMapper.selectList - ==>  Preparing: SELECT id,username,password,real_name,phone,email,student_no,class_name,counselor_id,avatar_url,status,deleted,create_time,update_time FROM sys_user WHERE deleted=0 AND (username = ? AND deleted = ?)
2026-04-03 22:33:35.934 [http-nio-8080-exec-10] DEBUG c.z.t.m.SysUserMapper.selectList - ==> Parameters: student(String), 0(Integer)
2026-04-03 22:33:35.935 [http-nio-8080-exec-10] DEBUG c.z.t.m.SysUserMapper.selectList - <==      Total: 1
2026-04-03 22:33:35.935 [http-nio-8080-exec-10] DEBUG c.z.t.m.SysUserRoleMapper.selectList - ==>  Preparing: SELECT id,user_id,role_id,create_time,update_time FROM sys_user_role WHERE (user_id = ?)
2026-04-03 22:33:35.935 [http-nio-8080-exec-10] DEBUG c.z.t.m.SysUserRoleMapper.selectList - ==> Parameters: 5(Long)
2026-04-03 22:33:35.936 [http-nio-8080-exec-10] DEBUG c.z.t.m.SysUserRoleMapper.selectList - <==      Total: 1
2026-04-03 22:33:35.936 [http-nio-8080-exec-10] DEBUG c.z.t.m.SysRoleMapper.selectList - ==>  Preparing: SELECT id,role_code,role_name,remark,create_time,update_time FROM sys_role WHERE (id IN (?))
2026-04-03 22:33:35.936 [http-nio-8080-exec-10] DEBUG c.z.t.m.SysRoleMapper.selectList - ==> Parameters: 3(Long)
2026-04-03 22:33:35.936 [http-nio-8080-exec-10] DEBUG c.z.t.m.SysRoleMapper.selectList - <==      Total: 1
2026-04-03 22:33:35.936 [http-nio-8080-exec-10] DEBUG c.z.t.m.SysUserMapper.selectById - ==>  Preparing: SELECT id,username,password,real_name,phone,email,student_no,class_name,counselor_id,avatar_url,status,deleted,create_time,update_time FROM sys_user WHERE id=? AND deleted=0
2026-04-03 22:33:35.936 [http-nio-8080-exec-10] DEBUG c.z.t.m.SysUserMapper.selectById - ==> Parameters: 5(Long)
2026-04-03 22:33:35.936 [http-nio-8080-exec-10] DEBUG c.z.t.m.SysUserMapper.selectById - <==      Total: 1
2026-04-03 22:33:35.936 [http-nio-8080-exec-10] DEBUG c.z.t.m.SysUserRoleMapper.selectList - ==>  Preparing: SELECT id,user_id,role_id,create_time,update_time FROM sys_user_role WHERE (user_id = ?)
2026-04-03 22:33:35.936 [http-nio-8080-exec-10] DEBUG c.z.t.m.SysUserRoleMapper.selectList - ==> Parameters: 5(Long)
2026-04-03 22:33:35.938 [http-nio-8080-exec-10] DEBUG c.z.t.m.SysUserRoleMapper.selectList - <==      Total: 1
2026-04-03 22:33:35.938 [http-nio-8080-exec-10] DEBUG c.z.t.m.SysRoleMapper.selectList - ==>  Preparing: SELECT id,role_code,role_name,remark,create_time,update_time FROM sys_role WHERE (id IN (?))
2026-04-03 22:33:35.940 [http-nio-8080-exec-10] DEBUG c.z.t.m.SysRoleMapper.selectList - ==> Parameters: 3(Long)
2026-04-03 22:33:35.940 [http-nio-8080-exec-10] DEBUG c.z.t.m.SysRoleMapper.selectList - <==      Total: 1
2026-04-03 22:33:35.941 [http-nio-8080-exec-10] DEBUG c.z.t.m.SysUserRoleMapper.selectList - ==>  Preparing: SELECT id,user_id,role_id,create_time,update_time FROM sys_user_role WHERE (user_id = ?)
2026-04-03 22:33:35.941 [http-nio-8080-exec-10] DEBUG c.z.t.m.SysUserRoleMapper.selectList - ==> Parameters: 5(Long)
2026-04-03 22:33:35.942 [http-nio-8080-exec-10] DEBUG c.z.t.m.SysUserRoleMapper.selectList - <==      Total: 1
2026-04-03 22:33:35.942 [http-nio-8080-exec-10] DEBUG c.z.t.m.SysRoleMapper.selectList - ==>  Preparing: SELECT id,role_code,role_name,remark,create_time,update_time FROM sys_role WHERE (id IN (?))
2026-04-03 22:33:35.942 [http-nio-8080-exec-10] DEBUG c.z.t.m.SysRoleMapper.selectList - ==> Parameters: 3(Long)
2026-04-03 22:33:35.943 [http-nio-8080-exec-10] DEBUG c.z.t.m.SysRoleMapper.selectList - <==      Total: 1
2026-04-03 22:34:33.299 [http-nio-8080-exec-9] DEBUG c.z.t.m.SysUserMapper.selectList - ==>  Preparing: SELECT id,username,password,real_name,phone,email,student_no,class_name,counselor_id,avatar_url,status,deleted,create_time,update_time FROM sys_user WHERE deleted=0 AND (username = ? AND deleted = ?)
2026-04-03 22:34:33.299 [http-nio-8080-exec-9] DEBUG c.z.t.m.SysUserMapper.selectList - ==> Parameters: student(String), 0(Integer)
2026-04-03 22:34:33.301 [http-nio-8080-exec-9] DEBUG c.z.t.m.SysUserMapper.selectList - <==      Total: 1
2026-04-03 22:34:33.301 [http-nio-8080-exec-9] DEBUG c.z.t.m.SysUserRoleMapper.selectList - ==>  Preparing: SELECT id,user_id,role_id,create_time,update_time FROM sys_user_role WHERE (user_id = ?)
2026-04-03 22:34:33.301 [http-nio-8080-exec-9] DEBUG c.z.t.m.SysUserRoleMapper.selectList - ==> Parameters: 5(Long)
2026-04-03 22:34:33.302 [http-nio-8080-exec-9] DEBUG c.z.t.m.SysUserRoleMapper.selectList - <==      Total: 1
2026-04-03 22:34:33.302 [http-nio-8080-exec-9] DEBUG c.z.t.m.SysRoleMapper.selectList - ==>  Preparing: SELECT id,role_code,role_name,remark,create_time,update_time FROM sys_role WHERE (id IN (?))
2026-04-03 22:34:33.302 [http-nio-8080-exec-9] DEBUG c.z.t.m.SysRoleMapper.selectList - ==> Parameters: 3(Long)
2026-04-03 22:34:33.303 [http-nio-8080-exec-9] DEBUG c.z.t.m.SysRoleMapper.selectList - <==      Total: 1
2026-04-03 22:34:33.684 [http-nio-8080-exec-1] DEBUG c.z.t.m.SysUserMapper.selectList - ==>  Preparing: SELECT id,username,password,real_name,phone,email,student_no,class_name,counselor_id,avatar_url,status,deleted,create_time,update_time FROM sys_user WHERE deleted=0 AND (username = ? AND deleted = ?)
2026-04-03 22:34:33.688 [http-nio-8080-exec-1] DEBUG c.z.t.m.SysUserMapper.selectList - ==> Parameters: student(String), 0(Integer)
2026-04-03 22:34:33.691 [http-nio-8080-exec-1] DEBUG c.z.t.m.SysUserMapper.selectList - <==      Total: 1
2026-04-03 22:34:33.692 [http-nio-8080-exec-1] DEBUG c.z.t.m.SysUserRoleMapper.selectList - ==>  Preparing: SELECT id,user_id,role_id,create_time,update_time FROM sys_user_role WHERE (user_id = ?)
2026-04-03 22:34:33.692 [http-nio-8080-exec-1] DEBUG c.z.t.m.SysUserRoleMapper.selectList - ==> Parameters: 5(Long)
2026-04-03 22:34:33.694 [http-nio-8080-exec-1] DEBUG c.z.t.m.SysUserRoleMapper.selectList - <==      Total: 1
2026-04-03 22:34:33.697 [http-nio-8080-exec-1] DEBUG c.z.t.m.SysRoleMapper.selectList - ==>  Preparing: SELECT id,role_code,role_name,remark,create_time,update_time FROM sys_role WHERE (id IN (?))
2026-04-03 22:34:33.699 [http-nio-8080-exec-1] DEBUG c.z.t.m.SysRoleMapper.selectList - ==> Parameters: 3(Long)
2026-04-03 22:34:33.700 [http-nio-8080-exec-1] DEBUG c.z.t.m.SysRoleMapper.selectList - <==      Total: 1
2026-04-03 22:34:33.701 [http-nio-8080-exec-1] DEBUG c.z.t.m.SysUserMapper.selectById - ==>  Preparing: SELECT id,username,password,real_name,phone,email,student_no,class_name,counselor_id,avatar_url,status,deleted,create_time,update_time FROM sys_user WHERE id=? AND deleted=0
2026-04-03 22:34:33.703 [http-nio-8080-exec-1] DEBUG c.z.t.m.SysUserMapper.selectById - ==> Parameters: 5(Long)
2026-04-03 22:34:33.704 [http-nio-8080-exec-1] DEBUG c.z.t.m.SysUserMapper.selectById - <==      Total: 1
2026-04-03 22:34:33.706 [http-nio-8080-exec-1] DEBUG c.z.t.m.SysUserRoleMapper.selectList - ==>  Preparing: SELECT id,user_id,role_id,create_time,update_time FROM sys_user_role WHERE (user_id = ?)
2026-04-03 22:34:33.706 [http-nio-8080-exec-1] DEBUG c.z.t.m.SysUserRoleMapper.selectList - ==> Parameters: 5(Long)
2026-04-03 22:34:33.708 [http-nio-8080-exec-1] DEBUG c.z.t.m.SysUserRoleMapper.selectList - <==      Total: 1
2026-04-03 22:34:33.708 [http-nio-8080-exec-1] DEBUG c.z.t.m.SysRoleMapper.selectList - ==>  Preparing: SELECT id,role_code,role_name,remark,create_time,update_time FROM sys_role WHERE (id IN (?))
2026-04-03 22:34:33.708 [http-nio-8080-exec-1] DEBUG c.z.t.m.SysRoleMapper.selectList - ==> Parameters: 3(Long)
2026-04-03 22:34:33.710 [http-nio-8080-exec-1] DEBUG c.z.t.m.SysRoleMapper.selectList - <==      Total: 1
2026-04-03 22:34:33.714 [http-nio-8080-exec-1] DEBUG c.z.t.m.SysUserRoleMapper.selectList - ==>  Preparing: SELECT id,user_id,role_id,create_time,update_time FROM sys_user_role WHERE (user_id = ?)
2026-04-03 22:34:33.714 [http-nio-8080-exec-1] DEBUG c.z.t.m.SysUserRoleMapper.selectList - ==> Parameters: 5(Long)
2026-04-03 22:34:33.714 [http-nio-8080-exec-1] DEBUG c.z.t.m.SysUserRoleMapper.selectList - <==      Total: 1
2026-04-03 22:34:33.717 [http-nio-8080-exec-1] DEBUG c.z.t.m.SysRoleMapper.selectList - ==>  Preparing: SELECT id,role_code,role_name,remark,create_time,update_time FROM sys_role WHERE (id IN (?))
2026-04-03 22:34:33.719 [http-nio-8080-exec-1] DEBUG c.z.t.m.SysRoleMapper.selectList - ==> Parameters: 3(Long)
2026-04-03 22:34:33.720 [http-nio-8080-exec-1] DEBUG c.z.t.m.SysRoleMapper.selectList - <==      Total: 1
2026-04-03 22:34:48.962 [http-nio-8080-exec-2] DEBUG c.z.t.m.SysUserMapper.selectList - ==>  Preparing: SELECT id,username,password,real_name,phone,email,student_no,class_name,counselor_id,avatar_url,status,deleted,create_time,update_time FROM sys_user WHERE deleted=0 AND (username = ? AND deleted = ?)
2026-04-03 22:34:48.962 [http-nio-8080-exec-2] DEBUG c.z.t.m.SysUserMapper.selectList - ==> Parameters: student(String), 0(Integer)
2026-04-03 22:34:48.964 [http-nio-8080-exec-2] DEBUG c.z.t.m.SysUserMapper.selectList - <==      Total: 1
2026-04-03 22:34:48.964 [http-nio-8080-exec-2] DEBUG c.z.t.m.SysUserRoleMapper.selectList - ==>  Preparing: SELECT id,user_id,role_id,create_time,update_time FROM sys_user_role WHERE (user_id = ?)
2026-04-03 22:34:48.964 [http-nio-8080-exec-2] DEBUG c.z.t.m.SysUserRoleMapper.selectList - ==> Parameters: 5(Long)
2026-04-03 22:34:48.964 [http-nio-8080-exec-2] DEBUG c.z.t.m.SysUserRoleMapper.selectList - <==      Total: 1
2026-04-03 22:34:48.966 [http-nio-8080-exec-2] DEBUG c.z.t.m.SysRoleMapper.selectList - ==>  Preparing: SELECT id,role_code,role_name,remark,create_time,update_time FROM sys_role WHERE (id IN (?))
2026-04-03 22:34:48.966 [http-nio-8080-exec-2] DEBUG c.z.t.m.SysRoleMapper.selectList - ==> Parameters: 3(Long)
2026-04-03 22:34:48.966 [http-nio-8080-exec-2] DEBUG c.z.t.m.SysRoleMapper.selectList - <==      Total: 1
2026-04-03 22:34:49.033 [http-nio-8080-exec-3] DEBUG c.z.t.m.SysUserMapper.selectList - ==>  Preparing: SELECT id,username,password,real_name,phone,email,student_no,class_name,counselor_id,avatar_url,status,deleted,create_time,update_time FROM sys_user WHERE deleted=0 AND (username = ? AND deleted = ?)
2026-04-03 22:34:49.035 [http-nio-8080-exec-3] DEBUG c.z.t.m.SysUserMapper.selectList - ==> Parameters: student(String), 0(Integer)
2026-04-03 22:34:49.035 [http-nio-8080-exec-3] DEBUG c.z.t.m.SysUserMapper.selectList - <==      Total: 1
2026-04-03 22:34:49.036 [http-nio-8080-exec-3] DEBUG c.z.t.m.SysUserRoleMapper.selectList - ==>  Preparing: SELECT id,user_id,role_id,create_time,update_time FROM sys_user_role WHERE (user_id = ?)
2026-04-03 22:34:49.037 [http-nio-8080-exec-3] DEBUG c.z.t.m.SysUserRoleMapper.selectList - ==> Parameters: 5(Long)
2026-04-03 22:34:49.037 [http-nio-8080-exec-3] DEBUG c.z.t.m.SysUserRoleMapper.selectList - <==      Total: 1
2026-04-03 22:34:49.038 [http-nio-8080-exec-3] DEBUG c.z.t.m.SysRoleMapper.selectList - ==>  Preparing: SELECT id,role_code,role_name,remark,create_time,update_time FROM sys_role WHERE (id IN (?))
2026-04-03 22:34:49.038 [http-nio-8080-exec-3] DEBUG c.z.t.m.SysRoleMapper.selectList - ==> Parameters: 3(Long)
2026-04-03 22:34:49.039 [http-nio-8080-exec-3] DEBUG c.z.t.m.SysRoleMapper.selectList - <==      Total: 1
2026-04-03 22:34:49.043 [http-nio-8080-exec-3] DEBUG c.z.t.m.SysUserMapper.selectById - ==>  Preparing: SELECT id,username,password,real_name,phone,email,student_no,class_name,counselor_id,avatar_url,status,deleted,create_time,update_time FROM sys_user WHERE id=? AND deleted=0
2026-04-03 22:34:49.044 [http-nio-8080-exec-3] DEBUG c.z.t.m.SysUserMapper.selectById - ==> Parameters: 5(Long)
2026-04-03 22:34:49.044 [http-nio-8080-exec-3] DEBUG c.z.t.m.SysUserMapper.selectById - <==      Total: 1
2026-04-03 22:34:49.049 [http-nio-8080-exec-3] DEBUG c.z.t.m.SysUserRoleMapper.selectList - ==>  Preparing: SELECT id,user_id,role_id,create_time,update_time FROM sys_user_role WHERE (user_id = ?)
2026-04-03 22:34:49.049 [http-nio-8080-exec-3] DEBUG c.z.t.m.SysUserRoleMapper.selectList - ==> Parameters: 5(Long)
2026-04-03 22:34:49.051 [http-nio-8080-exec-3] DEBUG c.z.t.m.SysUserRoleMapper.selectList - <==      Total: 1
2026-04-03 22:34:49.051 [http-nio-8080-exec-3] DEBUG c.z.t.m.SysRoleMapper.selectList - ==>  Preparing: SELECT id,role_code,role_name,remark,create_time,update_time FROM sys_role WHERE (id IN (?))
2026-04-03 22:34:49.052 [http-nio-8080-exec-3] DEBUG c.z.t.m.SysRoleMapper.selectList - ==> Parameters: 3(Long)
2026-04-03 22:34:49.053 [http-nio-8080-exec-3] DEBUG c.z.t.m.SysRoleMapper.selectList - <==      Total: 1
2026-04-03 22:34:49.053 [http-nio-8080-exec-3] DEBUG c.z.t.m.SysUserRoleMapper.selectList - ==>  Preparing: SELECT id,user_id,role_id,create_time,update_time FROM sys_user_role WHERE (user_id = ?)
2026-04-03 22:34:49.053 [http-nio-8080-exec-3] DEBUG c.z.t.m.SysUserRoleMapper.selectList - ==> Parameters: 5(Long)
2026-04-03 22:34:49.054 [http-nio-8080-exec-3] DEBUG c.z.t.m.SysUserRoleMapper.selectList - <==      Total: 1
2026-04-03 22:34:49.054 [http-nio-8080-exec-3] DEBUG c.z.t.m.SysRoleMapper.selectList - ==>  Preparing: SELECT id,role_code,role_name,remark,create_time,update_time FROM sys_role WHERE (id IN (?))
2026-04-03 22:34:49.054 [http-nio-8080-exec-3] DEBUG c.z.t.m.SysRoleMapper.selectList - ==> Parameters: 3(Long)
2026-04-03 22:34:49.056 [http-nio-8080-exec-3] DEBUG c.z.t.m.SysRoleMapper.selectList - <==      Total: 1
2026-04-03 22:35:19.361 [http-nio-8080-exec-4] DEBUG c.z.t.m.SysUserMapper.selectList - ==>  Preparing: SELECT id,username,password,real_name,phone,email,student_no,class_name,counselor_id,avatar_url,status,deleted,create_time,update_time FROM sys_user WHERE deleted=0 AND (username = ? AND deleted = ?)
2026-04-03 22:35:19.361 [http-nio-8080-exec-4] DEBUG c.z.t.m.SysUserMapper.selectList - ==> Parameters: student(String), 0(Integer)
2026-04-03 22:35:19.362 [http-nio-8080-exec-4] DEBUG c.z.t.m.SysUserMapper.selectList - <==      Total: 1
2026-04-03 22:35:19.362 [http-nio-8080-exec-4] DEBUG c.z.t.m.SysUserRoleMapper.selectList - ==>  Preparing: SELECT id,user_id,role_id,create_time,update_time FROM sys_user_role WHERE (user_id = ?)
2026-04-03 22:35:19.362 [http-nio-8080-exec-4] DEBUG c.z.t.m.SysUserRoleMapper.selectList - ==> Parameters: 5(Long)
2026-04-03 22:35:19.363 [http-nio-8080-exec-4] DEBUG c.z.t.m.SysUserRoleMapper.selectList - <==      Total: 1
2026-04-03 22:35:19.364 [http-nio-8080-exec-4] DEBUG c.z.t.m.SysRoleMapper.selectList - ==>  Preparing: SELECT id,role_code,role_name,remark,create_time,update_time FROM sys_role WHERE (id IN (?))
2026-04-03 22:35:19.364 [http-nio-8080-exec-4] DEBUG c.z.t.m.SysRoleMapper.selectList - ==> Parameters: 3(Long)
2026-04-03 22:35:19.364 [http-nio-8080-exec-4] DEBUG c.z.t.m.SysRoleMapper.selectList - <==      Total: 1
2026-04-03 22:35:19.743 [http-nio-8080-exec-5] DEBUG c.z.t.m.SysUserMapper.selectList - ==>  Preparing: SELECT id,username,password,real_name,phone,email,student_no,class_name,counselor_id,avatar_url,status,deleted,create_time,update_time FROM sys_user WHERE deleted=0 AND (username = ? AND deleted = ?)
2026-04-03 22:35:19.744 [http-nio-8080-exec-5] DEBUG c.z.t.m.SysUserMapper.selectList - ==> Parameters: student(String), 0(Integer)
2026-04-03 22:35:19.744 [http-nio-8080-exec-5] DEBUG c.z.t.m.SysUserMapper.selectList - <==      Total: 1
2026-04-03 22:35:19.745 [http-nio-8080-exec-5] DEBUG c.z.t.m.SysUserRoleMapper.selectList - ==>  Preparing: SELECT id,user_id,role_id,create_time,update_time FROM sys_user_role WHERE (user_id = ?)
2026-04-03 22:35:19.746 [http-nio-8080-exec-5] DEBUG c.z.t.m.SysUserRoleMapper.selectList - ==> Parameters: 5(Long)
2026-04-03 22:35:19.746 [http-nio-8080-exec-5] DEBUG c.z.t.m.SysUserRoleMapper.selectList - <==      Total: 1
2026-04-03 22:35:19.748 [http-nio-8080-exec-5] DEBUG c.z.t.m.SysRoleMapper.selectList - ==>  Preparing: SELECT id,role_code,role_name,remark,create_time,update_time FROM sys_role WHERE (id IN (?))
2026-04-03 22:35:19.753 [http-nio-8080-exec-5] DEBUG c.z.t.m.SysRoleMapper.selectList - ==> Parameters: 3(Long)
2026-04-03 22:35:19.754 [http-nio-8080-exec-5] DEBUG c.z.t.m.SysRoleMapper.selectList - <==      Total: 1
2026-04-03 22:35:19.755 [http-nio-8080-exec-5] DEBUG c.z.t.m.SysUserMapper.selectById - ==>  Preparing: SELECT id,username,password,real_name,phone,email,student_no,class_name,counselor_id,avatar_url,status,deleted,create_time,update_time FROM sys_user WHERE id=? AND deleted=0
2026-04-03 22:35:19.755 [http-nio-8080-exec-5] DEBUG c.z.t.m.SysUserMapper.selectById - ==> Parameters: 5(Long)
2026-04-03 22:35:19.756 [http-nio-8080-exec-5] DEBUG c.z.t.m.SysUserMapper.selectById - <==      Total: 1
2026-04-03 22:35:19.756 [http-nio-8080-exec-5] DEBUG c.z.t.m.SysUserRoleMapper.selectList - ==>  Preparing: SELECT id,user_id,role_id,create_time,update_time FROM sys_user_role WHERE (user_id = ?)
2026-04-03 22:35:19.756 [http-nio-8080-exec-5] DEBUG c.z.t.m.SysUserRoleMapper.selectList - ==> Parameters: 5(Long)
2026-04-03 22:35:19.756 [http-nio-8080-exec-5] DEBUG c.z.t.m.SysUserRoleMapper.selectList - <==      Total: 1
2026-04-03 22:35:19.758 [http-nio-8080-exec-5] DEBUG c.z.t.m.SysRoleMapper.selectList - ==>  Preparing: SELECT id,role_code,role_name,remark,create_time,update_time FROM sys_role WHERE (id IN (?))
2026-04-03 22:35:19.758 [http-nio-8080-exec-5] DEBUG c.z.t.m.SysRoleMapper.selectList - ==> Parameters: 3(Long)
2026-04-03 22:35:19.759 [http-nio-8080-exec-5] DEBUG c.z.t.m.SysRoleMapper.selectList - <==      Total: 1
2026-04-03 22:35:19.759 [http-nio-8080-exec-5] DEBUG c.z.t.m.SysUserRoleMapper.selectList - ==>  Preparing: SELECT id,user_id,role_id,create_time,update_time FROM sys_user_role WHERE (user_id = ?)
2026-04-03 22:35:19.759 [http-nio-8080-exec-5] DEBUG c.z.t.m.SysUserRoleMapper.selectList - ==> Parameters: 5(Long)
2026-04-03 22:35:19.760 [http-nio-8080-exec-5] DEBUG c.z.t.m.SysUserRoleMapper.selectList - <==      Total: 1
2026-04-03 22:35:19.761 [http-nio-8080-exec-5] DEBUG c.z.t.m.SysRoleMapper.selectList - ==>  Preparing: SELECT id,role_code,role_name,remark,create_time,update_time FROM sys_role WHERE (id IN (?))
2026-04-03 22:35:19.761 [http-nio-8080-exec-5] DEBUG c.z.t.m.SysRoleMapper.selectList - ==> Parameters: 3(Long)
2026-04-03 22:35:19.761 [http-nio-8080-exec-5] DEBUG c.z.t.m.SysRoleMapper.selectList - <==      Total: 1
2026-04-03 22:35:38.707 [http-nio-8080-exec-6] DEBUG c.z.t.m.SysUserMapper.selectList - ==>  Preparing: SELECT id,username,password,real_name,phone,email,student_no,class_name,counselor_id,avatar_url,status,deleted,create_time,update_time FROM sys_user WHERE deleted=0 AND (username = ? AND deleted = ?)
2026-04-03 22:35:38.707 [http-nio-8080-exec-6] DEBUG c.z.t.m.SysUserMapper.selectList - ==> Parameters: student(String), 0(Integer)
2026-04-03 22:35:38.707 [http-nio-8080-exec-6] DEBUG c.z.t.m.SysUserMapper.selectList - <==      Total: 1
2026-04-03 22:35:38.708 [http-nio-8080-exec-6] DEBUG c.z.t.m.SysUserRoleMapper.selectList - ==>  Preparing: SELECT id,user_id,role_id,create_time,update_time FROM sys_user_role WHERE (user_id = ?)
2026-04-03 22:35:38.708 [http-nio-8080-exec-6] DEBUG c.z.t.m.SysUserRoleMapper.selectList - ==> Parameters: 5(Long)
2026-04-03 22:35:38.709 [http-nio-8080-exec-6] DEBUG c.z.t.m.SysUserRoleMapper.selectList - <==      Total: 1
2026-04-03 22:35:38.709 [http-nio-8080-exec-6] DEBUG c.z.t.m.SysRoleMapper.selectList - ==>  Preparing: SELECT id,role_code,role_name,remark,create_time,update_time FROM sys_role WHERE (id IN (?))
2026-04-03 22:35:38.709 [http-nio-8080-exec-6] DEBUG c.z.t.m.SysRoleMapper.selectList - ==> Parameters: 3(Long)
2026-04-03 22:35:38.710 [http-nio-8080-exec-6] DEBUG c.z.t.m.SysRoleMapper.selectList - <==      Total: 1
2026-04-03 22:35:39.088 [http-nio-8080-exec-7] DEBUG c.z.t.m.SysUserMapper.selectList - ==>  Preparing: SELECT id,username,password,real_name,phone,email,student_no,class_name,counselor_id,avatar_url,status,deleted,create_time,update_time FROM sys_user WHERE deleted=0 AND (username = ? AND deleted = ?)
2026-04-03 22:35:39.090 [http-nio-8080-exec-7] DEBUG c.z.t.m.SysUserMapper.selectList - ==> Parameters: student(String), 0(Integer)
2026-04-03 22:35:39.090 [http-nio-8080-exec-7] DEBUG c.z.t.m.SysUserMapper.selectList - <==      Total: 1
2026-04-03 22:35:39.091 [http-nio-8080-exec-7] DEBUG c.z.t.m.SysUserRoleMapper.selectList - ==>  Preparing: SELECT id,user_id,role_id,create_time,update_time FROM sys_user_role WHERE (user_id = ?)
2026-04-03 22:35:39.091 [http-nio-8080-exec-7] DEBUG c.z.t.m.SysUserRoleMapper.selectList - ==> Parameters: 5(Long)
2026-04-03 22:35:39.094 [http-nio-8080-exec-7] DEBUG c.z.t.m.SysUserRoleMapper.selectList - <==      Total: 1
2026-04-03 22:35:39.096 [http-nio-8080-exec-7] DEBUG c.z.t.m.SysRoleMapper.selectList - ==>  Preparing: SELECT id,role_code,role_name,remark,create_time,update_time FROM sys_role WHERE (id IN (?))
2026-04-03 22:35:39.097 [http-nio-8080-exec-7] DEBUG c.z.t.m.SysRoleMapper.selectList - ==> Parameters: 3(Long)
2026-04-03 22:35:39.098 [http-nio-8080-exec-7] DEBUG c.z.t.m.SysRoleMapper.selectList - <==      Total: 1
2026-04-03 22:35:39.100 [http-nio-8080-exec-7] DEBUG c.z.t.m.SysUserMapper.selectById - ==>  Preparing: SELECT id,username,password,real_name,phone,email,student_no,class_name,counselor_id,avatar_url,status,deleted,create_time,update_time FROM sys_user WHERE id=? AND deleted=0
2026-04-03 22:35:39.100 [http-nio-8080-exec-7] DEBUG c.z.t.m.SysUserMapper.selectById - ==> Parameters: 5(Long)
2026-04-03 22:35:39.102 [http-nio-8080-exec-7] DEBUG c.z.t.m.SysUserMapper.selectById - <==      Total: 1
2026-04-03 22:35:39.102 [http-nio-8080-exec-7] DEBUG c.z.t.m.SysUserRoleMapper.selectList - ==>  Preparing: SELECT id,user_id,role_id,create_time,update_time FROM sys_user_role WHERE (user_id = ?)
2026-04-03 22:35:39.103 [http-nio-8080-exec-7] DEBUG c.z.t.m.SysUserRoleMapper.selectList - ==> Parameters: 5(Long)
2026-04-03 22:35:39.104 [http-nio-8080-exec-7] DEBUG c.z.t.m.SysUserRoleMapper.selectList - <==      Total: 1
2026-04-03 22:35:39.105 [http-nio-8080-exec-7] DEBUG c.z.t.m.SysRoleMapper.selectList - ==>  Preparing: SELECT id,role_code,role_name,remark,create_time,update_time FROM sys_role WHERE (id IN (?))
2026-04-03 22:35:39.105 [http-nio-8080-exec-7] DEBUG c.z.t.m.SysRoleMapper.selectList - ==> Parameters: 3(Long)
2026-04-03 22:35:39.106 [http-nio-8080-exec-7] DEBUG c.z.t.m.SysRoleMapper.selectList - <==      Total: 1
2026-04-03 22:35:39.106 [http-nio-8080-exec-7] DEBUG c.z.t.m.SysUserRoleMapper.selectList - ==>  Preparing: SELECT id,user_id,role_id,create_time,update_time FROM sys_user_role WHERE (user_id = ?)
2026-04-03 22:35:39.106 [http-nio-8080-exec-7] DEBUG c.z.t.m.SysUserRoleMapper.selectList - ==> Parameters: 5(Long)
2026-04-03 22:35:39.108 [http-nio-8080-exec-7] DEBUG c.z.t.m.SysUserRoleMapper.selectList - <==      Total: 1
2026-04-03 22:35:39.108 [http-nio-8080-exec-7] DEBUG c.z.t.m.SysRoleMapper.selectList - ==>  Preparing: SELECT id,role_code,role_name,remark,create_time,update_time FROM sys_role WHERE (id IN (?))
2026-04-03 22:35:39.108 [http-nio-8080-exec-7] DEBUG c.z.t.m.SysRoleMapper.selectList - ==> Parameters: 3(Long)
2026-04-03 22:35:39.110 [http-nio-8080-exec-7] DEBUG c.z.t.m.SysRoleMapper.selectList - <==      Total: 1
2026-04-03 22:35:58.257 [http-nio-8080-exec-8] DEBUG c.z.t.m.SysUserMapper.selectList - ==>  Preparing: SELECT id,username,password,real_name,phone,email,student_no,class_name,counselor_id,avatar_url,status,deleted,create_time,update_time FROM sys_user WHERE deleted=0 AND (username = ? AND deleted = ?)
2026-04-03 22:35:58.257 [http-nio-8080-exec-8] DEBUG c.z.t.m.SysUserMapper.selectList - ==> Parameters: student(String), 0(Integer)
2026-04-03 22:35:58.257 [http-nio-8080-exec-8] DEBUG c.z.t.m.SysUserMapper.selectList - <==      Total: 1
2026-04-03 22:35:58.257 [http-nio-8080-exec-8] DEBUG c.z.t.m.SysUserRoleMapper.selectList - ==>  Preparing: SELECT id,user_id,role_id,create_time,update_time FROM sys_user_role WHERE (user_id = ?)
2026-04-03 22:35:58.258 [http-nio-8080-exec-8] DEBUG c.z.t.m.SysUserRoleMapper.selectList - ==> Parameters: 5(Long)
2026-04-03 22:35:58.259 [http-nio-8080-exec-8] DEBUG c.z.t.m.SysUserRoleMapper.selectList - <==      Total: 1
2026-04-03 22:35:58.260 [http-nio-8080-exec-8] DEBUG c.z.t.m.SysRoleMapper.selectList - ==>  Preparing: SELECT id,role_code,role_name,remark,create_time,update_time FROM sys_role WHERE (id IN (?))
2026-04-03 22:35:58.260 [http-nio-8080-exec-8] DEBUG c.z.t.m.SysRoleMapper.selectList - ==> Parameters: 3(Long)
2026-04-03 22:35:58.260 [http-nio-8080-exec-8] DEBUG c.z.t.m.SysRoleMapper.selectList - <==      Total: 1
2026-04-03 22:35:58.329 [http-nio-8080-exec-10] DEBUG c.z.t.m.SysUserMapper.selectList - ==>  Preparing: SELECT id,username,password,real_name,phone,email,student_no,class_name,counselor_id,avatar_url,status,deleted,create_time,update_time FROM sys_user WHERE deleted=0 AND (username = ? AND deleted = ?)
2026-04-03 22:35:58.330 [http-nio-8080-exec-10] DEBUG c.z.t.m.SysUserMapper.selectList - ==> Parameters: student(String), 0(Integer)
2026-04-03 22:35:58.331 [http-nio-8080-exec-10] DEBUG c.z.t.m.SysUserMapper.selectList - <==      Total: 1
2026-04-03 22:35:58.331 [http-nio-8080-exec-10] DEBUG c.z.t.m.SysUserRoleMapper.selectList - ==>  Preparing: SELECT id,user_id,role_id,create_time,update_time FROM sys_user_role WHERE (user_id = ?)
2026-04-03 22:35:58.332 [http-nio-8080-exec-10] DEBUG c.z.t.m.SysUserRoleMapper.selectList - ==> Parameters: 5(Long)
2026-04-03 22:35:58.332 [http-nio-8080-exec-10] DEBUG c.z.t.m.SysUserRoleMapper.selectList - <==      Total: 1
2026-04-03 22:35:58.332 [http-nio-8080-exec-10] DEBUG c.z.t.m.SysRoleMapper.selectList - ==>  Preparing: SELECT id,role_code,role_name,remark,create_time,update_time FROM sys_role WHERE (id IN (?))
2026-04-03 22:35:58.332 [http-nio-8080-exec-10] DEBUG c.z.t.m.SysRoleMapper.selectList - ==> Parameters: 3(Long)
2026-04-03 22:35:58.332 [http-nio-8080-exec-10] DEBUG c.z.t.m.SysRoleMapper.selectList - <==      Total: 1
2026-04-03 22:35:58.334 [http-nio-8080-exec-10] DEBUG c.z.t.m.SysUserMapper.selectById - ==>  Preparing: SELECT id,username,password,real_name,phone,email,student_no,class_name,counselor_id,avatar_url,status,deleted,create_time,update_time FROM sys_user WHERE id=? AND deleted=0
2026-04-03 22:35:58.334 [http-nio-8080-exec-10] DEBUG c.z.t.m.SysUserMapper.selectById - ==> Parameters: 5(Long)
2026-04-03 22:35:58.336 [http-nio-8080-exec-10] DEBUG c.z.t.m.SysUserMapper.selectById - <==      Total: 1
2026-04-03 22:35:58.336 [http-nio-8080-exec-10] DEBUG c.z.t.m.SysUserRoleMapper.selectList - ==>  Preparing: SELECT id,user_id,role_id,create_time,update_time FROM sys_user_role WHERE (user_id = ?)
2026-04-03 22:35:58.336 [http-nio-8080-exec-10] DEBUG c.z.t.m.SysUserRoleMapper.selectList - ==> Parameters: 5(Long)
2026-04-03 22:35:58.336 [http-nio-8080-exec-10] DEBUG c.z.t.m.SysUserRoleMapper.selectList - <==      Total: 1
2026-04-03 22:35:58.337 [http-nio-8080-exec-10] DEBUG c.z.t.m.SysRoleMapper.selectList - ==>  Preparing: SELECT id,role_code,role_name,remark,create_time,update_time FROM sys_role WHERE (id IN (?))
2026-04-03 22:35:58.337 [http-nio-8080-exec-10] DEBUG c.z.t.m.SysRoleMapper.selectList - ==> Parameters: 3(Long)
2026-04-03 22:35:58.337 [http-nio-8080-exec-10] DEBUG c.z.t.m.SysRoleMapper.selectList - <==      Total: 1
2026-04-03 22:35:58.337 [http-nio-8080-exec-10] DEBUG c.z.t.m.SysUserRoleMapper.selectList - ==>  Preparing: SELECT id,user_id,role_id,create_time,update_time FROM sys_user_role WHERE (user_id = ?)
2026-04-03 22:35:58.337 [http-nio-8080-exec-10] DEBUG c.z.t.m.SysUserRoleMapper.selectList - ==> Parameters: 5(Long)
2026-04-03 22:35:58.337 [http-nio-8080-exec-10] DEBUG c.z.t.m.SysUserRoleMapper.selectList - <==      Total: 1
2026-04-03 22:35:58.337 [http-nio-8080-exec-10] DEBUG c.z.t.m.SysRoleMapper.selectList - ==>  Preparing: SELECT id,role_code,role_name,remark,create_time,update_time FROM sys_role WHERE (id IN (?))
2026-04-03 22:35:58.339 [http-nio-8080-exec-10] DEBUG c.z.t.m.SysRoleMapper.selectList - ==> Parameters: 3(Long)
2026-04-03 22:35:58.339 [http-nio-8080-exec-10] DEBUG c.z.t.m.SysRoleMapper.selectList - <==      Total: 1
2026-04-03 22:37:16.563 [http-nio-8080-exec-9] DEBUG c.z.t.m.SysUserMapper.selectList - ==>  Preparing: SELECT id,username,password,real_name,phone,email,student_no,class_name,counselor_id,avatar_url,status,deleted,create_time,update_time FROM sys_user WHERE deleted=0 AND (username = ? AND deleted = ?)
2026-04-03 22:37:16.564 [http-nio-8080-exec-9] DEBUG c.z.t.m.SysUserMapper.selectList - ==> Parameters: student(String), 0(Integer)
2026-04-03 22:37:16.564 [http-nio-8080-exec-9] DEBUG c.z.t.m.SysUserMapper.selectList - <==      Total: 1
2026-04-03 22:37:16.564 [http-nio-8080-exec-9] DEBUG c.z.t.m.SysUserRoleMapper.selectList - ==>  Preparing: SELECT id,user_id,role_id,create_time,update_time FROM sys_user_role WHERE (user_id = ?)
2026-04-03 22:37:16.564 [http-nio-8080-exec-9] DEBUG c.z.t.m.SysUserRoleMapper.selectList - ==> Parameters: 5(Long)
2026-04-03 22:37:16.565 [http-nio-8080-exec-9] DEBUG c.z.t.m.SysUserRoleMapper.selectList - <==      Total: 1
2026-04-03 22:37:16.565 [http-nio-8080-exec-9] DEBUG c.z.t.m.SysRoleMapper.selectList - ==>  Preparing: SELECT id,role_code,role_name,remark,create_time,update_time FROM sys_role WHERE (id IN (?))
2026-04-03 22:37:16.565 [http-nio-8080-exec-9] DEBUG c.z.t.m.SysRoleMapper.selectList - ==> Parameters: 3(Long)
2026-04-03 22:37:16.567 [http-nio-8080-exec-9] DEBUG c.z.t.m.SysRoleMapper.selectList - <==      Total: 1
2026-04-03 22:37:16.649 [http-nio-8080-exec-1] DEBUG c.z.t.m.SysUserMapper.selectList - ==>  Preparing: SELECT id,username,password,real_name,phone,email,student_no,class_name,counselor_id,avatar_url,status,deleted,create_time,update_time FROM sys_user WHERE deleted=0 AND (username = ? AND deleted = ?)
2026-04-03 22:37:16.649 [http-nio-8080-exec-1] DEBUG c.z.t.m.SysUserMapper.selectList - ==> Parameters: student(String), 0(Integer)
2026-04-03 22:37:16.651 [http-nio-8080-exec-1] DEBUG c.z.t.m.SysUserMapper.selectList - <==      Total: 1
2026-04-03 22:37:16.651 [http-nio-8080-exec-1] DEBUG c.z.t.m.SysUserRoleMapper.selectList - ==>  Preparing: SELECT id,user_id,role_id,create_time,update_time FROM sys_user_role WHERE (user_id = ?)
2026-04-03 22:37:16.651 [http-nio-8080-exec-1] DEBUG c.z.t.m.SysUserRoleMapper.selectList - ==> Parameters: 5(Long)
2026-04-03 22:37:16.653 [http-nio-8080-exec-1] DEBUG c.z.t.m.SysUserRoleMapper.selectList - <==      Total: 1
2026-04-03 22:37:16.653 [http-nio-8080-exec-1] DEBUG c.z.t.m.SysRoleMapper.selectList - ==>  Preparing: SELECT id,role_code,role_name,remark,create_time,update_time FROM sys_role WHERE (id IN (?))
2026-04-03 22:37:16.653 [http-nio-8080-exec-1] DEBUG c.z.t.m.SysRoleMapper.selectList - ==> Parameters: 3(Long)
2026-04-03 22:37:16.654 [http-nio-8080-exec-1] DEBUG c.z.t.m.SysRoleMapper.selectList - <==      Total: 1
2026-04-03 22:37:16.656 [http-nio-8080-exec-1] DEBUG c.z.t.m.SysUserMapper.selectById - ==>  Preparing: SELECT id,username,password,real_name,phone,email,student_no,class_name,counselor_id,avatar_url,status,deleted,create_time,update_time FROM sys_user WHERE id=? AND deleted=0
2026-04-03 22:37:16.657 [http-nio-8080-exec-1] DEBUG c.z.t.m.SysUserMapper.selectById - ==> Parameters: 5(Long)
2026-04-03 22:37:16.659 [http-nio-8080-exec-1] DEBUG c.z.t.m.SysUserMapper.selectById - <==      Total: 1
2026-04-03 22:37:16.659 [http-nio-8080-exec-1] DEBUG c.z.t.m.SysUserRoleMapper.selectList - ==>  Preparing: SELECT id,user_id,role_id,create_time,update_time FROM sys_user_role WHERE (user_id = ?)
2026-04-03 22:37:16.659 [http-nio-8080-exec-1] DEBUG c.z.t.m.SysUserRoleMapper.selectList - ==> Parameters: 5(Long)
2026-04-03 22:37:16.660 [http-nio-8080-exec-1] DEBUG c.z.t.m.SysUserRoleMapper.selectList - <==      Total: 1
2026-04-03 22:37:16.660 [http-nio-8080-exec-1] DEBUG c.z.t.m.SysRoleMapper.selectList - ==>  Preparing: SELECT id,role_code,role_name,remark,create_time,update_time FROM sys_role WHERE (id IN (?))
2026-04-03 22:37:16.661 [http-nio-8080-exec-1] DEBUG c.z.t.m.SysRoleMapper.selectList - ==> Parameters: 3(Long)
2026-04-03 22:37:16.662 [http-nio-8080-exec-1] DEBUG c.z.t.m.SysRoleMapper.selectList - <==      Total: 1
2026-04-03 22:37:16.663 [http-nio-8080-exec-1] DEBUG c.z.t.m.SysUserRoleMapper.selectList - ==>  Preparing: SELECT id,user_id,role_id,create_time,update_time FROM sys_user_role WHERE (user_id = ?)
2026-04-03 22:37:16.663 [http-nio-8080-exec-1] DEBUG c.z.t.m.SysUserRoleMapper.selectList - ==> Parameters: 5(Long)
2026-04-03 22:37:16.663 [http-nio-8080-exec-1] DEBUG c.z.t.m.SysUserRoleMapper.selectList - <==      Total: 1
2026-04-03 22:37:16.664 [http-nio-8080-exec-1] DEBUG c.z.t.m.SysRoleMapper.selectList - ==>  Preparing: SELECT id,role_code,role_name,remark,create_time,update_time FROM sys_role WHERE (id IN (?))
2026-04-03 22:37:16.664 [http-nio-8080-exec-1] DEBUG c.z.t.m.SysRoleMapper.selectList - ==> Parameters: 3(Long)
2026-04-03 22:37:16.665 [http-nio-8080-exec-1] DEBUG c.z.t.m.SysRoleMapper.selectList - <==      Total: 1
2026-04-03 22:38:21.379 [http-nio-8080-exec-2] DEBUG c.z.t.m.SysUserMapper.selectList - ==>  Preparing: SELECT id,username,password,real_name,phone,email,student_no,class_name,counselor_id,avatar_url,status,deleted,create_time,update_time FROM sys_user WHERE deleted=0 AND (username = ? AND deleted = ?)
2026-04-03 22:38:21.380 [http-nio-8080-exec-2] DEBUG c.z.t.m.SysUserMapper.selectList - ==> Parameters: student(String), 0(Integer)
2026-04-03 22:38:21.380 [http-nio-8080-exec-2] DEBUG c.z.t.m.SysUserMapper.selectList - <==      Total: 1
2026-04-03 22:38:21.382 [http-nio-8080-exec-2] DEBUG c.z.t.m.SysUserRoleMapper.selectList - ==>  Preparing: SELECT id,user_id,role_id,create_time,update_time FROM sys_user_role WHERE (user_id = ?)
2026-04-03 22:38:21.382 [http-nio-8080-exec-2] DEBUG c.z.t.m.SysUserRoleMapper.selectList - ==> Parameters: 5(Long)
2026-04-03 22:38:21.383 [http-nio-8080-exec-2] DEBUG c.z.t.m.SysUserRoleMapper.selectList - <==      Total: 1
2026-04-03 22:38:21.384 [http-nio-8080-exec-2] DEBUG c.z.t.m.SysRoleMapper.selectList - ==>  Preparing: SELECT id,role_code,role_name,remark,create_time,update_time FROM sys_role WHERE (id IN (?))
2026-04-03 22:38:21.384 [http-nio-8080-exec-2] DEBUG c.z.t.m.SysRoleMapper.selectList - ==> Parameters: 3(Long)
2026-04-03 22:38:21.384 [http-nio-8080-exec-2] DEBUG c.z.t.m.SysRoleMapper.selectList - <==      Total: 1
2026-04-03 22:38:21.448 [http-nio-8080-exec-3] DEBUG c.z.t.m.SysUserMapper.selectList - ==>  Preparing: SELECT id,username,password,real_name,phone,email,student_no,class_name,counselor_id,avatar_url,status,deleted,create_time,update_time FROM sys_user WHERE deleted=0 AND (username = ? AND deleted = ?)
2026-04-03 22:38:21.449 [http-nio-8080-exec-3] DEBUG c.z.t.m.SysUserMapper.selectList - ==> Parameters: student(String), 0(Integer)
2026-04-03 22:38:21.450 [http-nio-8080-exec-3] DEBUG c.z.t.m.SysUserMapper.selectList - <==      Total: 1
2026-04-03 22:38:21.450 [http-nio-8080-exec-3] DEBUG c.z.t.m.SysUserRoleMapper.selectList - ==>  Preparing: SELECT id,user_id,role_id,create_time,update_time FROM sys_user_role WHERE (user_id = ?)
2026-04-03 22:38:21.451 [http-nio-8080-exec-3] DEBUG c.z.t.m.SysUserRoleMapper.selectList - ==> Parameters: 5(Long)
2026-04-03 22:38:21.451 [http-nio-8080-exec-3] DEBUG c.z.t.m.SysUserRoleMapper.selectList - <==      Total: 1
2026-04-03 22:38:21.451 [http-nio-8080-exec-3] DEBUG c.z.t.m.SysRoleMapper.selectList - ==>  Preparing: SELECT id,role_code,role_name,remark,create_time,update_time FROM sys_role WHERE (id IN (?))
2026-04-03 22:38:21.453 [http-nio-8080-exec-3] DEBUG c.z.t.m.SysRoleMapper.selectList - ==> Parameters: 3(Long)
2026-04-03 22:38:21.453 [http-nio-8080-exec-3] DEBUG c.z.t.m.SysRoleMapper.selectList - <==      Total: 1
2026-04-03 22:38:21.454 [http-nio-8080-exec-3] DEBUG c.z.t.m.SysUserMapper.selectById - ==>  Preparing: SELECT id,username,password,real_name,phone,email,student_no,class_name,counselor_id,avatar_url,status,deleted,create_time,update_time FROM sys_user WHERE id=? AND deleted=0
2026-04-03 22:38:21.454 [http-nio-8080-exec-3] DEBUG c.z.t.m.SysUserMapper.selectById - ==> Parameters: 5(Long)
2026-04-03 22:38:21.454 [http-nio-8080-exec-3] DEBUG c.z.t.m.SysUserMapper.selectById - <==      Total: 1
2026-04-03 22:38:21.456 [http-nio-8080-exec-3] DEBUG c.z.t.m.SysUserRoleMapper.selectList - ==>  Preparing: SELECT id,user_id,role_id,create_time,update_time FROM sys_user_role WHERE (user_id = ?)
2026-04-03 22:38:21.456 [http-nio-8080-exec-3] DEBUG c.z.t.m.SysUserRoleMapper.selectList - ==> Parameters: 5(Long)
2026-04-03 22:38:21.456 [http-nio-8080-exec-3] DEBUG c.z.t.m.SysUserRoleMapper.selectList - <==      Total: 1
2026-04-03 22:38:21.457 [http-nio-8080-exec-3] DEBUG c.z.t.m.SysRoleMapper.selectList - ==>  Preparing: SELECT id,role_code,role_name,remark,create_time,update_time FROM sys_role WHERE (id IN (?))
2026-04-03 22:38:21.457 [http-nio-8080-exec-3] DEBUG c.z.t.m.SysRoleMapper.selectList - ==> Parameters: 3(Long)
2026-04-03 22:38:21.457 [http-nio-8080-exec-3] DEBUG c.z.t.m.SysRoleMapper.selectList - <==      Total: 1
2026-04-03 22:38:21.457 [http-nio-8080-exec-3] DEBUG c.z.t.m.SysUserRoleMapper.selectList - ==>  Preparing: SELECT id,user_id,role_id,create_time,update_time FROM sys_user_role WHERE (user_id = ?)
2026-04-03 22:38:21.457 [http-nio-8080-exec-3] DEBUG c.z.t.m.SysUserRoleMapper.selectList - ==> Parameters: 5(Long)
2026-04-03 22:38:21.459 [http-nio-8080-exec-3] DEBUG c.z.t.m.SysUserRoleMapper.selectList - <==      Total: 1
2026-04-03 22:38:21.459 [http-nio-8080-exec-3] DEBUG c.z.t.m.SysRoleMapper.selectList - ==>  Preparing: SELECT id,role_code,role_name,remark,create_time,update_time FROM sys_role WHERE (id IN (?))
2026-04-03 22:38:21.459 [http-nio-8080-exec-3] DEBUG c.z.t.m.SysRoleMapper.selectList - ==> Parameters: 3(Long)
2026-04-03 22:38:21.459 [http-nio-8080-exec-3] DEBUG c.z.t.m.SysRoleMapper.selectList - <==      Total: 1
2026-04-03 22:38:55.080 [http-nio-8080-exec-4] DEBUG c.z.t.m.SysUserMapper.selectList - ==>  Preparing: SELECT id,username,password,real_name,phone,email,student_no,class_name,counselor_id,avatar_url,status,deleted,create_time,update_time FROM sys_user WHERE deleted=0 AND (username = ? AND deleted = ?)
2026-04-03 22:38:55.080 [http-nio-8080-exec-4] DEBUG c.z.t.m.SysUserMapper.selectList - ==> Parameters: student(String), 0(Integer)
2026-04-03 22:38:55.081 [http-nio-8080-exec-4] DEBUG c.z.t.m.SysUserMapper.selectList - <==      Total: 1
2026-04-03 22:38:55.081 [http-nio-8080-exec-4] DEBUG c.z.t.m.SysUserRoleMapper.selectList - ==>  Preparing: SELECT id,user_id,role_id,create_time,update_time FROM sys_user_role WHERE (user_id = ?)
2026-04-03 22:38:55.081 [http-nio-8080-exec-4] DEBUG c.z.t.m.SysUserRoleMapper.selectList - ==> Parameters: 5(Long)
2026-04-03 22:38:55.083 [http-nio-8080-exec-4] DEBUG c.z.t.m.SysUserRoleMapper.selectList - <==      Total: 1
2026-04-03 22:38:55.083 [http-nio-8080-exec-4] DEBUG c.z.t.m.SysRoleMapper.selectList - ==>  Preparing: SELECT id,role_code,role_name,remark,create_time,update_time FROM sys_role WHERE (id IN (?))
2026-04-03 22:38:55.083 [http-nio-8080-exec-4] DEBUG c.z.t.m.SysRoleMapper.selectList - ==> Parameters: 3(Long)
2026-04-03 22:38:55.083 [http-nio-8080-exec-4] DEBUG c.z.t.m.SysRoleMapper.selectList - <==      Total: 1
2026-04-03 22:38:55.166 [http-nio-8080-exec-5] DEBUG c.z.t.m.SysUserMapper.selectList - ==>  Preparing: SELECT id,username,password,real_name,phone,email,student_no,class_name,counselor_id,avatar_url,status,deleted,create_time,update_time FROM sys_user WHERE deleted=0 AND (username = ? AND deleted = ?)
2026-04-03 22:38:55.168 [http-nio-8080-exec-5] DEBUG c.z.t.m.SysUserMapper.selectList - ==> Parameters: student(String), 0(Integer)
2026-04-03 22:38:55.169 [http-nio-8080-exec-5] DEBUG c.z.t.m.SysUserMapper.selectList - <==      Total: 1
2026-04-03 22:38:55.170 [http-nio-8080-exec-5] DEBUG c.z.t.m.SysUserRoleMapper.selectList - ==>  Preparing: SELECT id,user_id,role_id,create_time,update_time FROM sys_user_role WHERE (user_id = ?)
2026-04-03 22:38:55.170 [http-nio-8080-exec-5] DEBUG c.z.t.m.SysUserRoleMapper.selectList - ==> Parameters: 5(Long)
2026-04-03 22:38:55.171 [http-nio-8080-exec-5] DEBUG c.z.t.m.SysUserRoleMapper.selectList - <==      Total: 1
2026-04-03 22:38:55.171 [http-nio-8080-exec-5] DEBUG c.z.t.m.SysRoleMapper.selectList - ==>  Preparing: SELECT id,role_code,role_name,remark,create_time,update_time FROM sys_role WHERE (id IN (?))
2026-04-03 22:38:55.171 [http-nio-8080-exec-5] DEBUG c.z.t.m.SysRoleMapper.selectList - ==> Parameters: 3(Long)
2026-04-03 22:38:55.172 [http-nio-8080-exec-5] DEBUG c.z.t.m.SysRoleMapper.selectList - <==      Total: 1
2026-04-03 22:38:55.173 [http-nio-8080-exec-5] DEBUG c.z.t.m.SysUserMapper.selectById - ==>  Preparing: SELECT id,username,password,real_name,phone,email,student_no,class_name,counselor_id,avatar_url,status,deleted,create_time,update_time FROM sys_user WHERE id=? AND deleted=0
2026-04-03 22:38:55.173 [http-nio-8080-exec-5] DEBUG c.z.t.m.SysUserMapper.selectById - ==> Parameters: 5(Long)
2026-04-03 22:38:55.175 [http-nio-8080-exec-5] DEBUG c.z.t.m.SysUserMapper.selectById - <==      Total: 1
2026-04-03 22:38:55.179 [http-nio-8080-exec-5] DEBUG c.z.t.m.SysUserRoleMapper.selectList - ==>  Preparing: SELECT id,user_id,role_id,create_time,update_time FROM sys_user_role WHERE (user_id = ?)
2026-04-03 22:38:55.179 [http-nio-8080-exec-5] DEBUG c.z.t.m.SysUserRoleMapper.selectList - ==> Parameters: 5(Long)
2026-04-03 22:38:55.179 [http-nio-8080-exec-5] DEBUG c.z.t.m.SysUserRoleMapper.selectList - <==      Total: 1
2026-04-03 22:38:55.181 [http-nio-8080-exec-5] DEBUG c.z.t.m.SysRoleMapper.selectList - ==>  Preparing: SELECT id,role_code,role_name,remark,create_time,update_time FROM sys_role WHERE (id IN (?))
2026-04-03 22:38:55.181 [http-nio-8080-exec-5] DEBUG c.z.t.m.SysRoleMapper.selectList - ==> Parameters: 3(Long)
2026-04-03 22:38:55.181 [http-nio-8080-exec-5] DEBUG c.z.t.m.SysRoleMapper.selectList - <==      Total: 1
2026-04-03 22:38:55.182 [http-nio-8080-exec-5] DEBUG c.z.t.m.SysUserRoleMapper.selectList - ==>  Preparing: SELECT id,user_id,role_id,create_time,update_time FROM sys_user_role WHERE (user_id = ?)
2026-04-03 22:38:55.182 [http-nio-8080-exec-5] DEBUG c.z.t.m.SysUserRoleMapper.selectList - ==> Parameters: 5(Long)
2026-04-03 22:38:55.182 [http-nio-8080-exec-5] DEBUG c.z.t.m.SysUserRoleMapper.selectList - <==      Total: 1
2026-04-03 22:38:55.182 [http-nio-8080-exec-5] DEBUG c.z.t.m.SysRoleMapper.selectList - ==>  Preparing: SELECT id,role_code,role_name,remark,create_time,update_time FROM sys_role WHERE (id IN (?))
2026-04-03 22:38:55.182 [http-nio-8080-exec-5] DEBUG c.z.t.m.SysRoleMapper.selectList - ==> Parameters: 3(Long)
2026-04-03 22:38:55.184 [http-nio-8080-exec-5] DEBUG c.z.t.m.SysRoleMapper.selectList - <==      Total: 1
2026-04-03 22:39:43.017 [http-nio-8080-exec-6] DEBUG c.z.t.m.SysUserMapper.selectList - ==>  Preparing: SELECT id,username,password,real_name,phone,email,student_no,class_name,counselor_id,avatar_url,status,deleted,create_time,update_time FROM sys_user WHERE deleted=0 AND (username = ? AND deleted = ?)
2026-04-03 22:39:43.017 [http-nio-8080-exec-6] DEBUG c.z.t.m.SysUserMapper.selectList - ==> Parameters: student(String), 0(Integer)
2026-04-03 22:39:43.019 [http-nio-8080-exec-6] DEBUG c.z.t.m.SysUserMapper.selectList - <==      Total: 1
2026-04-03 22:39:43.019 [http-nio-8080-exec-6] DEBUG c.z.t.m.SysUserRoleMapper.selectList - ==>  Preparing: SELECT id,user_id,role_id,create_time,update_time FROM sys_user_role WHERE (user_id = ?)
2026-04-03 22:39:43.019 [http-nio-8080-exec-6] DEBUG c.z.t.m.SysUserRoleMapper.selectList - ==> Parameters: 5(Long)
2026-04-03 22:39:43.020 [http-nio-8080-exec-6] DEBUG c.z.t.m.SysUserRoleMapper.selectList - <==      Total: 1
2026-04-03 22:39:43.020 [http-nio-8080-exec-6] DEBUG c.z.t.m.SysRoleMapper.selectList - ==>  Preparing: SELECT id,role_code,role_name,remark,create_time,update_time FROM sys_role WHERE (id IN (?))
2026-04-03 22:39:43.020 [http-nio-8080-exec-6] DEBUG c.z.t.m.SysRoleMapper.selectList - ==> Parameters: 3(Long)
2026-04-03 22:39:43.020 [http-nio-8080-exec-6] DEBUG c.z.t.m.SysRoleMapper.selectList - <==      Total: 1
2026-04-03 22:39:43.389 [http-nio-8080-exec-7] DEBUG c.z.t.m.SysUserMapper.selectList - ==>  Preparing: SELECT id,username,password,real_name,phone,email,student_no,class_name,counselor_id,avatar_url,status,deleted,create_time,update_time FROM sys_user WHERE deleted=0 AND (username = ? AND deleted = ?)
2026-04-03 22:39:43.389 [http-nio-8080-exec-7] DEBUG c.z.t.m.SysUserMapper.selectList - ==> Parameters: student(String), 0(Integer)
2026-04-03 22:39:43.391 [http-nio-8080-exec-7] DEBUG c.z.t.m.SysUserMapper.selectList - <==      Total: 1
2026-04-03 22:39:43.391 [http-nio-8080-exec-7] DEBUG c.z.t.m.SysUserRoleMapper.selectList - ==>  Preparing: SELECT id,user_id,role_id,create_time,update_time FROM sys_user_role WHERE (user_id = ?)
2026-04-03 22:39:43.391 [http-nio-8080-exec-7] DEBUG c.z.t.m.SysUserRoleMapper.selectList - ==> Parameters: 5(Long)
2026-04-03 22:39:43.391 [http-nio-8080-exec-7] DEBUG c.z.t.m.SysUserRoleMapper.selectList - <==      Total: 1
2026-04-03 22:39:43.391 [http-nio-8080-exec-7] DEBUG c.z.t.m.SysRoleMapper.selectList - ==>  Preparing: SELECT id,role_code,role_name,remark,create_time,update_time FROM sys_role WHERE (id IN (?))
2026-04-03 22:39:43.391 [http-nio-8080-exec-7] DEBUG c.z.t.m.SysRoleMapper.selectList - ==> Parameters: 3(Long)
2026-04-03 22:39:43.393 [http-nio-8080-exec-7] DEBUG c.z.t.m.SysRoleMapper.selectList - <==      Total: 1
2026-04-03 22:39:43.393 [http-nio-8080-exec-7] DEBUG c.z.t.m.SysUserMapper.selectById - ==>  Preparing: SELECT id,username,password,real_name,phone,email,student_no,class_name,counselor_id,avatar_url,status,deleted,create_time,update_time FROM sys_user WHERE id=? AND deleted=0
2026-04-03 22:39:43.393 [http-nio-8080-exec-7] DEBUG c.z.t.m.SysUserMapper.selectById - ==> Parameters: 5(Long)
2026-04-03 22:39:43.393 [http-nio-8080-exec-7] DEBUG c.z.t.m.SysUserMapper.selectById - <==      Total: 1
2026-04-03 22:39:43.393 [http-nio-8080-exec-7] DEBUG c.z.t.m.SysUserRoleMapper.selectList - ==>  Preparing: SELECT id,user_id,role_id,create_time,update_time FROM sys_user_role WHERE (user_id = ?)
2026-04-03 22:39:43.394 [http-nio-8080-exec-7] DEBUG c.z.t.m.SysUserRoleMapper.selectList - ==> Parameters: 5(Long)
2026-04-03 22:39:43.394 [http-nio-8080-exec-7] DEBUG c.z.t.m.SysUserRoleMapper.selectList - <==      Total: 1
2026-04-03 22:39:43.396 [http-nio-8080-exec-7] DEBUG c.z.t.m.SysRoleMapper.selectList - ==>  Preparing: SELECT id,role_code,role_name,remark,create_time,update_time FROM sys_role WHERE (id IN (?))
2026-04-03 22:39:43.397 [http-nio-8080-exec-7] DEBUG c.z.t.m.SysRoleMapper.selectList - ==> Parameters: 3(Long)
2026-04-03 22:39:43.397 [http-nio-8080-exec-7] DEBUG c.z.t.m.SysRoleMapper.selectList - <==      Total: 1
2026-04-03 22:39:43.399 [http-nio-8080-exec-7] DEBUG c.z.t.m.SysUserRoleMapper.selectList - ==>  Preparing: SELECT id,user_id,role_id,create_time,update_time FROM sys_user_role WHERE (user_id = ?)
2026-04-03 22:39:43.399 [http-nio-8080-exec-7] DEBUG c.z.t.m.SysUserRoleMapper.selectList - ==> Parameters: 5(Long)
2026-04-03 22:39:43.400 [http-nio-8080-exec-7] DEBUG c.z.t.m.SysUserRoleMapper.selectList - <==      Total: 1
2026-04-03 22:39:43.401 [http-nio-8080-exec-7] DEBUG c.z.t.m.SysRoleMapper.selectList - ==>  Preparing: SELECT id,role_code,role_name,remark,create_time,update_time FROM sys_role WHERE (id IN (?))
2026-04-03 22:39:43.401 [http-nio-8080-exec-7] DEBUG c.z.t.m.SysRoleMapper.selectList - ==> Parameters: 3(Long)
2026-04-03 22:39:43.404 [http-nio-8080-exec-7] DEBUG c.z.t.m.SysRoleMapper.selectList - <==      Total: 1
2026-04-03 22:39:59.131 [http-nio-8080-exec-8] DEBUG c.z.t.m.SysUserMapper.selectList - ==>  Preparing: SELECT id,username,password,real_name,phone,email,student_no,class_name,counselor_id,avatar_url,status,deleted,create_time,update_time FROM sys_user WHERE deleted=0 AND (username = ? AND deleted = ?)
2026-04-03 22:39:59.132 [http-nio-8080-exec-8] DEBUG c.z.t.m.SysUserMapper.selectList - ==> Parameters: student(String), 0(Integer)
2026-04-03 22:39:59.132 [http-nio-8080-exec-8] DEBUG c.z.t.m.SysUserMapper.selectList - <==      Total: 1
2026-04-03 22:39:59.132 [http-nio-8080-exec-8] DEBUG c.z.t.m.SysUserRoleMapper.selectList - ==>  Preparing: SELECT id,user_id,role_id,create_time,update_time FROM sys_user_role WHERE (user_id = ?)
2026-04-03 22:39:59.134 [http-nio-8080-exec-8] DEBUG c.z.t.m.SysUserRoleMapper.selectList - ==> Parameters: 5(Long)
2026-04-03 22:39:59.134 [http-nio-8080-exec-8] DEBUG c.z.t.m.SysUserRoleMapper.selectList - <==      Total: 1
2026-04-03 22:39:59.134 [http-nio-8080-exec-8] DEBUG c.z.t.m.SysRoleMapper.selectList - ==>  Preparing: SELECT id,role_code,role_name,remark,create_time,update_time FROM sys_role WHERE (id IN (?))
2026-04-03 22:39:59.136 [http-nio-8080-exec-8] DEBUG c.z.t.m.SysRoleMapper.selectList - ==> Parameters: 3(Long)
2026-04-03 22:39:59.136 [http-nio-8080-exec-8] DEBUG c.z.t.m.SysRoleMapper.selectList - <==      Total: 1
2026-04-03 22:39:59.521 [http-nio-8080-exec-10] DEBUG c.z.t.m.SysUserMapper.selectList - ==>  Preparing: SELECT id,username,password,real_name,phone,email,student_no,class_name,counselor_id,avatar_url,status,deleted,create_time,update_time FROM sys_user WHERE deleted=0 AND (username = ? AND deleted = ?)
2026-04-03 22:39:59.523 [http-nio-8080-exec-10] DEBUG c.z.t.m.SysUserMapper.selectList - ==> Parameters: student(String), 0(Integer)
2026-04-03 22:39:59.523 [http-nio-8080-exec-10] DEBUG c.z.t.m.SysUserMapper.selectList - <==      Total: 1
2026-04-03 22:39:59.534 [http-nio-8080-exec-10] DEBUG c.z.t.m.SysUserRoleMapper.selectList - ==>  Preparing: SELECT id,user_id,role_id,create_time,update_time FROM sys_user_role WHERE (user_id = ?)
2026-04-03 22:39:59.534 [http-nio-8080-exec-10] DEBUG c.z.t.m.SysUserRoleMapper.selectList - ==> Parameters: 5(Long)
2026-04-03 22:39:59.535 [http-nio-8080-exec-10] DEBUG c.z.t.m.SysUserRoleMapper.selectList - <==      Total: 1
2026-04-03 22:39:59.538 [http-nio-8080-exec-10] DEBUG c.z.t.m.SysRoleMapper.selectList - ==>  Preparing: SELECT id,role_code,role_name,remark,create_time,update_time FROM sys_role WHERE (id IN (?))
2026-04-03 22:39:59.539 [http-nio-8080-exec-10] DEBUG c.z.t.m.SysRoleMapper.selectList - ==> Parameters: 3(Long)
2026-04-03 22:39:59.539 [http-nio-8080-exec-10] DEBUG c.z.t.m.SysRoleMapper.selectList - <==      Total: 1
2026-04-03 22:39:59.542 [http-nio-8080-exec-10] DEBUG c.z.t.m.SysUserMapper.selectById - ==>  Preparing: SELECT id,username,password,real_name,phone,email,student_no,class_name,counselor_id,avatar_url,status,deleted,create_time,update_time FROM sys_user WHERE id=? AND deleted=0
2026-04-03 22:39:59.543 [http-nio-8080-exec-10] DEBUG c.z.t.m.SysUserMapper.selectById - ==> Parameters: 5(Long)
2026-04-03 22:39:59.543 [http-nio-8080-exec-10] DEBUG c.z.t.m.SysUserMapper.selectById - <==      Total: 1
2026-04-03 22:39:59.544 [http-nio-8080-exec-10] DEBUG c.z.t.m.SysUserRoleMapper.selectList - ==>  Preparing: SELECT id,user_id,role_id,create_time,update_time FROM sys_user_role WHERE (user_id = ?)
2026-04-03 22:39:59.545 [http-nio-8080-exec-10] DEBUG c.z.t.m.SysUserRoleMapper.selectList - ==> Parameters: 5(Long)
2026-04-03 22:39:59.546 [http-nio-8080-exec-10] DEBUG c.z.t.m.SysUserRoleMapper.selectList - <==      Total: 1
2026-04-03 22:39:59.551 [http-nio-8080-exec-10] DEBUG c.z.t.m.SysRoleMapper.selectList - ==>  Preparing: SELECT id,role_code,role_name,remark,create_time,update_time FROM sys_role WHERE (id IN (?))
2026-04-03 22:39:59.552 [http-nio-8080-exec-10] DEBUG c.z.t.m.SysRoleMapper.selectList - ==> Parameters: 3(Long)
2026-04-03 22:39:59.552 [http-nio-8080-exec-10] DEBUG c.z.t.m.SysRoleMapper.selectList - <==      Total: 1
2026-04-03 22:39:59.554 [http-nio-8080-exec-10] DEBUG c.z.t.m.SysUserRoleMapper.selectList - ==>  Preparing: SELECT id,user_id,role_id,create_time,update_time FROM sys_user_role WHERE (user_id = ?)
2026-04-03 22:39:59.554 [http-nio-8080-exec-10] DEBUG c.z.t.m.SysUserRoleMapper.selectList - ==> Parameters: 5(Long)
2026-04-03 22:39:59.554 [http-nio-8080-exec-10] DEBUG c.z.t.m.SysUserRoleMapper.selectList - <==      Total: 1
2026-04-03 22:39:59.558 [http-nio-8080-exec-10] DEBUG c.z.t.m.SysRoleMapper.selectList - ==>  Preparing: SELECT id,role_code,role_name,remark,create_time,update_time FROM sys_role WHERE (id IN (?))
2026-04-03 22:39:59.563 [http-nio-8080-exec-10] DEBUG c.z.t.m.SysRoleMapper.selectList - ==> Parameters: 3(Long)
2026-04-03 22:39:59.564 [http-nio-8080-exec-10] DEBUG c.z.t.m.SysRoleMapper.selectList - <==      Total: 1
2026-04-03 22:40:05.746 [http-nio-8080-exec-9] DEBUG c.z.t.m.SysUserMapper.selectList - ==>  Preparing: SELECT id,username,password,real_name,phone,email,student_no,class_name,counselor_id,avatar_url,status,deleted,create_time,update_time FROM sys_user WHERE deleted=0 AND (username = ? AND deleted = ?)
2026-04-03 22:40:05.749 [http-nio-8080-exec-9] DEBUG c.z.t.m.SysUserMapper.selectList - ==> Parameters: student(String), 0(Integer)
2026-04-03 22:40:05.751 [http-nio-8080-exec-9] DEBUG c.z.t.m.SysUserMapper.selectList - <==      Total: 1
2026-04-03 22:40:05.753 [http-nio-8080-exec-9] DEBUG c.z.t.m.SysUserRoleMapper.selectList - ==>  Preparing: SELECT id,user_id,role_id,create_time,update_time FROM sys_user_role WHERE (user_id = ?)
2026-04-03 22:40:05.754 [http-nio-8080-exec-9] DEBUG c.z.t.m.SysUserRoleMapper.selectList - ==> Parameters: 5(Long)
2026-04-03 22:40:05.755 [http-nio-8080-exec-9] DEBUG c.z.t.m.SysUserRoleMapper.selectList - <==      Total: 1
2026-04-03 22:40:05.756 [http-nio-8080-exec-9] DEBUG c.z.t.m.SysRoleMapper.selectList - ==>  Preparing: SELECT id,role_code,role_name,remark,create_time,update_time FROM sys_role WHERE (id IN (?))
2026-04-03 22:40:05.756 [http-nio-8080-exec-9] DEBUG c.z.t.m.SysRoleMapper.selectList - ==> Parameters: 3(Long)
2026-04-03 22:40:05.758 [http-nio-8080-exec-9] DEBUG c.z.t.m.SysRoleMapper.selectList - <==      Total: 1
2026-04-03 22:40:06.139 [http-nio-8080-exec-1] DEBUG c.z.t.m.SysUserMapper.selectList - ==>  Preparing: SELECT id,username,password,real_name,phone,email,student_no,class_name,counselor_id,avatar_url,status,deleted,create_time,update_time FROM sys_user WHERE deleted=0 AND (username = ? AND deleted = ?)
2026-04-03 22:40:06.139 [http-nio-8080-exec-1] DEBUG c.z.t.m.SysUserMapper.selectList - ==> Parameters: student(String), 0(Integer)
2026-04-03 22:40:06.139 [http-nio-8080-exec-1] DEBUG c.z.t.m.SysUserMapper.selectList - <==      Total: 1
2026-04-03 22:40:06.140 [http-nio-8080-exec-1] DEBUG c.z.t.m.SysUserRoleMapper.selectList - ==>  Preparing: SELECT id,user_id,role_id,create_time,update_time FROM sys_user_role WHERE (user_id = ?)
2026-04-03 22:40:06.140 [http-nio-8080-exec-1] DEBUG c.z.t.m.SysUserRoleMapper.selectList - ==> Parameters: 5(Long)
2026-04-03 22:40:06.140 [http-nio-8080-exec-1] DEBUG c.z.t.m.SysUserRoleMapper.selectList - <==      Total: 1
2026-04-03 22:40:06.140 [http-nio-8080-exec-1] DEBUG c.z.t.m.SysRoleMapper.selectList - ==>  Preparing: SELECT id,role_code,role_name,remark,create_time,update_time FROM sys_role WHERE (id IN (?))
2026-04-03 22:40:06.140 [http-nio-8080-exec-1] DEBUG c.z.t.m.SysRoleMapper.selectList - ==> Parameters: 3(Long)
2026-04-03 22:40:06.142 [http-nio-8080-exec-1] DEBUG c.z.t.m.SysRoleMapper.selectList - <==      Total: 1
2026-04-03 22:40:06.142 [http-nio-8080-exec-1] DEBUG c.z.t.m.SysUserMapper.selectById - ==>  Preparing: SELECT id,username,password,real_name,phone,email,student_no,class_name,counselor_id,avatar_url,status,deleted,create_time,update_time FROM sys_user WHERE id=? AND deleted=0
2026-04-03 22:40:06.142 [http-nio-8080-exec-1] DEBUG c.z.t.m.SysUserMapper.selectById - ==> Parameters: 5(Long)
2026-04-03 22:40:06.142 [http-nio-8080-exec-1] DEBUG c.z.t.m.SysUserMapper.selectById - <==      Total: 1
2026-04-03 22:40:06.142 [http-nio-8080-exec-1] DEBUG c.z.t.m.SysUserRoleMapper.selectList - ==>  Preparing: SELECT id,user_id,role_id,create_time,update_time FROM sys_user_role WHERE (user_id = ?)
2026-04-03 22:40:06.142 [http-nio-8080-exec-1] DEBUG c.z.t.m.SysUserRoleMapper.selectList - ==> Parameters: 5(Long)
2026-04-03 22:40:06.143 [http-nio-8080-exec-1] DEBUG c.z.t.m.SysUserRoleMapper.selectList - <==      Total: 1
2026-04-03 22:40:06.143 [http-nio-8080-exec-1] DEBUG c.z.t.m.SysRoleMapper.selectList - ==>  Preparing: SELECT id,role_code,role_name,remark,create_time,update_time FROM sys_role WHERE (id IN (?))
2026-04-03 22:40:06.143 [http-nio-8080-exec-1] DEBUG c.z.t.m.SysRoleMapper.selectList - ==> Parameters: 3(Long)
2026-04-03 22:40:06.143 [http-nio-8080-exec-1] DEBUG c.z.t.m.SysRoleMapper.selectList - <==      Total: 1
2026-04-03 22:40:06.143 [http-nio-8080-exec-1] DEBUG c.z.t.m.SysUserRoleMapper.selectList - ==>  Preparing: SELECT id,user_id,role_id,create_time,update_time FROM sys_user_role WHERE (user_id = ?)
2026-04-03 22:40:06.143 [http-nio-8080-exec-1] DEBUG c.z.t.m.SysUserRoleMapper.selectList - ==> Parameters: 5(Long)
2026-04-03 22:40:06.145 [http-nio-8080-exec-1] DEBUG c.z.t.m.SysUserRoleMapper.selectList - <==      Total: 1
2026-04-03 22:40:06.145 [http-nio-8080-exec-1] DEBUG c.z.t.m.SysRoleMapper.selectList - ==>  Preparing: SELECT id,role_code,role_name,remark,create_time,update_time FROM sys_role WHERE (id IN (?))
2026-04-03 22:40:06.145 [http-nio-8080-exec-1] DEBUG c.z.t.m.SysRoleMapper.selectList - ==> Parameters: 3(Long)
2026-04-03 22:40:06.146 [http-nio-8080-exec-1] DEBUG c.z.t.m.SysRoleMapper.selectList - <==      Total: 1
2026-04-03 22:40:22.655 [http-nio-8080-exec-2] DEBUG c.z.t.m.SysUserMapper.selectList - ==>  Preparing: SELECT id,username,password,real_name,phone,email,student_no,class_name,counselor_id,avatar_url,status,deleted,create_time,update_time FROM sys_user WHERE deleted=0 AND (username = ? AND deleted = ?)
2026-04-03 22:40:22.657 [http-nio-8080-exec-2] DEBUG c.z.t.m.SysUserMapper.selectList - ==> Parameters: student(String), 0(Integer)
2026-04-03 22:40:22.658 [http-nio-8080-exec-2] DEBUG c.z.t.m.SysUserMapper.selectList - <==      Total: 1
2026-04-03 22:40:22.658 [http-nio-8080-exec-2] DEBUG c.z.t.m.SysUserRoleMapper.selectList - ==>  Preparing: SELECT id,user_id,role_id,create_time,update_time FROM sys_user_role WHERE (user_id = ?)
2026-04-03 22:40:22.658 [http-nio-8080-exec-2] DEBUG c.z.t.m.SysUserRoleMapper.selectList - ==> Parameters: 5(Long)
2026-04-03 22:40:22.658 [http-nio-8080-exec-2] DEBUG c.z.t.m.SysUserRoleMapper.selectList - <==      Total: 1
2026-04-03 22:40:22.660 [http-nio-8080-exec-2] DEBUG c.z.t.m.SysRoleMapper.selectList - ==>  Preparing: SELECT id,role_code,role_name,remark,create_time,update_time FROM sys_role WHERE (id IN (?))
2026-04-03 22:40:22.660 [http-nio-8080-exec-2] DEBUG c.z.t.m.SysRoleMapper.selectList - ==> Parameters: 3(Long)
2026-04-03 22:40:22.660 [http-nio-8080-exec-2] DEBUG c.z.t.m.SysRoleMapper.selectList - <==      Total: 1
2026-04-03 22:40:23.032 [http-nio-8080-exec-3] DEBUG c.z.t.m.SysUserMapper.selectList - ==>  Preparing: SELECT id,username,password,real_name,phone,email,student_no,class_name,counselor_id,avatar_url,status,deleted,create_time,update_time FROM sys_user WHERE deleted=0 AND (username = ? AND deleted = ?)
2026-04-03 22:40:23.032 [http-nio-8080-exec-3] DEBUG c.z.t.m.SysUserMapper.selectList - ==> Parameters: student(String), 0(Integer)
2026-04-03 22:40:23.032 [http-nio-8080-exec-3] DEBUG c.z.t.m.SysUserMapper.selectList - <==      Total: 1
2026-04-03 22:40:23.033 [http-nio-8080-exec-3] DEBUG c.z.t.m.SysUserRoleMapper.selectList - ==>  Preparing: SELECT id,user_id,role_id,create_time,update_time FROM sys_user_role WHERE (user_id = ?)
2026-04-03 22:40:23.033 [http-nio-8080-exec-3] DEBUG c.z.t.m.SysUserRoleMapper.selectList - ==> Parameters: 5(Long)
2026-04-03 22:40:23.033 [http-nio-8080-exec-3] DEBUG c.z.t.m.SysUserRoleMapper.selectList - <==      Total: 1
2026-04-03 22:40:23.035 [http-nio-8080-exec-3] DEBUG c.z.t.m.SysRoleMapper.selectList - ==>  Preparing: SELECT id,role_code,role_name,remark,create_time,update_time FROM sys_role WHERE (id IN (?))
2026-04-03 22:40:23.035 [http-nio-8080-exec-3] DEBUG c.z.t.m.SysRoleMapper.selectList - ==> Parameters: 3(Long)
2026-04-03 22:40:23.035 [http-nio-8080-exec-3] DEBUG c.z.t.m.SysRoleMapper.selectList - <==      Total: 1
2026-04-03 22:40:23.036 [http-nio-8080-exec-3] DEBUG c.z.t.m.SysUserMapper.selectById - ==>  Preparing: SELECT id,username,password,real_name,phone,email,student_no,class_name,counselor_id,avatar_url,status,deleted,create_time,update_time FROM sys_user WHERE id=? AND deleted=0
2026-04-03 22:40:23.036 [http-nio-8080-exec-3] DEBUG c.z.t.m.SysUserMapper.selectById - ==> Parameters: 5(Long)
2026-04-03 22:40:23.036 [http-nio-8080-exec-3] DEBUG c.z.t.m.SysUserMapper.selectById - <==      Total: 1
2026-04-03 22:40:23.038 [http-nio-8080-exec-3] DEBUG c.z.t.m.SysUserRoleMapper.selectList - ==>  Preparing: SELECT id,user_id,role_id,create_time,update_time FROM sys_user_role WHERE (user_id = ?)
2026-04-03 22:40:23.038 [http-nio-8080-exec-3] DEBUG c.z.t.m.SysUserRoleMapper.selectList - ==> Parameters: 5(Long)
2026-04-03 22:40:23.040 [http-nio-8080-exec-3] DEBUG c.z.t.m.SysUserRoleMapper.selectList - <==      Total: 1
2026-04-03 22:40:23.041 [http-nio-8080-exec-3] DEBUG c.z.t.m.SysRoleMapper.selectList - ==>  Preparing: SELECT id,role_code,role_name,remark,create_time,update_time FROM sys_role WHERE (id IN (?))
2026-04-03 22:40:23.041 [http-nio-8080-exec-3] DEBUG c.z.t.m.SysRoleMapper.selectList - ==> Parameters: 3(Long)
2026-04-03 22:40:23.041 [http-nio-8080-exec-3] DEBUG c.z.t.m.SysRoleMapper.selectList - <==      Total: 1
2026-04-03 22:40:23.041 [http-nio-8080-exec-3] DEBUG c.z.t.m.SysUserRoleMapper.selectList - ==>  Preparing: SELECT id,user_id,role_id,create_time,update_time FROM sys_user_role WHERE (user_id = ?)
2026-04-03 22:40:23.042 [http-nio-8080-exec-3] DEBUG c.z.t.m.SysUserRoleMapper.selectList - ==> Parameters: 5(Long)
2026-04-03 22:40:23.044 [http-nio-8080-exec-3] DEBUG c.z.t.m.SysUserRoleMapper.selectList - <==      Total: 1
2026-04-03 22:40:23.044 [http-nio-8080-exec-3] DEBUG c.z.t.m.SysRoleMapper.selectList - ==>  Preparing: SELECT id,role_code,role_name,remark,create_time,update_time FROM sys_role WHERE (id IN (?))
2026-04-03 22:40:23.044 [http-nio-8080-exec-3] DEBUG c.z.t.m.SysRoleMapper.selectList - ==> Parameters: 3(Long)
2026-04-03 22:40:23.045 [http-nio-8080-exec-3] DEBUG c.z.t.m.SysRoleMapper.selectList - <==      Total: 1
2026-04-03 22:40:33.390 [http-nio-8080-exec-4] DEBUG c.z.t.m.SysUserMapper.selectList - ==>  Preparing: SELECT id,username,password,real_name,phone,email,student_no,class_name,counselor_id,avatar_url,status,deleted,create_time,update_time FROM sys_user WHERE deleted=0 AND (username = ? AND deleted = ?)
2026-04-03 22:40:33.391 [http-nio-8080-exec-4] DEBUG c.z.t.m.SysUserMapper.selectList - ==> Parameters: student(String), 0(Integer)
2026-04-03 22:40:33.392 [http-nio-8080-exec-4] DEBUG c.z.t.m.SysUserMapper.selectList - <==      Total: 1
2026-04-03 22:40:33.392 [http-nio-8080-exec-4] DEBUG c.z.t.m.SysUserRoleMapper.selectList - ==>  Preparing: SELECT id,user_id,role_id,create_time,update_time FROM sys_user_role WHERE (user_id = ?)
2026-04-03 22:40:33.392 [http-nio-8080-exec-4] DEBUG c.z.t.m.SysUserRoleMapper.selectList - ==> Parameters: 5(Long)
2026-04-03 22:40:33.392 [http-nio-8080-exec-4] DEBUG c.z.t.m.SysUserRoleMapper.selectList - <==      Total: 1
2026-04-03 22:40:33.392 [http-nio-8080-exec-4] DEBUG c.z.t.m.SysRoleMapper.selectList - ==>  Preparing: SELECT id,role_code,role_name,remark,create_time,update_time FROM sys_role WHERE (id IN (?))
2026-04-03 22:40:33.394 [http-nio-8080-exec-4] DEBUG c.z.t.m.SysRoleMapper.selectList - ==> Parameters: 3(Long)
2026-04-03 22:40:33.394 [http-nio-8080-exec-4] DEBUG c.z.t.m.SysRoleMapper.selectList - <==      Total: 1
2026-04-03 22:40:33.772 [http-nio-8080-exec-5] DEBUG c.z.t.m.SysUserMapper.selectList - ==>  Preparing: SELECT id,username,password,real_name,phone,email,student_no,class_name,counselor_id,avatar_url,status,deleted,create_time,update_time FROM sys_user WHERE deleted=0 AND (username = ? AND deleted = ?)
2026-04-03 22:40:33.772 [http-nio-8080-exec-5] DEBUG c.z.t.m.SysUserMapper.selectList - ==> Parameters: student(String), 0(Integer)
2026-04-03 22:40:33.773 [http-nio-8080-exec-5] DEBUG c.z.t.m.SysUserMapper.selectList - <==      Total: 1
2026-04-03 22:40:33.773 [http-nio-8080-exec-5] DEBUG c.z.t.m.SysUserRoleMapper.selectList - ==>  Preparing: SELECT id,user_id,role_id,create_time,update_time FROM sys_user_role WHERE (user_id = ?)
2026-04-03 22:40:33.774 [http-nio-8080-exec-5] DEBUG c.z.t.m.SysUserRoleMapper.selectList - ==> Parameters: 5(Long)
2026-04-03 22:40:33.774 [http-nio-8080-exec-5] DEBUG c.z.t.m.SysUserRoleMapper.selectList - <==      Total: 1
2026-04-03 22:40:33.775 [http-nio-8080-exec-5] DEBUG c.z.t.m.SysRoleMapper.selectList - ==>  Preparing: SELECT id,role_code,role_name,remark,create_time,update_time FROM sys_role WHERE (id IN (?))
2026-04-03 22:40:33.776 [http-nio-8080-exec-5] DEBUG c.z.t.m.SysRoleMapper.selectList - ==> Parameters: 3(Long)
2026-04-03 22:40:33.777 [http-nio-8080-exec-5] DEBUG c.z.t.m.SysRoleMapper.selectList - <==      Total: 1
2026-04-03 22:40:33.777 [http-nio-8080-exec-5] DEBUG c.z.t.m.SysUserMapper.selectById - ==>  Preparing: SELECT id,username,password,real_name,phone,email,student_no,class_name,counselor_id,avatar_url,status,deleted,create_time,update_time FROM sys_user WHERE id=? AND deleted=0
2026-04-03 22:40:33.777 [http-nio-8080-exec-5] DEBUG c.z.t.m.SysUserMapper.selectById - ==> Parameters: 5(Long)
2026-04-03 22:40:33.778 [http-nio-8080-exec-5] DEBUG c.z.t.m.SysUserMapper.selectById - <==      Total: 1
2026-04-03 22:40:33.780 [http-nio-8080-exec-5] DEBUG c.z.t.m.SysUserRoleMapper.selectList - ==>  Preparing: SELECT id,user_id,role_id,create_time,update_time FROM sys_user_role WHERE (user_id = ?)
2026-04-03 22:40:33.780 [http-nio-8080-exec-5] DEBUG c.z.t.m.SysUserRoleMapper.selectList - ==> Parameters: 5(Long)
2026-04-03 22:40:33.780 [http-nio-8080-exec-5] DEBUG c.z.t.m.SysUserRoleMapper.selectList - <==      Total: 1
2026-04-03 22:40:33.781 [http-nio-8080-exec-5] DEBUG c.z.t.m.SysRoleMapper.selectList - ==>  Preparing: SELECT id,role_code,role_name,remark,create_time,update_time FROM sys_role WHERE (id IN (?))
2026-04-03 22:40:33.781 [http-nio-8080-exec-5] DEBUG c.z.t.m.SysRoleMapper.selectList - ==> Parameters: 3(Long)
2026-04-03 22:40:33.783 [http-nio-8080-exec-5] DEBUG c.z.t.m.SysRoleMapper.selectList - <==      Total: 1
2026-04-03 22:40:33.784 [http-nio-8080-exec-5] DEBUG c.z.t.m.SysUserRoleMapper.selectList - ==>  Preparing: SELECT id,user_id,role_id,create_time,update_time FROM sys_user_role WHERE (user_id = ?)
2026-04-03 22:40:33.784 [http-nio-8080-exec-5] DEBUG c.z.t.m.SysUserRoleMapper.selectList - ==> Parameters: 5(Long)
2026-04-03 22:40:33.785 [http-nio-8080-exec-5] DEBUG c.z.t.m.SysUserRoleMapper.selectList - <==      Total: 1
2026-04-03 22:40:33.785 [http-nio-8080-exec-5] DEBUG c.z.t.m.SysRoleMapper.selectList - ==>  Preparing: SELECT id,role_code,role_name,remark,create_time,update_time FROM sys_role WHERE (id IN (?))
2026-04-03 22:40:33.787 [http-nio-8080-exec-5] DEBUG c.z.t.m.SysRoleMapper.selectList - ==> Parameters: 3(Long)
2026-04-03 22:40:33.787 [http-nio-8080-exec-5] DEBUG c.z.t.m.SysRoleMapper.selectList - <==      Total: 1
2026-04-03 22:40:40.195 [http-nio-8080-exec-6] DEBUG c.z.t.m.SysUserMapper.selectList - ==>  Preparing: SELECT id,username,password,real_name,phone,email,student_no,class_name,counselor_id,avatar_url,status,deleted,create_time,update_time FROM sys_user WHERE deleted=0 AND (username = ? AND deleted = ?)
2026-04-03 22:40:40.195 [http-nio-8080-exec-6] DEBUG c.z.t.m.SysUserMapper.selectList - ==> Parameters: student(String), 0(Integer)
2026-04-03 22:40:40.195 [http-nio-8080-exec-6] DEBUG c.z.t.m.SysUserMapper.selectList - <==      Total: 1
2026-04-03 22:40:40.197 [http-nio-8080-exec-6] DEBUG c.z.t.m.SysUserRoleMapper.selectList - ==>  Preparing: SELECT id,user_id,role_id,create_time,update_time FROM sys_user_role WHERE (user_id = ?)
2026-04-03 22:40:40.197 [http-nio-8080-exec-6] DEBUG c.z.t.m.SysUserRoleMapper.selectList - ==> Parameters: 5(Long)
2026-04-03 22:40:40.197 [http-nio-8080-exec-6] DEBUG c.z.t.m.SysUserRoleMapper.selectList - <==      Total: 1
2026-04-03 22:40:40.199 [http-nio-8080-exec-6] DEBUG c.z.t.m.SysRoleMapper.selectList - ==>  Preparing: SELECT id,role_code,role_name,remark,create_time,update_time FROM sys_role WHERE (id IN (?))
2026-04-03 22:40:40.199 [http-nio-8080-exec-6] DEBUG c.z.t.m.SysRoleMapper.selectList - ==> Parameters: 3(Long)
2026-04-03 22:40:40.199 [http-nio-8080-exec-6] DEBUG c.z.t.m.SysRoleMapper.selectList - <==      Total: 1
2026-04-03 22:40:40.576 [http-nio-8080-exec-7] DEBUG c.z.t.m.SysUserMapper.selectList - ==>  Preparing: SELECT id,username,password,real_name,phone,email,student_no,class_name,counselor_id,avatar_url,status,deleted,create_time,update_time FROM sys_user WHERE deleted=0 AND (username = ? AND deleted = ?)
2026-04-03 22:40:40.576 [http-nio-8080-exec-7] DEBUG c.z.t.m.SysUserMapper.selectList - ==> Parameters: student(String), 0(Integer)
2026-04-03 22:40:40.578 [http-nio-8080-exec-7] DEBUG c.z.t.m.SysUserMapper.selectList - <==      Total: 1
2026-04-03 22:40:40.578 [http-nio-8080-exec-7] DEBUG c.z.t.m.SysUserRoleMapper.selectList - ==>  Preparing: SELECT id,user_id,role_id,create_time,update_time FROM sys_user_role WHERE (user_id = ?)
2026-04-03 22:40:40.578 [http-nio-8080-exec-7] DEBUG c.z.t.m.SysUserRoleMapper.selectList - ==> Parameters: 5(Long)
2026-04-03 22:40:40.579 [http-nio-8080-exec-7] DEBUG c.z.t.m.SysUserRoleMapper.selectList - <==      Total: 1
2026-04-03 22:40:40.579 [http-nio-8080-exec-7] DEBUG c.z.t.m.SysRoleMapper.selectList - ==>  Preparing: SELECT id,role_code,role_name,remark,create_time,update_time FROM sys_role WHERE (id IN (?))
2026-04-03 22:40:40.579 [http-nio-8080-exec-7] DEBUG c.z.t.m.SysRoleMapper.selectList - ==> Parameters: 3(Long)
2026-04-03 22:40:40.579 [http-nio-8080-exec-7] DEBUG c.z.t.m.SysRoleMapper.selectList - <==      Total: 1
2026-04-03 22:40:40.579 [http-nio-8080-exec-7] DEBUG c.z.t.m.SysUserMapper.selectById - ==>  Preparing: SELECT id,username,password,real_name,phone,email,student_no,class_name,counselor_id,avatar_url,status,deleted,create_time,update_time FROM sys_user WHERE id=? AND deleted=0
2026-04-03 22:40:40.580 [http-nio-8080-exec-7] DEBUG c.z.t.m.SysUserMapper.selectById - ==> Parameters: 5(Long)
2026-04-03 22:40:40.581 [http-nio-8080-exec-7] DEBUG c.z.t.m.SysUserMapper.selectById - <==      Total: 1
2026-04-03 22:40:40.585 [http-nio-8080-exec-7] DEBUG c.z.t.m.SysUserRoleMapper.selectList - ==>  Preparing: SELECT id,user_id,role_id,create_time,update_time FROM sys_user_role WHERE (user_id = ?)
2026-04-03 22:40:40.586 [http-nio-8080-exec-7] DEBUG c.z.t.m.SysUserRoleMapper.selectList - ==> Parameters: 5(Long)
2026-04-03 22:40:40.586 [http-nio-8080-exec-7] DEBUG c.z.t.m.SysUserRoleMapper.selectList - <==      Total: 1
2026-04-03 22:40:40.587 [http-nio-8080-exec-7] DEBUG c.z.t.m.SysRoleMapper.selectList - ==>  Preparing: SELECT id,role_code,role_name,remark,create_time,update_time FROM sys_role WHERE (id IN (?))
2026-04-03 22:40:40.587 [http-nio-8080-exec-7] DEBUG c.z.t.m.SysRoleMapper.selectList - ==> Parameters: 3(Long)
2026-04-03 22:40:40.588 [http-nio-8080-exec-7] DEBUG c.z.t.m.SysRoleMapper.selectList - <==      Total: 1
2026-04-03 22:40:40.588 [http-nio-8080-exec-7] DEBUG c.z.t.m.SysUserRoleMapper.selectList - ==>  Preparing: SELECT id,user_id,role_id,create_time,update_time FROM sys_user_role WHERE (user_id = ?)
2026-04-03 22:40:40.588 [http-nio-8080-exec-7] DEBUG c.z.t.m.SysUserRoleMapper.selectList - ==> Parameters: 5(Long)
2026-04-03 22:40:40.589 [http-nio-8080-exec-7] DEBUG c.z.t.m.SysUserRoleMapper.selectList - <==      Total: 1
2026-04-03 22:40:40.592 [http-nio-8080-exec-7] DEBUG c.z.t.m.SysRoleMapper.selectList - ==>  Preparing: SELECT id,role_code,role_name,remark,create_time,update_time FROM sys_role WHERE (id IN (?))
2026-04-03 22:40:40.593 [http-nio-8080-exec-7] DEBUG c.z.t.m.SysRoleMapper.selectList - ==> Parameters: 3(Long)
2026-04-03 22:40:40.594 [http-nio-8080-exec-7] DEBUG c.z.t.m.SysRoleMapper.selectList - <==      Total: 1
2026-04-03 22:41:17.264 [http-nio-8080-exec-8] DEBUG c.z.t.m.SysUserMapper.selectList - ==>  Preparing: SELECT id,username,password,real_name,phone,email,student_no,class_name,counselor_id,avatar_url,status,deleted,create_time,update_time FROM sys_user WHERE deleted=0 AND (username = ? AND deleted = ?)
2026-04-03 22:41:17.265 [http-nio-8080-exec-8] DEBUG c.z.t.m.SysUserMapper.selectList - ==> Parameters: student(String), 0(Integer)
2026-04-03 22:41:17.266 [http-nio-8080-exec-8] DEBUG c.z.t.m.SysUserMapper.selectList - <==      Total: 1
2026-04-03 22:41:17.266 [http-nio-8080-exec-8] DEBUG c.z.t.m.SysUserRoleMapper.selectList - ==>  Preparing: SELECT id,user_id,role_id,create_time,update_time FROM sys_user_role WHERE (user_id = ?)
2026-04-03 22:41:17.266 [http-nio-8080-exec-8] DEBUG c.z.t.m.SysUserRoleMapper.selectList - ==> Parameters: 5(Long)
2026-04-03 22:41:17.267 [http-nio-8080-exec-8] DEBUG c.z.t.m.SysUserRoleMapper.selectList - <==      Total: 1
2026-04-03 22:41:17.267 [http-nio-8080-exec-8] DEBUG c.z.t.m.SysRoleMapper.selectList - ==>  Preparing: SELECT id,role_code,role_name,remark,create_time,update_time FROM sys_role WHERE (id IN (?))
2026-04-03 22:41:17.267 [http-nio-8080-exec-8] DEBUG c.z.t.m.SysRoleMapper.selectList - ==> Parameters: 3(Long)
2026-04-03 22:41:17.267 [http-nio-8080-exec-8] DEBUG c.z.t.m.SysRoleMapper.selectList - <==      Total: 1
2026-04-03 22:41:17.653 [http-nio-8080-exec-10] DEBUG c.z.t.m.SysUserMapper.selectList - ==>  Preparing: SELECT id,username,password,real_name,phone,email,student_no,class_name,counselor_id,avatar_url,status,deleted,create_time,update_time FROM sys_user WHERE deleted=0 AND (username = ? AND deleted = ?)
2026-04-03 22:41:17.654 [http-nio-8080-exec-10] DEBUG c.z.t.m.SysUserMapper.selectList - ==> Parameters: student(String), 0(Integer)
2026-04-03 22:41:17.655 [http-nio-8080-exec-10] DEBUG c.z.t.m.SysUserMapper.selectList - <==      Total: 1
2026-04-03 22:41:17.657 [http-nio-8080-exec-10] DEBUG c.z.t.m.SysUserRoleMapper.selectList - ==>  Preparing: SELECT id,user_id,role_id,create_time,update_time FROM sys_user_role WHERE (user_id = ?)
2026-04-03 22:41:17.661 [http-nio-8080-exec-10] DEBUG c.z.t.m.SysUserRoleMapper.selectList - ==> Parameters: 5(Long)
2026-04-03 22:41:17.663 [http-nio-8080-exec-10] DEBUG c.z.t.m.SysUserRoleMapper.selectList - <==      Total: 1
2026-04-03 22:41:17.666 [http-nio-8080-exec-10] DEBUG c.z.t.m.SysRoleMapper.selectList - ==>  Preparing: SELECT id,role_code,role_name,remark,create_time,update_time FROM sys_role WHERE (id IN (?))
2026-04-03 22:41:17.667 [http-nio-8080-exec-10] DEBUG c.z.t.m.SysRoleMapper.selectList - ==> Parameters: 3(Long)
2026-04-03 22:41:17.668 [http-nio-8080-exec-10] DEBUG c.z.t.m.SysRoleMapper.selectList - <==      Total: 1
2026-04-03 22:41:17.669 [http-nio-8080-exec-10] DEBUG c.z.t.m.SysUserMapper.selectById - ==>  Preparing: SELECT id,username,password,real_name,phone,email,student_no,class_name,counselor_id,avatar_url,status,deleted,create_time,update_time FROM sys_user WHERE id=? AND deleted=0
2026-04-03 22:41:17.669 [http-nio-8080-exec-10] DEBUG c.z.t.m.SysUserMapper.selectById - ==> Parameters: 5(Long)
2026-04-03 22:41:17.670 [http-nio-8080-exec-10] DEBUG c.z.t.m.SysUserMapper.selectById - <==      Total: 1
2026-04-03 22:41:17.670 [http-nio-8080-exec-10] DEBUG c.z.t.m.SysUserRoleMapper.selectList - ==>  Preparing: SELECT id,user_id,role_id,create_time,update_time FROM sys_user_role WHERE (user_id = ?)
2026-04-03 22:41:17.670 [http-nio-8080-exec-10] DEBUG c.z.t.m.SysUserRoleMapper.selectList - ==> Parameters: 5(Long)
2026-04-03 22:41:17.670 [http-nio-8080-exec-10] DEBUG c.z.t.m.SysUserRoleMapper.selectList - <==      Total: 1
2026-04-03 22:41:17.671 [http-nio-8080-exec-10] DEBUG c.z.t.m.SysRoleMapper.selectList - ==>  Preparing: SELECT id,role_code,role_name,remark,create_time,update_time FROM sys_role WHERE (id IN (?))
2026-04-03 22:41:17.671 [http-nio-8080-exec-10] DEBUG c.z.t.m.SysRoleMapper.selectList - ==> Parameters: 3(Long)
2026-04-03 22:41:17.672 [http-nio-8080-exec-10] DEBUG c.z.t.m.SysRoleMapper.selectList - <==      Total: 1
2026-04-03 22:41:17.672 [http-nio-8080-exec-10] DEBUG c.z.t.m.SysUserRoleMapper.selectList - ==>  Preparing: SELECT id,user_id,role_id,create_time,update_time FROM sys_user_role WHERE (user_id = ?)
2026-04-03 22:41:17.672 [http-nio-8080-exec-10] DEBUG c.z.t.m.SysUserRoleMapper.selectList - ==> Parameters: 5(Long)
2026-04-03 22:41:17.673 [http-nio-8080-exec-10] DEBUG c.z.t.m.SysUserRoleMapper.selectList - <==      Total: 1
2026-04-03 22:41:17.673 [http-nio-8080-exec-10] DEBUG c.z.t.m.SysRoleMapper.selectList - ==>  Preparing: SELECT id,role_code,role_name,remark,create_time,update_time FROM sys_role WHERE (id IN (?))
2026-04-03 22:41:17.673 [http-nio-8080-exec-10] DEBUG c.z.t.m.SysRoleMapper.selectList - ==> Parameters: 3(Long)
2026-04-03 22:41:17.673 [http-nio-8080-exec-10] DEBUG c.z.t.m.SysRoleMapper.selectList - <==      Total: 1
2026-04-03 22:42:06.361 [http-nio-8080-exec-9] DEBUG c.z.t.m.SysUserMapper.selectList - ==>  Preparing: SELECT id,username,password,real_name,phone,email,student_no,class_name,counselor_id,avatar_url,status,deleted,create_time,update_time FROM sys_user WHERE deleted=0 AND (username = ? AND deleted = ?)
2026-04-03 22:42:06.361 [http-nio-8080-exec-9] DEBUG c.z.t.m.SysUserMapper.selectList - ==> Parameters: student(String), 0(Integer)
2026-04-03 22:42:06.361 [http-nio-8080-exec-9] DEBUG c.z.t.m.SysUserMapper.selectList - <==      Total: 1
2026-04-03 22:42:06.362 [http-nio-8080-exec-9] DEBUG c.z.t.m.SysUserRoleMapper.selectList - ==>  Preparing: SELECT id,user_id,role_id,create_time,update_time FROM sys_user_role WHERE (user_id = ?)
2026-04-03 22:42:06.362 [http-nio-8080-exec-9] DEBUG c.z.t.m.SysUserRoleMapper.selectList - ==> Parameters: 5(Long)
2026-04-03 22:42:06.362 [http-nio-8080-exec-9] DEBUG c.z.t.m.SysUserRoleMapper.selectList - <==      Total: 1
2026-04-03 22:42:06.362 [http-nio-8080-exec-9] DEBUG c.z.t.m.SysRoleMapper.selectList - ==>  Preparing: SELECT id,role_code,role_name,remark,create_time,update_time FROM sys_role WHERE (id IN (?))
2026-04-03 22:42:06.364 [http-nio-8080-exec-9] DEBUG c.z.t.m.SysRoleMapper.selectList - ==> Parameters: 3(Long)
2026-04-03 22:42:06.364 [http-nio-8080-exec-9] DEBUG c.z.t.m.SysRoleMapper.selectList - <==      Total: 1
2026-04-03 22:42:06.746 [http-nio-8080-exec-1] DEBUG c.z.t.m.SysUserMapper.selectList - ==>  Preparing: SELECT id,username,password,real_name,phone,email,student_no,class_name,counselor_id,avatar_url,status,deleted,create_time,update_time FROM sys_user WHERE deleted=0 AND (username = ? AND deleted = ?)
2026-04-03 22:42:06.746 [http-nio-8080-exec-1] DEBUG c.z.t.m.SysUserMapper.selectList - ==> Parameters: student(String), 0(Integer)
2026-04-03 22:42:06.748 [http-nio-8080-exec-1] DEBUG c.z.t.m.SysUserMapper.selectList - <==      Total: 1
2026-04-03 22:42:06.748 [http-nio-8080-exec-1] DEBUG c.z.t.m.SysUserRoleMapper.selectList - ==>  Preparing: SELECT id,user_id,role_id,create_time,update_time FROM sys_user_role WHERE (user_id = ?)
2026-04-03 22:42:06.748 [http-nio-8080-exec-1] DEBUG c.z.t.m.SysUserRoleMapper.selectList - ==> Parameters: 5(Long)
2026-04-03 22:42:06.748 [http-nio-8080-exec-1] DEBUG c.z.t.m.SysUserRoleMapper.selectList - <==      Total: 1
2026-04-03 22:42:06.749 [http-nio-8080-exec-1] DEBUG c.z.t.m.SysRoleMapper.selectList - ==>  Preparing: SELECT id,role_code,role_name,remark,create_time,update_time FROM sys_role WHERE (id IN (?))
2026-04-03 22:42:06.749 [http-nio-8080-exec-1] DEBUG c.z.t.m.SysRoleMapper.selectList - ==> Parameters: 3(Long)
2026-04-03 22:42:06.750 [http-nio-8080-exec-1] DEBUG c.z.t.m.SysRoleMapper.selectList - <==      Total: 1
2026-04-03 22:42:06.751 [http-nio-8080-exec-1] DEBUG c.z.t.m.SysUserMapper.selectById - ==>  Preparing: SELECT id,username,password,real_name,phone,email,student_no,class_name,counselor_id,avatar_url,status,deleted,create_time,update_time FROM sys_user WHERE id=? AND deleted=0
2026-04-03 22:42:06.751 [http-nio-8080-exec-1] DEBUG c.z.t.m.SysUserMapper.selectById - ==> Parameters: 5(Long)
2026-04-03 22:42:06.753 [http-nio-8080-exec-1] DEBUG c.z.t.m.SysUserMapper.selectById - <==      Total: 1
2026-04-03 22:42:06.754 [http-nio-8080-exec-1] DEBUG c.z.t.m.SysUserRoleMapper.selectList - ==>  Preparing: SELECT id,user_id,role_id,create_time,update_time FROM sys_user_role WHERE (user_id = ?)
2026-04-03 22:42:06.754 [http-nio-8080-exec-1] DEBUG c.z.t.m.SysUserRoleMapper.selectList - ==> Parameters: 5(Long)
2026-04-03 22:42:06.754 [http-nio-8080-exec-1] DEBUG c.z.t.m.SysUserRoleMapper.selectList - <==      Total: 1
2026-04-03 22:42:06.754 [http-nio-8080-exec-1] DEBUG c.z.t.m.SysRoleMapper.selectList - ==>  Preparing: SELECT id,role_code,role_name,remark,create_time,update_time FROM sys_role WHERE (id IN (?))
2026-04-03 22:42:06.756 [http-nio-8080-exec-1] DEBUG c.z.t.m.SysRoleMapper.selectList - ==> Parameters: 3(Long)
2026-04-03 22:42:06.756 [http-nio-8080-exec-1] DEBUG c.z.t.m.SysRoleMapper.selectList - <==      Total: 1
2026-04-03 22:42:06.756 [http-nio-8080-exec-1] DEBUG c.z.t.m.SysUserRoleMapper.selectList - ==>  Preparing: SELECT id,user_id,role_id,create_time,update_time FROM sys_user_role WHERE (user_id = ?)
2026-04-03 22:42:06.756 [http-nio-8080-exec-1] DEBUG c.z.t.m.SysUserRoleMapper.selectList - ==> Parameters: 5(Long)
2026-04-03 22:42:06.757 [http-nio-8080-exec-1] DEBUG c.z.t.m.SysUserRoleMapper.selectList - <==      Total: 1
2026-04-03 22:42:06.757 [http-nio-8080-exec-1] DEBUG c.z.t.m.SysRoleMapper.selectList - ==>  Preparing: SELECT id,role_code,role_name,remark,create_time,update_time FROM sys_role WHERE (id IN (?))
2026-04-03 22:42:06.757 [http-nio-8080-exec-1] DEBUG c.z.t.m.SysRoleMapper.selectList - ==> Parameters: 3(Long)
2026-04-03 22:42:06.759 [http-nio-8080-exec-1] DEBUG c.z.t.m.SysRoleMapper.selectList - <==      Total: 1
2026-04-03 22:42:30.983 [http-nio-8080-exec-2] DEBUG c.z.t.m.SysUserMapper.selectList - ==>  Preparing: SELECT id,username,password,real_name,phone,email,student_no,class_name,counselor_id,avatar_url,status,deleted,create_time,update_time FROM sys_user WHERE deleted=0 AND (username = ? AND deleted = ?)
2026-04-03 22:42:30.983 [http-nio-8080-exec-2] DEBUG c.z.t.m.SysUserMapper.selectList - ==> Parameters: student(String), 0(Integer)
2026-04-03 22:42:30.984 [http-nio-8080-exec-2] DEBUG c.z.t.m.SysUserMapper.selectList - <==      Total: 1
2026-04-03 22:42:30.985 [http-nio-8080-exec-2] DEBUG c.z.t.m.SysUserRoleMapper.selectList - ==>  Preparing: SELECT id,user_id,role_id,create_time,update_time FROM sys_user_role WHERE (user_id = ?)
2026-04-03 22:42:30.985 [http-nio-8080-exec-2] DEBUG c.z.t.m.SysUserRoleMapper.selectList - ==> Parameters: 5(Long)
2026-04-03 22:42:30.985 [http-nio-8080-exec-2] DEBUG c.z.t.m.SysUserRoleMapper.selectList - <==      Total: 1
2026-04-03 22:42:30.986 [http-nio-8080-exec-2] DEBUG c.z.t.m.SysRoleMapper.selectList - ==>  Preparing: SELECT id,role_code,role_name,remark,create_time,update_time FROM sys_role WHERE (id IN (?))
2026-04-03 22:42:30.986 [http-nio-8080-exec-2] DEBUG c.z.t.m.SysRoleMapper.selectList - ==> Parameters: 3(Long)
2026-04-03 22:42:30.986 [http-nio-8080-exec-2] DEBUG c.z.t.m.SysRoleMapper.selectList - <==      Total: 1
2026-04-03 22:42:31.362 [http-nio-8080-exec-3] DEBUG c.z.t.m.SysUserMapper.selectList - ==>  Preparing: SELECT id,username,password,real_name,phone,email,student_no,class_name,counselor_id,avatar_url,status,deleted,create_time,update_time FROM sys_user WHERE deleted=0 AND (username = ? AND deleted = ?)
2026-04-03 22:42:31.363 [http-nio-8080-exec-3] DEBUG c.z.t.m.SysUserMapper.selectList - ==> Parameters: student(String), 0(Integer)
2026-04-03 22:42:31.364 [http-nio-8080-exec-3] DEBUG c.z.t.m.SysUserMapper.selectList - <==      Total: 1
2026-04-03 22:42:31.364 [http-nio-8080-exec-3] DEBUG c.z.t.m.SysUserRoleMapper.selectList - ==>  Preparing: SELECT id,user_id,role_id,create_time,update_time FROM sys_user_role WHERE (user_id = ?)
2026-04-03 22:42:31.365 [http-nio-8080-exec-3] DEBUG c.z.t.m.SysUserRoleMapper.selectList - ==> Parameters: 5(Long)
2026-04-03 22:42:31.365 [http-nio-8080-exec-3] DEBUG c.z.t.m.SysUserRoleMapper.selectList - <==      Total: 1
2026-04-03 22:42:31.365 [http-nio-8080-exec-3] DEBUG c.z.t.m.SysRoleMapper.selectList - ==>  Preparing: SELECT id,role_code,role_name,remark,create_time,update_time FROM sys_role WHERE (id IN (?))
2026-04-03 22:42:31.365 [http-nio-8080-exec-3] DEBUG c.z.t.m.SysRoleMapper.selectList - ==> Parameters: 3(Long)
2026-04-03 22:42:31.367 [http-nio-8080-exec-3] DEBUG c.z.t.m.SysRoleMapper.selectList - <==      Total: 1
2026-04-03 22:42:31.367 [http-nio-8080-exec-3] DEBUG c.z.t.m.SysUserMapper.selectById - ==>  Preparing: SELECT id,username,password,real_name,phone,email,student_no,class_name,counselor_id,avatar_url,status,deleted,create_time,update_time FROM sys_user WHERE id=? AND deleted=0
2026-04-03 22:42:31.367 [http-nio-8080-exec-3] DEBUG c.z.t.m.SysUserMapper.selectById - ==> Parameters: 5(Long)
2026-04-03 22:42:31.368 [http-nio-8080-exec-3] DEBUG c.z.t.m.SysUserMapper.selectById - <==      Total: 1
2026-04-03 22:42:31.369 [http-nio-8080-exec-3] DEBUG c.z.t.m.SysUserRoleMapper.selectList - ==>  Preparing: SELECT id,user_id,role_id,create_time,update_time FROM sys_user_role WHERE (user_id = ?)
2026-04-03 22:42:31.370 [http-nio-8080-exec-3] DEBUG c.z.t.m.SysUserRoleMapper.selectList - ==> Parameters: 5(Long)
2026-04-03 22:42:31.371 [http-nio-8080-exec-3] DEBUG c.z.t.m.SysUserRoleMapper.selectList - <==      Total: 1
2026-04-03 22:42:31.371 [http-nio-8080-exec-3] DEBUG c.z.t.m.SysRoleMapper.selectList - ==>  Preparing: SELECT id,role_code,role_name,remark,create_time,update_time FROM sys_role WHERE (id IN (?))
2026-04-03 22:42:31.371 [http-nio-8080-exec-3] DEBUG c.z.t.m.SysRoleMapper.selectList - ==> Parameters: 3(Long)
2026-04-03 22:42:31.372 [http-nio-8080-exec-3] DEBUG c.z.t.m.SysRoleMapper.selectList - <==      Total: 1
2026-04-03 22:42:31.372 [http-nio-8080-exec-3] DEBUG c.z.t.m.SysUserRoleMapper.selectList - ==>  Preparing: SELECT id,user_id,role_id,create_time,update_time FROM sys_user_role WHERE (user_id = ?)
2026-04-03 22:42:31.372 [http-nio-8080-exec-3] DEBUG c.z.t.m.SysUserRoleMapper.selectList - ==> Parameters: 5(Long)
2026-04-03 22:42:31.374 [http-nio-8080-exec-3] DEBUG c.z.t.m.SysUserRoleMapper.selectList - <==      Total: 1
2026-04-03 22:42:31.375 [http-nio-8080-exec-3] DEBUG c.z.t.m.SysRoleMapper.selectList - ==>  Preparing: SELECT id,role_code,role_name,remark,create_time,update_time FROM sys_role WHERE (id IN (?))
2026-04-03 22:42:31.375 [http-nio-8080-exec-3] DEBUG c.z.t.m.SysRoleMapper.selectList - ==> Parameters: 3(Long)
2026-04-03 22:42:31.376 [http-nio-8080-exec-3] DEBUG c.z.t.m.SysRoleMapper.selectList - <==      Total: 1
2026-04-03 22:43:17.770 [http-nio-8080-exec-4] DEBUG c.z.t.m.SysUserMapper.selectList - ==>  Preparing: SELECT id,username,password,real_name,phone,email,student_no,class_name,counselor_id,avatar_url,status,deleted,create_time,update_time FROM sys_user WHERE deleted=0 AND (username = ? AND deleted = ?)
2026-04-03 22:43:17.770 [http-nio-8080-exec-4] DEBUG c.z.t.m.SysUserMapper.selectList - ==> Parameters: student(String), 0(Integer)
2026-04-03 22:43:17.772 [http-nio-8080-exec-4] DEBUG c.z.t.m.SysUserMapper.selectList - <==      Total: 1
2026-04-03 22:43:17.772 [http-nio-8080-exec-4] DEBUG c.z.t.m.SysUserRoleMapper.selectList - ==>  Preparing: SELECT id,user_id,role_id,create_time,update_time FROM sys_user_role WHERE (user_id = ?)
2026-04-03 22:43:17.773 [http-nio-8080-exec-4] DEBUG c.z.t.m.SysUserRoleMapper.selectList - ==> Parameters: 5(Long)
2026-04-03 22:43:17.773 [http-nio-8080-exec-4] DEBUG c.z.t.m.SysUserRoleMapper.selectList - <==      Total: 1
2026-04-03 22:43:17.775 [http-nio-8080-exec-4] DEBUG c.z.t.m.SysRoleMapper.selectList - ==>  Preparing: SELECT id,role_code,role_name,remark,create_time,update_time FROM sys_role WHERE (id IN (?))
2026-04-03 22:43:17.775 [http-nio-8080-exec-4] DEBUG c.z.t.m.SysRoleMapper.selectList - ==> Parameters: 3(Long)
2026-04-03 22:43:17.775 [http-nio-8080-exec-4] DEBUG c.z.t.m.SysRoleMapper.selectList - <==      Total: 1
2026-04-03 22:43:18.158 [http-nio-8080-exec-5] DEBUG c.z.t.m.SysUserMapper.selectList - ==>  Preparing: SELECT id,username,password,real_name,phone,email,student_no,class_name,counselor_id,avatar_url,status,deleted,create_time,update_time FROM sys_user WHERE deleted=0 AND (username = ? AND deleted = ?)
2026-04-03 22:43:18.158 [http-nio-8080-exec-5] DEBUG c.z.t.m.SysUserMapper.selectList - ==> Parameters: student(String), 0(Integer)
2026-04-03 22:43:18.160 [http-nio-8080-exec-5] DEBUG c.z.t.m.SysUserMapper.selectList - <==      Total: 1
2026-04-03 22:43:18.160 [http-nio-8080-exec-5] DEBUG c.z.t.m.SysUserRoleMapper.selectList - ==>  Preparing: SELECT id,user_id,role_id,create_time,update_time FROM sys_user_role WHERE (user_id = ?)
2026-04-03 22:43:18.160 [http-nio-8080-exec-5] DEBUG c.z.t.m.SysUserRoleMapper.selectList - ==> Parameters: 5(Long)
2026-04-03 22:43:18.161 [http-nio-8080-exec-5] DEBUG c.z.t.m.SysUserRoleMapper.selectList - <==      Total: 1
2026-04-03 22:43:18.161 [http-nio-8080-exec-5] DEBUG c.z.t.m.SysRoleMapper.selectList - ==>  Preparing: SELECT id,role_code,role_name,remark,create_time,update_time FROM sys_role WHERE (id IN (?))
2026-04-03 22:43:18.161 [http-nio-8080-exec-5] DEBUG c.z.t.m.SysRoleMapper.selectList - ==> Parameters: 3(Long)
2026-04-03 22:43:18.161 [http-nio-8080-exec-5] DEBUG c.z.t.m.SysRoleMapper.selectList - <==      Total: 1
2026-04-03 22:43:18.161 [http-nio-8080-exec-5] DEBUG c.z.t.m.SysUserMapper.selectById - ==>  Preparing: SELECT id,username,password,real_name,phone,email,student_no,class_name,counselor_id,avatar_url,status,deleted,create_time,update_time FROM sys_user WHERE id=? AND deleted=0
2026-04-03 22:43:18.161 [http-nio-8080-exec-5] DEBUG c.z.t.m.SysUserMapper.selectById - ==> Parameters: 5(Long)
2026-04-03 22:43:18.163 [http-nio-8080-exec-5] DEBUG c.z.t.m.SysUserMapper.selectById - <==      Total: 1
2026-04-03 22:43:18.163 [http-nio-8080-exec-5] DEBUG c.z.t.m.SysUserRoleMapper.selectList - ==>  Preparing: SELECT id,user_id,role_id,create_time,update_time FROM sys_user_role WHERE (user_id = ?)
2026-04-03 22:43:18.163 [http-nio-8080-exec-5] DEBUG c.z.t.m.SysUserRoleMapper.selectList - ==> Parameters: 5(Long)
2026-04-03 22:43:18.163 [http-nio-8080-exec-5] DEBUG c.z.t.m.SysUserRoleMapper.selectList - <==      Total: 1
2026-04-03 22:43:18.163 [http-nio-8080-exec-5] DEBUG c.z.t.m.SysRoleMapper.selectList - ==>  Preparing: SELECT id,role_code,role_name,remark,create_time,update_time FROM sys_role WHERE (id IN (?))
2026-04-03 22:43:18.163 [http-nio-8080-exec-5] DEBUG c.z.t.m.SysRoleMapper.selectList - ==> Parameters: 3(Long)
2026-04-03 22:43:18.166 [http-nio-8080-exec-5] DEBUG c.z.t.m.SysRoleMapper.selectList - <==      Total: 1
2026-04-03 22:43:18.166 [http-nio-8080-exec-5] DEBUG c.z.t.m.SysUserRoleMapper.selectList - ==>  Preparing: SELECT id,user_id,role_id,create_time,update_time FROM sys_user_role WHERE (user_id = ?)
2026-04-03 22:43:18.166 [http-nio-8080-exec-5] DEBUG c.z.t.m.SysUserRoleMapper.selectList - ==> Parameters: 5(Long)
2026-04-03 22:43:18.168 [http-nio-8080-exec-5] DEBUG c.z.t.m.SysUserRoleMapper.selectList - <==      Total: 1
2026-04-03 22:43:18.168 [http-nio-8080-exec-5] DEBUG c.z.t.m.SysRoleMapper.selectList - ==>  Preparing: SELECT id,role_code,role_name,remark,create_time,update_time FROM sys_role WHERE (id IN (?))
2026-04-03 22:43:18.168 [http-nio-8080-exec-5] DEBUG c.z.t.m.SysRoleMapper.selectList - ==> Parameters: 3(Long)
2026-04-03 22:43:18.173 [http-nio-8080-exec-5] DEBUG c.z.t.m.SysRoleMapper.selectList - <==      Total: 1
2026-04-03 22:43:31.736 [http-nio-8080-exec-6] DEBUG c.z.t.m.SysUserMapper.selectList - ==>  Preparing: SELECT id,username,password,real_name,phone,email,student_no,class_name,counselor_id,avatar_url,status,deleted,create_time,update_time FROM sys_user WHERE deleted=0 AND (username = ? AND deleted = ?)
2026-04-03 22:43:31.736 [http-nio-8080-exec-6] DEBUG c.z.t.m.SysUserMapper.selectList - ==> Parameters: student(String), 0(Integer)
2026-04-03 22:43:31.738 [http-nio-8080-exec-6] DEBUG c.z.t.m.SysUserMapper.selectList - <==      Total: 1
2026-04-03 22:43:31.738 [http-nio-8080-exec-6] DEBUG c.z.t.m.SysUserRoleMapper.selectList - ==>  Preparing: SELECT id,user_id,role_id,create_time,update_time FROM sys_user_role WHERE (user_id = ?)
2026-04-03 22:43:31.738 [http-nio-8080-exec-6] DEBUG c.z.t.m.SysUserRoleMapper.selectList - ==> Parameters: 5(Long)
2026-04-03 22:43:31.739 [http-nio-8080-exec-6] DEBUG c.z.t.m.SysUserRoleMapper.selectList - <==      Total: 1
2026-04-03 22:43:31.739 [http-nio-8080-exec-6] DEBUG c.z.t.m.SysRoleMapper.selectList - ==>  Preparing: SELECT id,role_code,role_name,remark,create_time,update_time FROM sys_role WHERE (id IN (?))
2026-04-03 22:43:31.739 [http-nio-8080-exec-6] DEBUG c.z.t.m.SysRoleMapper.selectList - ==> Parameters: 3(Long)
2026-04-03 22:43:31.741 [http-nio-8080-exec-6] DEBUG c.z.t.m.SysRoleMapper.selectList - <==      Total: 1
2026-04-03 22:43:32.113 [http-nio-8080-exec-7] DEBUG c.z.t.m.SysUserMapper.selectList - ==>  Preparing: SELECT id,username,password,real_name,phone,email,student_no,class_name,counselor_id,avatar_url,status,deleted,create_time,update_time FROM sys_user WHERE deleted=0 AND (username = ? AND deleted = ?)
2026-04-03 22:43:32.114 [http-nio-8080-exec-7] DEBUG c.z.t.m.SysUserMapper.selectList - ==> Parameters: student(String), 0(Integer)
2026-04-03 22:43:32.116 [http-nio-8080-exec-7] DEBUG c.z.t.m.SysUserMapper.selectList - <==      Total: 1
2026-04-03 22:43:32.121 [http-nio-8080-exec-7] DEBUG c.z.t.m.SysUserRoleMapper.selectList - ==>  Preparing: SELECT id,user_id,role_id,create_time,update_time FROM sys_user_role WHERE (user_id = ?)
2026-04-03 22:43:32.121 [http-nio-8080-exec-7] DEBUG c.z.t.m.SysUserRoleMapper.selectList - ==> Parameters: 5(Long)
2026-04-03 22:43:32.122 [http-nio-8080-exec-7] DEBUG c.z.t.m.SysUserRoleMapper.selectList - <==      Total: 1
2026-04-03 22:43:32.122 [http-nio-8080-exec-7] DEBUG c.z.t.m.SysRoleMapper.selectList - ==>  Preparing: SELECT id,role_code,role_name,remark,create_time,update_time FROM sys_role WHERE (id IN (?))
2026-04-03 22:43:32.122 [http-nio-8080-exec-7] DEBUG c.z.t.m.SysRoleMapper.selectList - ==> Parameters: 3(Long)
2026-04-03 22:43:32.123 [http-nio-8080-exec-7] DEBUG c.z.t.m.SysRoleMapper.selectList - <==      Total: 1
2026-04-03 22:43:32.125 [http-nio-8080-exec-7] DEBUG c.z.t.m.SysUserMapper.selectById - ==>  Preparing: SELECT id,username,password,real_name,phone,email,student_no,class_name,counselor_id,avatar_url,status,deleted,create_time,update_time FROM sys_user WHERE id=? AND deleted=0
2026-04-03 22:43:32.125 [http-nio-8080-exec-7] DEBUG c.z.t.m.SysUserMapper.selectById - ==> Parameters: 5(Long)
2026-04-03 22:43:32.126 [http-nio-8080-exec-7] DEBUG c.z.t.m.SysUserMapper.selectById - <==      Total: 1
2026-04-03 22:43:32.127 [http-nio-8080-exec-7] DEBUG c.z.t.m.SysUserRoleMapper.selectList - ==>  Preparing: SELECT id,user_id,role_id,create_time,update_time FROM sys_user_role WHERE (user_id = ?)
2026-04-03 22:43:32.127 [http-nio-8080-exec-7] DEBUG c.z.t.m.SysUserRoleMapper.selectList - ==> Parameters: 5(Long)
2026-04-03 22:43:32.129 [http-nio-8080-exec-7] DEBUG c.z.t.m.SysUserRoleMapper.selectList - <==      Total: 1
2026-04-03 22:43:32.131 [http-nio-8080-exec-7] DEBUG c.z.t.m.SysRoleMapper.selectList - ==>  Preparing: SELECT id,role_code,role_name,remark,create_time,update_time FROM sys_role WHERE (id IN (?))
2026-04-03 22:43:32.132 [http-nio-8080-exec-7] DEBUG c.z.t.m.SysRoleMapper.selectList - ==> Parameters: 3(Long)
2026-04-03 22:43:32.132 [http-nio-8080-exec-7] DEBUG c.z.t.m.SysRoleMapper.selectList - <==      Total: 1
2026-04-03 22:43:32.133 [http-nio-8080-exec-7] DEBUG c.z.t.m.SysUserRoleMapper.selectList - ==>  Preparing: SELECT id,user_id,role_id,create_time,update_time FROM sys_user_role WHERE (user_id = ?)
2026-04-03 22:43:32.133 [http-nio-8080-exec-7] DEBUG c.z.t.m.SysUserRoleMapper.selectList - ==> Parameters: 5(Long)
2026-04-03 22:43:32.134 [http-nio-8080-exec-7] DEBUG c.z.t.m.SysUserRoleMapper.selectList - <==      Total: 1
2026-04-03 22:43:32.137 [http-nio-8080-exec-7] DEBUG c.z.t.m.SysRoleMapper.selectList - ==>  Preparing: SELECT id,role_code,role_name,remark,create_time,update_time FROM sys_role WHERE (id IN (?))
2026-04-03 22:43:32.139 [http-nio-8080-exec-7] DEBUG c.z.t.m.SysRoleMapper.selectList - ==> Parameters: 3(Long)
2026-04-03 22:43:32.140 [http-nio-8080-exec-7] DEBUG c.z.t.m.SysRoleMapper.selectList - <==      Total: 1
2026-04-03 22:44:17.473 [http-nio-8080-exec-8] DEBUG c.z.t.m.SysUserMapper.selectList - ==>  Preparing: SELECT id,username,password,real_name,phone,email,student_no,class_name,counselor_id,avatar_url,status,deleted,create_time,update_time FROM sys_user WHERE deleted=0 AND (username = ? AND deleted = ?)
2026-04-03 22:44:17.473 [http-nio-8080-exec-8] DEBUG c.z.t.m.SysUserMapper.selectList - ==> Parameters: student(String), 0(Integer)
2026-04-03 22:44:17.475 [http-nio-8080-exec-8] DEBUG c.z.t.m.SysUserMapper.selectList - <==      Total: 1
2026-04-03 22:44:17.476 [http-nio-8080-exec-8] DEBUG c.z.t.m.SysUserRoleMapper.selectList - ==>  Preparing: SELECT id,user_id,role_id,create_time,update_time FROM sys_user_role WHERE (user_id = ?)
2026-04-03 22:44:17.476 [http-nio-8080-exec-8] DEBUG c.z.t.m.SysUserRoleMapper.selectList - ==> Parameters: 5(Long)
2026-04-03 22:44:17.477 [http-nio-8080-exec-8] DEBUG c.z.t.m.SysUserRoleMapper.selectList - <==      Total: 1
2026-04-03 22:44:17.477 [http-nio-8080-exec-8] DEBUG c.z.t.m.SysRoleMapper.selectList - ==>  Preparing: SELECT id,role_code,role_name,remark,create_time,update_time FROM sys_role WHERE (id IN (?))
2026-04-03 22:44:17.477 [http-nio-8080-exec-8] DEBUG c.z.t.m.SysRoleMapper.selectList - ==> Parameters: 3(Long)
2026-04-03 22:44:17.478 [http-nio-8080-exec-8] DEBUG c.z.t.m.SysRoleMapper.selectList - <==      Total: 1
2026-04-03 22:44:17.856 [http-nio-8080-exec-10] DEBUG c.z.t.m.SysUserMapper.selectList - ==>  Preparing: SELECT id,username,password,real_name,phone,email,student_no,class_name,counselor_id,avatar_url,status,deleted,create_time,update_time FROM sys_user WHERE deleted=0 AND (username = ? AND deleted = ?)
2026-04-03 22:44:17.858 [http-nio-8080-exec-10] DEBUG c.z.t.m.SysUserMapper.selectList - ==> Parameters: student(String), 0(Integer)
2026-04-03 22:44:17.858 [http-nio-8080-exec-10] DEBUG c.z.t.m.SysUserMapper.selectList - <==      Total: 1
2026-04-03 22:44:17.859 [http-nio-8080-exec-10] DEBUG c.z.t.m.SysUserRoleMapper.selectList - ==>  Preparing: SELECT id,user_id,role_id,create_time,update_time FROM sys_user_role WHERE (user_id = ?)
2026-04-03 22:44:17.859 [http-nio-8080-exec-10] DEBUG c.z.t.m.SysUserRoleMapper.selectList - ==> Parameters: 5(Long)
2026-04-03 22:44:17.859 [http-nio-8080-exec-10] DEBUG c.z.t.m.SysUserRoleMapper.selectList - <==      Total: 1
2026-04-03 22:44:17.861 [http-nio-8080-exec-10] DEBUG c.z.t.m.SysRoleMapper.selectList - ==>  Preparing: SELECT id,role_code,role_name,remark,create_time,update_time FROM sys_role WHERE (id IN (?))
2026-04-03 22:44:17.861 [http-nio-8080-exec-10] DEBUG c.z.t.m.SysRoleMapper.selectList - ==> Parameters: 3(Long)
2026-04-03 22:44:17.861 [http-nio-8080-exec-10] DEBUG c.z.t.m.SysRoleMapper.selectList - <==      Total: 1
2026-04-03 22:44:17.861 [http-nio-8080-exec-10] DEBUG c.z.t.m.SysUserMapper.selectById - ==>  Preparing: SELECT id,username,password,real_name,phone,email,student_no,class_name,counselor_id,avatar_url,status,deleted,create_time,update_time FROM sys_user WHERE id=? AND deleted=0
2026-04-03 22:44:17.861 [http-nio-8080-exec-10] DEBUG c.z.t.m.SysUserMapper.selectById - ==> Parameters: 5(Long)
2026-04-03 22:44:17.861 [http-nio-8080-exec-10] DEBUG c.z.t.m.SysUserMapper.selectById - <==      Total: 1
2026-04-03 22:44:17.861 [http-nio-8080-exec-10] DEBUG c.z.t.m.SysUserRoleMapper.selectList - ==>  Preparing: SELECT id,user_id,role_id,create_time,update_time FROM sys_user_role WHERE (user_id = ?)
2026-04-03 22:44:17.863 [http-nio-8080-exec-10] DEBUG c.z.t.m.SysUserRoleMapper.selectList - ==> Parameters: 5(Long)
2026-04-03 22:44:17.867 [http-nio-8080-exec-10] DEBUG c.z.t.m.SysUserRoleMapper.selectList - <==      Total: 1
2026-04-03 22:44:17.868 [http-nio-8080-exec-10] DEBUG c.z.t.m.SysRoleMapper.selectList - ==>  Preparing: SELECT id,role_code,role_name,remark,create_time,update_time FROM sys_role WHERE (id IN (?))
2026-04-03 22:44:17.868 [http-nio-8080-exec-10] DEBUG c.z.t.m.SysRoleMapper.selectList - ==> Parameters: 3(Long)
2026-04-03 22:44:17.870 [http-nio-8080-exec-10] DEBUG c.z.t.m.SysRoleMapper.selectList - <==      Total: 1
2026-04-03 22:44:17.870 [http-nio-8080-exec-10] DEBUG c.z.t.m.SysUserRoleMapper.selectList - ==>  Preparing: SELECT id,user_id,role_id,create_time,update_time FROM sys_user_role WHERE (user_id = ?)
2026-04-03 22:44:17.871 [http-nio-8080-exec-10] DEBUG c.z.t.m.SysUserRoleMapper.selectList - ==> Parameters: 5(Long)
2026-04-03 22:44:17.871 [http-nio-8080-exec-10] DEBUG c.z.t.m.SysUserRoleMapper.selectList - <==      Total: 1
2026-04-03 22:44:17.871 [http-nio-8080-exec-10] DEBUG c.z.t.m.SysRoleMapper.selectList - ==>  Preparing: SELECT id,role_code,role_name,remark,create_time,update_time FROM sys_role WHERE (id IN (?))
2026-04-03 22:44:17.871 [http-nio-8080-exec-10] DEBUG c.z.t.m.SysRoleMapper.selectList - ==> Parameters: 3(Long)
2026-04-03 22:44:17.873 [http-nio-8080-exec-10] DEBUG c.z.t.m.SysRoleMapper.selectList - <==      Total: 1
2026-04-03 22:44:31.581 [http-nio-8080-exec-9] DEBUG c.z.t.m.SysUserMapper.selectList - ==>  Preparing: SELECT id,username,password,real_name,phone,email,student_no,class_name,counselor_id,avatar_url,status,deleted,create_time,update_time FROM sys_user WHERE deleted=0 AND (username = ? AND deleted = ?)
2026-04-03 22:44:31.582 [http-nio-8080-exec-9] DEBUG c.z.t.m.SysUserMapper.selectList - ==> Parameters: student(String), 0(Integer)
2026-04-03 22:44:31.582 [http-nio-8080-exec-9] DEBUG c.z.t.m.SysUserMapper.selectList - <==      Total: 1
2026-04-03 22:44:31.583 [http-nio-8080-exec-9] DEBUG c.z.t.m.SysUserRoleMapper.selectList - ==>  Preparing: SELECT id,user_id,role_id,create_time,update_time FROM sys_user_role WHERE (user_id = ?)
2026-04-03 22:44:31.583 [http-nio-8080-exec-9] DEBUG c.z.t.m.SysUserRoleMapper.selectList - ==> Parameters: 5(Long)
2026-04-03 22:44:31.584 [http-nio-8080-exec-9] DEBUG c.z.t.m.SysUserRoleMapper.selectList - <==      Total: 1
2026-04-03 22:44:31.585 [http-nio-8080-exec-9] DEBUG c.z.t.m.SysRoleMapper.selectList - ==>  Preparing: SELECT id,role_code,role_name,remark,create_time,update_time FROM sys_role WHERE (id IN (?))
2026-04-03 22:44:31.585 [http-nio-8080-exec-9] DEBUG c.z.t.m.SysRoleMapper.selectList - ==> Parameters: 3(Long)
2026-04-03 22:44:31.585 [http-nio-8080-exec-9] DEBUG c.z.t.m.SysRoleMapper.selectList - <==      Total: 1
2026-04-03 22:44:31.955 [http-nio-8080-exec-1] DEBUG c.z.t.m.SysUserMapper.selectList - ==>  Preparing: SELECT id,username,password,real_name,phone,email,student_no,class_name,counselor_id,avatar_url,status,deleted,create_time,update_time FROM sys_user WHERE deleted=0 AND (username = ? AND deleted = ?)
2026-04-03 22:44:31.957 [http-nio-8080-exec-1] DEBUG c.z.t.m.SysUserMapper.selectList - ==> Parameters: student(String), 0(Integer)
2026-04-03 22:44:31.959 [http-nio-8080-exec-1] DEBUG c.z.t.m.SysUserMapper.selectList - <==      Total: 1
2026-04-03 22:44:31.959 [http-nio-8080-exec-1] DEBUG c.z.t.m.SysUserRoleMapper.selectList - ==>  Preparing: SELECT id,user_id,role_id,create_time,update_time FROM sys_user_role WHERE (user_id = ?)
2026-04-03 22:44:31.960 [http-nio-8080-exec-1] DEBUG c.z.t.m.SysUserRoleMapper.selectList - ==> Parameters: 5(Long)
2026-04-03 22:44:31.962 [http-nio-8080-exec-1] DEBUG c.z.t.m.SysUserRoleMapper.selectList - <==      Total: 1
2026-04-03 22:44:31.970 [http-nio-8080-exec-1] DEBUG c.z.t.m.SysRoleMapper.selectList - ==>  Preparing: SELECT id,role_code,role_name,remark,create_time,update_time FROM sys_role WHERE (id IN (?))
2026-04-03 22:44:31.970 [http-nio-8080-exec-1] DEBUG c.z.t.m.SysRoleMapper.selectList - ==> Parameters: 3(Long)
2026-04-03 22:44:31.971 [http-nio-8080-exec-1] DEBUG c.z.t.m.SysRoleMapper.selectList - <==      Total: 1
2026-04-03 22:44:31.972 [http-nio-8080-exec-1] DEBUG c.z.t.m.SysUserMapper.selectById - ==>  Preparing: SELECT id,username,password,real_name,phone,email,student_no,class_name,counselor_id,avatar_url,status,deleted,create_time,update_time FROM sys_user WHERE id=? AND deleted=0
2026-04-03 22:44:31.973 [http-nio-8080-exec-1] DEBUG c.z.t.m.SysUserMapper.selectById - ==> Parameters: 5(Long)
2026-04-03 22:44:31.973 [http-nio-8080-exec-1] DEBUG c.z.t.m.SysUserMapper.selectById - <==      Total: 1
2026-04-03 22:44:31.976 [http-nio-8080-exec-1] DEBUG c.z.t.m.SysUserRoleMapper.selectList - ==>  Preparing: SELECT id,user_id,role_id,create_time,update_time FROM sys_user_role WHERE (user_id = ?)
2026-04-03 22:44:31.977 [http-nio-8080-exec-1] DEBUG c.z.t.m.SysUserRoleMapper.selectList - ==> Parameters: 5(Long)
2026-04-03 22:44:31.977 [http-nio-8080-exec-1] DEBUG c.z.t.m.SysUserRoleMapper.selectList - <==      Total: 1
2026-04-03 22:44:31.978 [http-nio-8080-exec-1] DEBUG c.z.t.m.SysRoleMapper.selectList - ==>  Preparing: SELECT id,role_code,role_name,remark,create_time,update_time FROM sys_role WHERE (id IN (?))
2026-04-03 22:44:31.978 [http-nio-8080-exec-1] DEBUG c.z.t.m.SysRoleMapper.selectList - ==> Parameters: 3(Long)
2026-04-03 22:44:31.979 [http-nio-8080-exec-1] DEBUG c.z.t.m.SysRoleMapper.selectList - <==      Total: 1
2026-04-03 22:44:31.980 [http-nio-8080-exec-1] DEBUG c.z.t.m.SysUserRoleMapper.selectList - ==>  Preparing: SELECT id,user_id,role_id,create_time,update_time FROM sys_user_role WHERE (user_id = ?)
2026-04-03 22:44:31.980 [http-nio-8080-exec-1] DEBUG c.z.t.m.SysUserRoleMapper.selectList - ==> Parameters: 5(Long)
2026-04-03 22:44:31.982 [http-nio-8080-exec-1] DEBUG c.z.t.m.SysUserRoleMapper.selectList - <==      Total: 1
2026-04-03 22:44:31.982 [http-nio-8080-exec-1] DEBUG c.z.t.m.SysRoleMapper.selectList - ==>  Preparing: SELECT id,role_code,role_name,remark,create_time,update_time FROM sys_role WHERE (id IN (?))
2026-04-03 22:44:31.982 [http-nio-8080-exec-1] DEBUG c.z.t.m.SysRoleMapper.selectList - ==> Parameters: 3(Long)
2026-04-03 22:44:31.985 [http-nio-8080-exec-1] DEBUG c.z.t.m.SysRoleMapper.selectList - <==      Total: 1
2026-04-03 22:45:08.122 [http-nio-8080-exec-2] DEBUG c.z.t.m.SysUserMapper.selectList - ==>  Preparing: SELECT id,username,password,real_name,phone,email,student_no,class_name,counselor_id,avatar_url,status,deleted,create_time,update_time FROM sys_user WHERE deleted=0 AND (username = ? AND deleted = ?)
2026-04-03 22:45:08.122 [http-nio-8080-exec-2] DEBUG c.z.t.m.SysUserMapper.selectList - ==> Parameters: student(String), 0(Integer)
2026-04-03 22:45:08.124 [http-nio-8080-exec-2] DEBUG c.z.t.m.SysUserMapper.selectList - <==      Total: 1
2026-04-03 22:45:08.124 [http-nio-8080-exec-2] DEBUG c.z.t.m.SysUserRoleMapper.selectList - ==>  Preparing: SELECT id,user_id,role_id,create_time,update_time FROM sys_user_role WHERE (user_id = ?)
2026-04-03 22:45:08.125 [http-nio-8080-exec-2] DEBUG c.z.t.m.SysUserRoleMapper.selectList - ==> Parameters: 5(Long)
2026-04-03 22:45:08.126 [http-nio-8080-exec-2] DEBUG c.z.t.m.SysUserRoleMapper.selectList - <==      Total: 1
2026-04-03 22:45:08.127 [http-nio-8080-exec-2] DEBUG c.z.t.m.SysRoleMapper.selectList - ==>  Preparing: SELECT id,role_code,role_name,remark,create_time,update_time FROM sys_role WHERE (id IN (?))
2026-04-03 22:45:08.127 [http-nio-8080-exec-2] DEBUG c.z.t.m.SysRoleMapper.selectList - ==> Parameters: 3(Long)
2026-04-03 22:45:08.128 [http-nio-8080-exec-2] DEBUG c.z.t.m.SysRoleMapper.selectList - <==      Total: 1
2026-04-03 22:45:08.499 [http-nio-8080-exec-3] DEBUG c.z.t.m.SysUserMapper.selectList - ==>  Preparing: SELECT id,username,password,real_name,phone,email,student_no,class_name,counselor_id,avatar_url,status,deleted,create_time,update_time FROM sys_user WHERE deleted=0 AND (username = ? AND deleted = ?)
2026-04-03 22:45:08.500 [http-nio-8080-exec-3] DEBUG c.z.t.m.SysUserMapper.selectList - ==> Parameters: student(String), 0(Integer)
2026-04-03 22:45:08.500 [http-nio-8080-exec-3] DEBUG c.z.t.m.SysUserMapper.selectList - <==      Total: 1
2026-04-03 22:45:08.500 [http-nio-8080-exec-3] DEBUG c.z.t.m.SysUserRoleMapper.selectList - ==>  Preparing: SELECT id,user_id,role_id,create_time,update_time FROM sys_user_role WHERE (user_id = ?)
2026-04-03 22:45:08.501 [http-nio-8080-exec-3] DEBUG c.z.t.m.SysUserRoleMapper.selectList - ==> Parameters: 5(Long)
2026-04-03 22:45:08.501 [http-nio-8080-exec-3] DEBUG c.z.t.m.SysUserRoleMapper.selectList - <==      Total: 1
2026-04-03 22:45:08.502 [http-nio-8080-exec-3] DEBUG c.z.t.m.SysRoleMapper.selectList - ==>  Preparing: SELECT id,role_code,role_name,remark,create_time,update_time FROM sys_role WHERE (id IN (?))
2026-04-03 22:45:08.502 [http-nio-8080-exec-3] DEBUG c.z.t.m.SysRoleMapper.selectList - ==> Parameters: 3(Long)
2026-04-03 22:45:08.502 [http-nio-8080-exec-3] DEBUG c.z.t.m.SysRoleMapper.selectList - <==      Total: 1
2026-04-03 22:45:08.502 [http-nio-8080-exec-3] DEBUG c.z.t.m.SysUserMapper.selectById - ==>  Preparing: SELECT id,username,password,real_name,phone,email,student_no,class_name,counselor_id,avatar_url,status,deleted,create_time,update_time FROM sys_user WHERE id=? AND deleted=0
2026-04-03 22:45:08.502 [http-nio-8080-exec-3] DEBUG c.z.t.m.SysUserMapper.selectById - ==> Parameters: 5(Long)
2026-04-03 22:45:08.503 [http-nio-8080-exec-3] DEBUG c.z.t.m.SysUserMapper.selectById - <==      Total: 1
2026-04-03 22:45:08.503 [http-nio-8080-exec-3] DEBUG c.z.t.m.SysUserRoleMapper.selectList - ==>  Preparing: SELECT id,user_id,role_id,create_time,update_time FROM sys_user_role WHERE (user_id = ?)
2026-04-03 22:45:08.503 [http-nio-8080-exec-3] DEBUG c.z.t.m.SysUserRoleMapper.selectList - ==> Parameters: 5(Long)
2026-04-03 22:45:08.503 [http-nio-8080-exec-3] DEBUG c.z.t.m.SysUserRoleMapper.selectList - <==      Total: 1
2026-04-03 22:45:08.504 [http-nio-8080-exec-3] DEBUG c.z.t.m.SysRoleMapper.selectList - ==>  Preparing: SELECT id,role_code,role_name,remark,create_time,update_time FROM sys_role WHERE (id IN (?))
2026-04-03 22:45:08.504 [http-nio-8080-exec-3] DEBUG c.z.t.m.SysRoleMapper.selectList - ==> Parameters: 3(Long)
2026-04-03 22:45:08.504 [http-nio-8080-exec-3] DEBUG c.z.t.m.SysRoleMapper.selectList - <==      Total: 1
2026-04-03 22:45:08.505 [http-nio-8080-exec-3] DEBUG c.z.t.m.SysUserRoleMapper.selectList - ==>  Preparing: SELECT id,user_id,role_id,create_time,update_time FROM sys_user_role WHERE (user_id = ?)
2026-04-03 22:45:08.505 [http-nio-8080-exec-3] DEBUG c.z.t.m.SysUserRoleMapper.selectList - ==> Parameters: 5(Long)
2026-04-03 22:45:08.505 [http-nio-8080-exec-3] DEBUG c.z.t.m.SysUserRoleMapper.selectList - <==      Total: 1
2026-04-03 22:45:08.505 [http-nio-8080-exec-3] DEBUG c.z.t.m.SysRoleMapper.selectList - ==>  Preparing: SELECT id,role_code,role_name,remark,create_time,update_time FROM sys_role WHERE (id IN (?))
2026-04-03 22:45:08.505 [http-nio-8080-exec-3] DEBUG c.z.t.m.SysRoleMapper.selectList - ==> Parameters: 3(Long)
2026-04-03 22:45:08.506 [http-nio-8080-exec-3] DEBUG c.z.t.m.SysRoleMapper.selectList - <==      Total: 1
